{
	"credit": "Made by MadstonMagic, using Cubik Pro & Blockbench",
	"textures": {
		"texture": "guns/waltherpp/waltherpp"
	},
	"elements": [
		{
			"from": [2.5, 10.5, 6.5],
			"to": [12.625, 11.875, 9.5],
			"faces": {
				"north": {"uv": [1, 1.5, 3.5, 3.5], "texture": "#texture"},
				"south": {"uv": [1, 1, 3.5, 3.5], "texture": "#texture"},
				"west": {"uv": [1, 1.5, 3, 4], "texture": "#texture"},
				"up": {"uv": [1, 1, 3, 4], "texture": "#texture"},
				"down": {"uv": [1, 1, 4, 3.5], "texture": "#texture"}
			}
		},
		{
			"name": "barrel",
			"from": [-0.5, 11.875, 6.625],
			"to": [16.5, 12, 7.75],
			"faces": {
				"north": {"uv": [1.5, 6.875, 4, 8.875], "texture": "#texture"},
				"east": {"uv": [1, 1.5, 3, 4], "texture": "#texture"},
				"south": {"uv": [1.5, 6.375, 4, 8.875], "texture": "#texture"},
				"west": {"uv": [1, 1.5, 3, 4], "texture": "#texture"},
				"up": {"uv": [1, 1, 3, 4], "texture": "#texture"},
				"down": {"uv": [1, 1, 4, 3.5], "texture": "#texture"}
			}
		},
		{
			"from": [10, 10, 6.5],
			"to": [15.25, 10.5, 9.5],
			"faces": {
				"north": {"uv": [1, 1.5, 3.5, 3.5], "texture": "#texture"},
				"east": {"uv": [1, 1.5, 3, 4], "texture": "#texture"},
				"south": {"uv": [1, 1, 3.5, 3.5], "texture": "#texture"},
				"west": {"uv": [1, 1.5, 3, 4], "texture": "#texture"},
				"up": {"uv": [1, 1, 3, 4], "texture": "#texture"},
				"down": {"uv": [1, 1, 4, 3.5], "texture": "#texture"}
			}
		},
		{
			"from": [3, 9.625, 7],
			"to": [11.75, 11.25, 9],
			"faces": {
				"north": {"uv": [1, 1.5, 3.5, 3.5], "texture": "#texture"},
				"south": {"uv": [1, 1, 3.5, 3.5], "texture": "#texture"},
				"west": {"uv": [1, 1.5, 3, 4], "texture": "#texture"},
				"down": {"uv": [1, 1, 4, 3.5], "texture": "#texture"}
			}
		},
		{
			"from": [2.5, 10.295, 9],
			"to": [12.5, 11, 9.705],
			"rotation": {"angle": 45, "axis": "x", "origin": [2.5, 11, 9]},
			"faces": {
				"east": {"uv": [1, 1.5, 3, 4], "texture": "#texture"},
				"south": {"uv": [1, 1, 3.5, 3.5], "texture": "#texture"},
				"west": {"uv": [1, 1.5, 3, 4], "texture": "#texture"},
				"down": {"uv": [1, 1, 4, 3.5], "texture": "#texture"}
			}
		},
		{
			"from": [2.5, 9.795, 6.5],
			"to": [12.5, 10.5, 7.205],
			"rotation": {"angle": -45, "axis": "x", "origin": [2.5, 10.5, 6.5]},
			"faces": {
				"north": {"uv": [1, 1.5, 3.5, 3.5], "texture": "#texture"},
				"east": {"uv": [1, 1.5, 3, 4], "texture": "#texture"},
				"west": {"uv": [1, 1.5, 3, 4], "texture": "#texture"},
				"down": {"uv": [1, 1, 4, 3.5], "texture": "#texture"}
			}
		},
		{
			"from": [9.5, 9.795, 6.5],
			"to": [10.205, 10.5, 9.5],
			"rotation": {"angle": 45, "axis": "z", "origin": [9.5, 10.5, 6.5]},
			"faces": {
				"north": {"uv": [1, 1.5, 3.5, 3.5], "texture": "#texture"},
				"south": {"uv": [1, 1, 3.5, 3.5], "texture": "#texture"},
				"west": {"uv": [1, 1.5, 3, 4], "texture": "#texture"},
				"down": {"uv": [1, 1, 4, 3.5], "texture": "#texture"}
			}
		},
		{
			"from": [10.25, 0.1875, 6.75],
			"to": [14.5, 10, 9.25],
			"rotation": {"angle": 22.5, "axis": "z", "origin": [10.25, 10, 6.75]},
			"faces": {
				"north": {"uv": [1, 1.5, 3.5, 3.5], "texture": "#texture"},
				"east": {"uv": [1, 1.5, 3, 4], "texture": "#texture"},
				"south": {"uv": [1, 1, 3.5, 3.5], "texture": "#texture"},
				"west": {"uv": [1, 1.5, 3, 4], "texture": "#texture"},
				"down": {"uv": [1, 1, 4, 3.5], "texture": "#texture"}
			}
		},
		{
			"from": [11.25, 8.5, 6.5],
			"to": [14, 10, 9.5],
			"faces": {
				"north": {"uv": [11, 7, 13.5, 9], "texture": "#texture"},
				"south": {"uv": [11.5, 6, 14, 8.5], "texture": "#texture"},
				"west": {"uv": [11, 6, 13, 8.5], "texture": "#texture"}
			}
		},
		{
			"from": [15.25, 10, 6.75],
			"to": [17.5, 11.25, 9.25],
			"faces": {
				"north": {"uv": [1, 1.5, 3.5, 3.5], "texture": "#texture"},
				"east": {"uv": [1, 1.5, 3, 4], "texture": "#texture"},
				"south": {"uv": [1, 1, 3.5, 3.5], "texture": "#texture"},
				"up": {"uv": [1, 1, 3, 4], "texture": "#texture"},
				"down": {"uv": [1, 1, 4, 3.5], "texture": "#texture"}
			}
		},
		{
			"from": [14.5725, 8.8725, 6.75],
			"to": [17.3225, 9.8725, 9.25],
			"rotation": {"angle": 22.5, "axis": "z", "origin": [14.5725, 9.8725, 6.75]},
			"faces": {
				"north": {"uv": [1, 1.5, 3.5, 3.5], "texture": "#texture"},
				"south": {"uv": [1, 1, 3.5, 3.5], "texture": "#texture"},
				"down": {"uv": [1, 1, 4, 3.5], "texture": "#texture"}
			}
		},
		{
			"from": [16, 8.75, 6.75],
			"to": [17.25, 10.75, 9.25],
			"rotation": {"angle": -45, "axis": "z", "origin": [16, 10.75, 6.75]},
			"faces": {
				"north": {"uv": [1, 1.5, 3.5, 3.5], "texture": "#texture"},
				"east": {"uv": [1, 1.5, 3, 4], "texture": "#texture"},
				"south": {"uv": [1, 1, 3.5, 3.5], "texture": "#texture"}
			}
		},
		{
			"from": [14.75, 7, 6.75],
			"to": [15.75, 9.75, 9.25],
			"faces": {
				"north": {"uv": [1, 1.5, 3.5, 3.5], "texture": "#texture"},
				"east": {"uv": [1, 1.5, 3, 4], "texture": "#texture"},
				"south": {"uv": [1, 1, 3.5, 3.5], "texture": "#texture"}
			}
		},
		{
			"from": [11.25, 1, 6.5],
			"to": [13.75, 8.5, 9.5],
			"rotation": {"angle": 22.5, "axis": "z", "origin": [11.25, 8.5, 6.5]},
			"faces": {
				"north": {"uv": [11, 7, 13.5, 9], "texture": "#texture"},
				"east": {"uv": [11.75, 6.25, 13.75, 8.75], "texture": "#texture"},
				"south": {"uv": [11.5, 6, 14, 8.5], "texture": "#texture"},
				"west": {"uv": [11, 6, 13, 8.5], "texture": "#texture"},
				"down": {"uv": [11, 6.25, 14, 8.75], "texture": "#texture"}
			}
		},
		{
			"from": [13.25, 5.5625, 6.5],
			"to": [14.75, 9.0625, 9.5],
			"rotation": {"angle": 22.5, "axis": "z", "origin": [13.25, 9.0625, 6.5]},
			"faces": {
				"north": {"uv": [11, 7, 13.5, 9], "texture": "#texture"},
				"east": {"uv": [11.75, 6.25, 13.75, 8.75], "texture": "#texture"},
				"south": {"uv": [11.5, 6, 14, 8.5], "texture": "#texture"},
				"down": {"uv": [11, 6.25, 14, 8.75], "texture": "#texture"}
			}
		},
		{
			"from": [14, 7.75, 6.5],
			"to": [15.25, 10, 9.5],
			"faces": {
				"north": {"uv": [11, 7, 13.5, 9], "texture": "#texture"},
				"east": {"uv": [11.75, 6.25, 13.75, 8.75], "texture": "#texture"},
				"south": {"uv": [11.5, 6, 14, 8.5], "texture": "#texture"}
			}
		},
		{
			"from": [14.25, 0.75, 6.75],
			"to": [18, 2.5, 9.25],
			"faces": {
				"north": {"uv": [1, 1.5, 3.5, 3.5], "texture": "#texture"},
				"east": {"uv": [1, 1.5, 3, 4], "texture": "#texture"},
				"south": {"uv": [1, 1, 3.5, 3.5], "texture": "#texture"},
				"west": {"uv": [1, 1.5, 3, 4], "texture": "#texture"},
				"up": {"uv": [1, 1, 3, 4], "texture": "#texture"},
				"down": {"uv": [1, 1, 4, 3.5], "texture": "#texture"}
			}
		},
		{
			"from": [17.5, 2.295, 6.75],
			"to": [18.205, 3, 9.25],
			"rotation": {"angle": -45, "axis": "z", "origin": [17.5, 3, 6.75]},
			"faces": {
				"north": {"uv": [1, 1.5, 3.5, 3.5], "texture": "#texture"},
				"east": {"uv": [1, 1.5, 3, 4], "texture": "#texture"},
				"south": {"uv": [1, 1, 3.5, 3.5], "texture": "#texture"},
				"up": {"uv": [1, 1, 3, 4], "texture": "#texture"}
			}
		},
		{
			"from": [18, 1.97, 6.75],
			"to": [18.53, 2.5, 9.25],
			"rotation": {"angle": -45, "axis": "z", "origin": [18, 2.5, 6.75]},
			"faces": {
				"north": {"uv": [1, 1.5, 3.5, 3.5], "texture": "#texture"},
				"east": {"uv": [1, 1.5, 3, 4], "texture": "#texture"},
				"south": {"uv": [1, 1, 3.5, 3.5], "texture": "#texture"},
				"up": {"uv": [1, 1, 3, 4], "texture": "#texture"}
			}
		},
		{
			"from": [18, 0.97, 6.75],
			"to": [18.53, 1.5, 9.25],
			"rotation": {"angle": -45, "axis": "z", "origin": [18, 1.5, 6.75]},
			"faces": {
				"north": {"uv": [1, 1.5, 3.5, 3.5], "texture": "#texture"},
				"east": {"uv": [1, 1.5, 3, 4], "texture": "#texture"},
				"south": {"uv": [1, 1, 3.5, 3.5], "texture": "#texture"}
			}
		},
		{
			"from": [17.875, 1.125, 6.75],
			"to": [18.375, 2.125, 9.25],
			"faces": {
				"north": {"uv": [1, 1.5, 3.5, 3.5], "texture": "#texture"},
				"east": {"uv": [1, 1.5, 3, 4], "texture": "#texture"},
				"south": {"uv": [1, 1, 3.5, 3.5], "texture": "#texture"},
				"up": {"uv": [1, 1, 3, 4], "texture": "#texture"},
				"down": {"uv": [1, 1, 4, 3.5], "texture": "#texture"}
			}
		},
		{
			"from": [13.75, 0.545, 6.75],
			"to": [14.455, 1.25, 9.25],
			"rotation": {"angle": 45, "axis": "z", "origin": [13.75, 1.25, 6.75]},
			"faces": {
				"north": {"uv": [1, 1.5, 3.5, 3.5], "texture": "#texture"},
				"south": {"uv": [1, 1, 3.5, 3.5], "texture": "#texture"},
				"west": {"uv": [1, 1.5, 3, 4], "texture": "#texture"},
				"down": {"uv": [1, 1, 4, 3.5], "texture": "#texture"}
			}
		},
		{
			"from": [13.75, 1.25, 6.75],
			"to": [14.5, 2.5, 9.25],
			"faces": {
				"north": {"uv": [1, 1.5, 3.5, 3.5], "texture": "#texture"},
				"south": {"uv": [1, 1, 3.5, 3.5], "texture": "#texture"},
				"west": {"uv": [1, 1.5, 3, 4], "texture": "#texture"}
			}
		},
		{
			"from": [9.75, 7.25, 6.75],
			"to": [11.5, 10, 9.25],
			"faces": {
				"north": {"uv": [1, 1.5, 3.5, 3.5], "texture": "#texture"},
				"south": {"uv": [1, 1, 3.5, 3.5], "texture": "#texture"},
				"west": {"uv": [1, 1.5, 3, 4], "texture": "#texture"},
				"down": {"uv": [1, 1, 4, 3.5], "texture": "#texture"}
			}
		},
		{
			"from": [10.0625, 7.1875, 6.75],
			"to": [13.8125, 7.9375, 9.25],
			"rotation": {"angle": -22.5, "axis": "z", "origin": [10.0625, 7.9375, 6.75]},
			"faces": {
				"north": {"uv": [1, 1.5, 3.5, 3.5], "texture": "#texture"},
				"south": {"uv": [1, 1, 3.5, 3.5], "texture": "#texture"},
				"west": {"uv": [1, 1.5, 3, 4], "texture": "#texture"},
				"down": {"uv": [1, 1, 4, 3.5], "texture": "#texture"}
			}
		},
		{
			"from": [11.75, 6.5, 6.75],
			"to": [14.25, 7.5, 9.25],
			"rotation": {"angle": -45, "axis": "z", "origin": [11.75, 7.5, 6.75]},
			"faces": {
				"north": {"uv": [1, 1.5, 3.5, 3.5], "texture": "#texture"},
				"south": {"uv": [1, 1, 3.5, 3.5], "texture": "#texture"},
				"down": {"uv": [1, 1, 4, 3.5], "texture": "#texture"}
			}
		},
		{
			"from": [9, 9.19, 6.75],
			"to": [10.06, 10.25, 9.25],
			"rotation": {"angle": 45, "axis": "z", "origin": [9, 10.25, 6.75]},
			"faces": {
				"north": {"uv": [1, 1.5, 3.5, 3.5], "texture": "#texture"},
				"south": {"uv": [1, 1, 3.5, 3.5], "texture": "#texture"},
				"west": {"uv": [1, 1.5, 3, 4], "texture": "#texture"},
				"up": {"uv": [1, 1, 3, 4], "texture": "#texture"}
			}
		},
		{
			"from": [16, 11.69, 6.75],
			"to": [18.125, 12.75, 7.75],
			"rotation": {"angle": -45, "axis": "z", "origin": [16, 12.75, 6.75]},
			"faces": {
				"north": {"uv": [1, 1.5, 3.5, 3.5], "texture": "#texture"},
				"east": {"uv": [1, 1.5, 3, 4], "texture": "#texture"},
				"south": {"uv": [1, 1, 3.5, 3.5], "texture": "#texture"},
				"up": {"uv": [1, 1, 3, 4], "texture": "#texture"}
			}
		},
		{
			"from": [16, 11.69, 8.25],
			"to": [18.125, 12.75, 9.25],
			"rotation": {"angle": -45, "axis": "z", "origin": [16, 12.75, 8.25]},
			"faces": {
				"north": {"uv": [1, 1.5, 3.5, 3.5], "texture": "#texture"},
				"east": {"uv": [1, 1.5, 3, 4], "texture": "#texture"},
				"south": {"uv": [1, 1, 3.5, 3.5], "texture": "#texture"},
				"up": {"uv": [1, 1, 3, 4], "texture": "#texture"},
				"down": {"uv": [1, 1, 4, 3.5], "texture": "#texture"}
			}
		},
		{
			"from": [16.75, 10.94, 7.75],
			"to": [17.81, 12, 8.25],
			"rotation": {"angle": -45, "axis": "z", "origin": [16.75, 12, 7.75]},
			"faces": {
				"east": {"uv": [1, 1.5, 3, 4], "texture": "#texture"},
				"west": {"uv": [1, 1.5, 3, 4], "texture": "#texture"},
				"up": {"uv": [1, 1, 3, 4], "texture": "#texture"}
			}
		},
		{
			"from": [16, 11.44, 7.75],
			"to": [17.06, 12.5, 8.25],
			"rotation": {"angle": -45, "axis": "z", "origin": [16, 12.5, 7.75]},
			"faces": {
				"north": {"uv": [1.25, 6.75, 3.75, 8.75], "texture": "#texture"},
				"south": {"uv": [1.5, 5.5, 4, 8], "texture": "#texture"},
				"west": {"uv": [1, 7.25, 3, 9.75], "texture": "#texture"},
				"up": {"uv": [1.5, 6.75, 3.5, 9.75], "texture": "#texture"}
			}
		},
		{
			"from": [15.5, 11.44, 7.75],
			"to": [16.56, 12.5, 8.25],
			"rotation": {"angle": 45, "axis": "z", "origin": [15.5, 12.5, 7.75]},
			"faces": {
				"north": {"uv": [1, 1.5, 3.5, 3.5], "texture": "#texture"},
				"east": {"uv": [1, 1.5, 3, 4], "texture": "#texture"},
				"south": {"uv": [1, 1, 3.5, 3.5], "texture": "#texture"},
				"west": {"uv": [1, 1.5, 3, 4], "texture": "#texture"},
				"up": {"uv": [1, 1, 3, 4], "texture": "#texture"},
				"down": {"uv": [1, 1, 4, 3.5], "texture": "#texture"}
			}
		},
		{
			"from": [16.25, 12.895, 7.75],
			"to": [16.605, 13.25, 8.25],
			"rotation": {"angle": 45, "axis": "z", "origin": [16.25, 13.25, 7.75]},
			"faces": {
				"north": {"uv": [1, 1.5, 3.5, 3.5], "texture": "#texture"},
				"east": {"uv": [1, 1.5, 3, 4], "texture": "#texture"},
				"south": {"uv": [1, 1, 3.5, 3.5], "texture": "#texture"},
				"west": {"uv": [1, 1.5, 3, 4], "texture": "#texture"},
				"up": {"uv": [1, 1, 3, 4], "texture": "#texture"},
				"down": {"uv": [1, 1, 4, 3.5], "texture": "#texture"}
			}
		},
		{
			"from": [16.75, 12.395, 7.75],
			"to": [17.105, 12.75, 8.25],
			"rotation": {"angle": 45, "axis": "z", "origin": [16.75, 12.75, 7.75]},
			"faces": {
				"north": {"uv": [1, 1.5, 3.5, 3.5], "texture": "#texture"},
				"east": {"uv": [1, 1.5, 3, 4], "texture": "#texture"},
				"south": {"uv": [1, 1, 3.5, 3.5], "texture": "#texture"},
				"west": {"uv": [1, 1.5, 3, 4], "texture": "#texture"},
				"up": {"uv": [1, 1, 3, 4], "texture": "#texture"},
				"down": {"uv": [1, 1, 4, 3.5], "texture": "#texture"}
			}
		},
		{
			"from": [17, 13.125, 7.75],
			"to": [17.355, 13.5, 8.25],
			"rotation": {"angle": -45, "axis": "z", "origin": [17, 13.5, 7.75]},
			"faces": {
				"north": {"uv": [1, 1.5, 3.5, 3.5], "texture": "#texture"},
				"east": {"uv": [1, 1.5, 3, 4], "texture": "#texture"},
				"south": {"uv": [1, 1, 3.5, 3.5], "texture": "#texture"},
				"up": {"uv": [1, 1, 3, 4], "texture": "#texture"},
				"down": {"uv": [1, 1, 4, 3.5], "texture": "#texture"}
			}
		},
		{
			"from": [16.5, 13.25, 7.75],
			"to": [17, 13.5, 8.25],
			"faces": {
				"north": {"uv": [1, 1.5, 3.5, 3.5], "texture": "#texture"},
				"south": {"uv": [1, 1, 3.5, 3.5], "texture": "#texture"},
				"up": {"uv": [1, 1, 3, 4], "texture": "#texture"}
			}
		},
		{
			"from": [17, 12.75, 7.75],
			"to": [17.25, 13.25, 8.25],
			"faces": {
				"north": {"uv": [1, 1.5, 3.5, 3.5], "texture": "#texture"},
				"east": {"uv": [1, 1.5, 3, 4], "texture": "#texture"},
				"south": {"uv": [1, 1, 3.5, 3.5], "texture": "#texture"}
			}
		},
		{
			"from": [16.625, 12.5625, 7.75],
			"to": [16.875, 12.8125, 8.25],
			"faces": {
				"north": {"uv": [1, 1.5, 3.5, 3.5], "texture": "#texture"},
				"east": {"uv": [1, 1.5, 3, 4], "texture": "#texture"},
				"south": {"uv": [1, 1, 3.5, 3.5], "texture": "#texture"},
				"up": {"uv": [1, 1, 3, 4], "texture": "#texture"}
			}
		},
		{
			"from": [16.9375, 12.875, 7.75],
			"to": [17.1875, 13.125, 8.25],
			"faces": {
				"north": {"uv": [1, 1.5, 3.5, 3.5], "texture": "#texture"},
				"south": {"uv": [1, 1, 3.5, 3.5], "texture": "#texture"},
				"west": {"uv": [1, 1.5, 3, 4], "texture": "#texture"}
			}
		},
		{
			"from": [16.625, 13.1875, 7.75],
			"to": [16.875, 13.4375, 8.25],
			"faces": {
				"north": {"uv": [1, 1.5, 3.5, 3.5], "texture": "#texture"},
				"south": {"uv": [1, 1, 3.5, 3.5], "texture": "#texture"},
				"down": {"uv": [1, 1, 4, 3.5], "texture": "#texture"}
			}
		},
		{
			"from": [16.3125, 12.875, 7.75],
			"to": [16.5625, 13.125, 8.25],
			"faces": {
				"north": {"uv": [1, 1.5, 3.5, 3.5], "texture": "#texture"},
				"east": {"uv": [1, 1.5, 3, 4], "texture": "#texture"},
				"south": {"uv": [1, 1, 3.5, 3.5], "texture": "#texture"},
				"up": {"uv": [1, 1, 3, 4], "texture": "#texture"}
			}
		},
		{
			"from": [-0.5, 10.875, 6.5],
			"to": [2.5, 11.875, 9.5],
			"faces": {
				"north": {"uv": [1, 1.5, 3.5, 3.5], "texture": "#texture"},
				"south": {"uv": [1, 1, 3.5, 3.5], "texture": "#texture"},
				"west": {"uv": [1, 1.5, 3, 4], "texture": "#texture"},
				"up": {"uv": [1, 1, 3, 4], "texture": "#texture"},
				"down": {"uv": [1, 1, 4, 3.5], "texture": "#texture"}
			}
		},
		{
			"name": "barrel*",
			"from": [-0.5, 10.17, 6.5],
			"to": [10.875, 10.875, 7.205],
			"rotation": {"angle": -45, "axis": "x", "origin": [-0.5, 10.875, 6.5]},
			"faces": {
				"north": {"uv": [1, 1.5, 3.5, 3.5], "texture": "#texture"},
				"east": {"uv": [1, 1.5, 3, 4], "texture": "#texture"},
				"west": {"uv": [1, 1.5, 3, 4], "texture": "#texture"},
				"down": {"uv": [1, 1, 4, 3.5], "texture": "#texture"}
			}
		},
		{
			"name": "barrel*",
			"from": [-0.5, 10.67, 9],
			"to": [12, 11.375, 9.705],
			"rotation": {"angle": 45, "axis": "x", "origin": [-0.5, 11.375, 9]},
			"faces": {
				"east": {"uv": [1, 1.5, 3, 4], "texture": "#texture"},
				"south": {"uv": [1, 1, 3.5, 3.5], "texture": "#texture"},
				"west": {"uv": [1, 1.5, 3, 4], "texture": "#texture"},
				"down": {"uv": [1, 1, 4, 3.5], "texture": "#texture"}
			}
		},
		{
			"name": "barrel*",
			"from": [-0.5, 10.3175, 7.2875],
			"to": [16.5, 11.0675, 8.0375],
			"rotation": {"angle": 22.5, "axis": "x", "origin": [-0.5, 11.0675, 7.2875]},
			"faces": {
				"north": {"uv": [1, 1.5, 3.5, 3.5], "texture": "#texture"},
				"east": {"uv": [1, 1.5, 3, 4], "texture": "#texture"},
				"west": {"uv": [1, 1.5, 3, 4], "texture": "#texture"},
				"down": {"uv": [1, 1, 4, 3.5], "texture": "#texture"}
			}
		},
		{
			"name": "barrel*",
			"from": [-0.5, 10.03, 8.02],
			"to": [16.5, 10.78, 8.77],
			"rotation": {"angle": -22.5, "axis": "x", "origin": [-0.5, 10.78, 8.02]},
			"faces": {
				"east": {"uv": [1, 1.5, 3, 4], "texture": "#texture"},
				"south": {"uv": [1, 1, 3.5, 3.5], "texture": "#texture"},
				"west": {"uv": [1, 1.5, 3, 4], "texture": "#texture"},
				"down": {"uv": [1, 1, 4, 3.5], "texture": "#texture"}
			}
		},
		{
			"name": "barrel_inner",
			"from": [-0.875, 13, 7.75],
			"to": [15, 13.25, 8.25],
			"faces": {
				"north": {"uv": [6.125, 2.375, 9.125, 3.5], "texture": "#texture"},
				"east": {"uv": [6, 1.125, 9, 3.375], "texture": "#texture"},
				"south": {"uv": [6.5, 2.625, 8.125, 4.5], "texture": "#texture"},
				"west": {"uv": [6.25, 1.25, 8.5, 3.375], "texture": "#texture"},
				"up": {"uv": [5.875, 1.625, 8.875, 3.5], "texture": "#texture"},
				"down": {"uv": [6.25, 0.875, 9.875, 3.5], "texture": "#texture"}
			}
		},
		{
			"name": "barrel_inner",
			"from": [-0.875, 11.75, 7.75],
			"to": [15, 12, 8.25],
			"faces": {
				"north": {"uv": [6.125, 2.375, 9.125, 3.5], "texture": "#texture"},
				"east": {"uv": [6, 1.125, 9, 3.375], "texture": "#texture"},
				"south": {"uv": [6.5, 2.625, 8.125, 4.5], "texture": "#texture"},
				"west": {"uv": [6.25, 1.25, 8.5, 3.375], "texture": "#texture"},
				"up": {"uv": [5.875, 1.625, 8.875, 3.5], "texture": "#texture"},
				"down": {"uv": [6.25, 0.875, 9.875, 3.5], "texture": "#texture"}
			}
		},
		{
			"name": "barrel_inner",
			"from": [-0.875, 12.25, 7.25],
			"to": [15, 12.75, 7.5],
			"faces": {
				"north": {"uv": [6.125, 2.375, 9.125, 3.5], "texture": "#texture"},
				"south": {"uv": [6.5, 2.625, 8.125, 4.5], "texture": "#texture"},
				"west": {"uv": [6.25, 1.25, 8.5, 3.375], "texture": "#texture"},
				"up": {"uv": [5.875, 1.625, 8.875, 3.5], "texture": "#texture"},
				"down": {"uv": [6.25, 0.875, 9.875, 3.5], "texture": "#texture"}
			}
		},
		{
			"name": "barrel_inner",
			"from": [-0.875, 12.25, 8.5],
			"to": [15, 12.75, 8.75],
			"faces": {
				"north": {"uv": [6.125, 2.375, 9.125, 3.5], "texture": "#texture"},
				"south": {"uv": [6.5, 2.625, 8.125, 4.5], "texture": "#texture"},
				"west": {"uv": [6.25, 1.25, 8.5, 3.375], "texture": "#texture"},
				"up": {"uv": [5.875, 1.625, 8.875, 3.5], "texture": "#texture"},
				"down": {"uv": [6.25, 0.875, 9.875, 3.5], "texture": "#texture"}
			}
		},
		{
			"name": "barrel_inner",
			"from": [-0.875, 12.575, 7.25],
			"to": [15, 12.75, 7.955],
			"rotation": {"angle": -45, "axis": "x", "origin": [-0.875, 12.75, 7.25]},
			"faces": {
				"east": {"uv": [6, 1.125, 9, 3.375], "texture": "#texture"},
				"south": {"uv": [6.5, 2.625, 8.125, 4.5], "texture": "#texture"},
				"west": {"uv": [6.25, 1.25, 8.5, 3.375], "texture": "#texture"},
				"up": {"uv": [5.875, 1.625, 8.875, 3.5], "texture": "#texture"},
				"down": {"uv": [6.25, 0.875, 9.875, 3.5], "texture": "#texture"}
			}
		},
		{
			"name": "barrel_inner",
			"from": [-0.875, 13.075, 8.25],
			"to": [15, 13.25, 8.955],
			"rotation": {"angle": 45, "axis": "x", "origin": [-0.875, 13.25, 8.25]},
			"faces": {
				"east": {"uv": [6, 1.125, 9, 3.375], "texture": "#texture"},
				"south": {"uv": [6.5, 2.625, 8.125, 4.5], "texture": "#texture"},
				"west": {"uv": [6.25, 1.25, 8.5, 3.375], "texture": "#texture"},
				"up": {"uv": [5.875, 1.625, 8.875, 3.5], "texture": "#texture"},
				"down": {"uv": [6.25, 0.875, 9.875, 3.5], "texture": "#texture"}
			}
		},
		{
			"name": "barrel_inner",
			"from": [-0.875, 11.7, 8.125],
			"to": [15, 11.875, 8.83],
			"rotation": {"angle": -45, "axis": "x", "origin": [-0.875, 11.875, 8.125]},
			"faces": {
				"east": {"uv": [6, 1.125, 9, 3.375], "texture": "#texture"},
				"south": {"uv": [6.5, 2.625, 8.125, 4.5], "texture": "#texture"},
				"west": {"uv": [6.25, 1.25, 8.5, 3.375], "texture": "#texture"},
				"up": {"uv": [5.875, 1.625, 8.875, 3.5], "texture": "#texture"},
				"down": {"uv": [6.25, 0.875, 9.875, 3.5], "texture": "#texture"}
			}
		},
		{
			"name": "barrel_inner",
			"from": [-0.875, 12.2, 7.375],
			"to": [15, 12.375, 8.08],
			"rotation": {"angle": 45, "axis": "x", "origin": [-0.875, 12.375, 7.375]},
			"faces": {
				"east": {"uv": [6, 1.125, 9, 3.375], "texture": "#texture"},
				"south": {"uv": [6.5, 2.625, 8.125, 4.5], "texture": "#texture"},
				"west": {"uv": [6.25, 1.25, 8.5, 3.375], "texture": "#texture"},
				"up": {"uv": [5.875, 1.625, 8.875, 3.5], "texture": "#texture"},
				"down": {"uv": [6.25, 0.875, 9.875, 3.5], "texture": "#texture"}
			}
		},
		{
			"name": "barrel*",
			"from": [-0.5, 10.085, 7.6875],
			"to": [16.5, 11.0225, 8.3125],
			"faces": {
				"north": {"uv": [1, 1.5, 3.5, 3.5], "texture": "#texture"},
				"south": {"uv": [1, 1, 3.5, 3.5], "texture": "#texture"},
				"west": {"uv": [1, 1.5, 3, 4], "texture": "#texture"},
				"down": {"uv": [1, 1, 4, 3.5], "texture": "#texture"}
			}
		},
		{
			"from": [2, 10.295, 6.5],
			"to": [2.705, 11, 9.5],
			"rotation": {"angle": 45, "axis": "z", "origin": [2, 11, 6.5]},
			"faces": {
				"north": {"uv": [1, 1.5, 3.5, 3.5], "texture": "#texture"},
				"south": {"uv": [1, 1, 3.5, 3.5], "texture": "#texture"},
				"west": {"uv": [1, 1.5, 3, 4], "texture": "#texture"},
				"down": {"uv": [1, 1, 4, 3.5], "texture": "#texture"}
			}
		},
		{
			"from": [-0.0625, 11, 7],
			"to": [3.6875, 12, 9],
			"rotation": {"angle": -22.5, "axis": "z", "origin": [-0.0625, 12, 7]},
			"faces": {
				"north": {"uv": [1, 1.5, 3.5, 3.5], "texture": "#texture"},
				"south": {"uv": [1, 1, 3.5, 3.5], "texture": "#texture"},
				"west": {"uv": [1, 1.5, 3, 4], "texture": "#texture"},
				"up": {"uv": [1, 1, 3, 4], "texture": "#texture"},
				"down": {"uv": [1, 1, 4, 3.5], "texture": "#texture"}
			}
		},
		{
			"from": [15.875, 10.5, 6.5],
			"to": [16.75, 11.375, 9.5],
			"faces": {
				"north": {"uv": [1, 1.5, 3.5, 3.5], "texture": "#texture"},
				"east": {"uv": [1, 1.5, 3, 4], "texture": "#texture"},
				"south": {"uv": [1, 1, 3.5, 3.5], "texture": "#texture"},
				"up": {"uv": [1, 1, 3, 4], "texture": "#texture"},
				"down": {"uv": [1, 1, 4, 3.5], "texture": "#texture"}
			}
		},
		{
			"from": [16.25, 11.17, 6.5],
			"to": [16.955, 11.875, 9.5],
			"rotation": {"angle": -45, "axis": "z", "origin": [16.25, 11.875, 6.5]},
			"faces": {
				"north": {"uv": [1, 1.5, 3.5, 3.5], "texture": "#texture"},
				"east": {"uv": [1, 1.5, 3, 4], "texture": "#texture"},
				"south": {"uv": [1, 1, 3.5, 3.5], "texture": "#texture"},
				"up": {"uv": [1, 1, 3, 4], "texture": "#texture"}
			}
		},
		{
			"from": [15.25, 10.295, 6.5],
			"to": [15.955, 11, 9.5],
			"rotation": {"angle": -45, "axis": "z", "origin": [15.25, 11, 6.5]},
			"faces": {
				"north": {"uv": [1, 1.5, 3.5, 3.5], "texture": "#texture"},
				"east": {"uv": [1, 1.5, 3, 4], "texture": "#texture"},
				"south": {"uv": [1, 1, 3.5, 3.5], "texture": "#texture"},
				"west": {"uv": [1, 1.5, 3, 4], "texture": "#texture"},
				"down": {"uv": [1, 1, 4, 3.5], "texture": "#texture"}
			}
		},
		{
			"from": [15.25, 10.5, 6.5],
			"to": [16.25, 11.875, 9.5],
			"faces": {
				"north": {"uv": [1, 1.5, 3.5, 3.5], "texture": "#texture"},
				"south": {"uv": [1, 1, 3.5, 3.5], "texture": "#texture"},
				"up": {"uv": [1, 1, 3, 4], "texture": "#texture"},
				"down": {"uv": [1, 1, 4, 3.5], "texture": "#texture"}
			}
		},
		{
			"from": [12.5, 10.375, 6.625],
			"to": [15.25, 11.875, 9.375],
			"faces": {
				"north": {"uv": [1, 1.5, 3.5, 3.5], "texture": "#texture"},
				"south": {"uv": [1, 1, 3.5, 3.5], "texture": "#texture"},
				"up": {"uv": [1, 1, 3, 4], "texture": "#texture"}
			}
		},
		{
			"from": [12.625, 10.5, 6.5],
			"to": [12.75, 11.875, 9.5],
			"faces": {
				"north": {"uv": [1.375, 6.625, 3.875, 8.625], "texture": "#texture"},
				"east": {"uv": [1.5, 6.25, 3.5, 8.75], "texture": "#texture"},
				"south": {"uv": [1.25, 5.875, 3.75, 8.375], "texture": "#texture"},
				"up": {"uv": [0.75, 5.875, 3.25, 8.375], "texture": "#texture"}
			}
		},
		{
			"from": [12.875, 10.5, 6.5],
			"to": [13, 11.875, 9.5],
			"faces": {
				"north": {"uv": [1.375, 6.625, 3.875, 8.625], "texture": "#texture"},
				"east": {"uv": [1.5, 6.25, 3.5, 8.75], "texture": "#texture"},
				"south": {"uv": [1.25, 5.875, 3.75, 8.375], "texture": "#texture"},
				"west": {"uv": [1.625, 6.125, 3.625, 8.625], "texture": "#texture"},
				"up": {"uv": [0.75, 5.875, 3.25, 8.375], "texture": "#texture"}
			}
		},
		{
			"from": [13.125, 10.5, 6.5],
			"to": [13.25, 11.875, 9.5],
			"faces": {
				"north": {"uv": [1.375, 6.625, 3.875, 8.625], "texture": "#texture"},
				"east": {"uv": [1.5, 6.25, 3.5, 8.75], "texture": "#texture"},
				"south": {"uv": [1.25, 5.875, 3.75, 8.375], "texture": "#texture"},
				"west": {"uv": [1.625, 6.125, 3.625, 8.625], "texture": "#texture"},
				"up": {"uv": [0.75, 5.875, 3.25, 8.375], "texture": "#texture"}
			}
		},
		{
			"from": [13.375, 10.5, 8.5],
			"to": [13.5, 11.5, 9.5],
			"faces": {
				"east": {"uv": [1.5, 6.25, 3.5, 8.75], "texture": "#texture"},
				"south": {"uv": [1.25, 5.875, 3.75, 8.375], "texture": "#texture"},
				"west": {"uv": [1.625, 6.125, 3.625, 8.625], "texture": "#texture"}
			}
		},
		{
			"from": [13.625, 10.5, 8.5],
			"to": [13.75, 11.125, 9.5],
			"faces": {
				"east": {"uv": [1.5, 6.25, 3.5, 8.75], "texture": "#texture"},
				"south": {"uv": [1.25, 5.875, 3.75, 8.375], "texture": "#texture"},
				"west": {"uv": [1.625, 6.125, 3.625, 8.625], "texture": "#texture"}
			}
		},
		{
			"from": [13.875, 10.5, 8.5],
			"to": [14, 10.875, 9.5],
			"faces": {
				"east": {"uv": [1.5, 6.25, 3.5, 8.75], "texture": "#texture"},
				"south": {"uv": [1.25, 5.875, 3.75, 8.375], "texture": "#texture"},
				"west": {"uv": [1.625, 6.125, 3.625, 8.625], "texture": "#texture"}
			}
		},
		{
			"from": [14.125, 10.5, 8.5],
			"to": [14.25, 11.125, 9.5],
			"faces": {
				"east": {"uv": [1.5, 6.25, 3.5, 8.75], "texture": "#texture"},
				"south": {"uv": [1.25, 5.875, 3.75, 8.375], "texture": "#texture"},
				"west": {"uv": [1.625, 6.125, 3.625, 8.625], "texture": "#texture"}
			}
		},
		{
			"from": [14.375, 10.5, 8.5],
			"to": [14.5, 11.5, 9.5],
			"faces": {
				"east": {"uv": [1.5, 6.25, 3.5, 8.75], "texture": "#texture"},
				"south": {"uv": [1.25, 5.875, 3.75, 8.375], "texture": "#texture"},
				"west": {"uv": [1.625, 6.125, 3.625, 8.625], "texture": "#texture"}
			}
		},
		{
			"from": [14.625, 10.5, 6.5],
			"to": [14.75, 11.875, 9.5],
			"faces": {
				"north": {"uv": [1.375, 6.625, 3.875, 8.625], "texture": "#texture"},
				"east": {"uv": [1.5, 6.25, 3.5, 8.75], "texture": "#texture"},
				"south": {"uv": [1.25, 5.875, 3.75, 8.375], "texture": "#texture"},
				"west": {"uv": [1.625, 6.125, 3.625, 8.625], "texture": "#texture"},
				"up": {"uv": [0.75, 5.875, 3.25, 8.375], "texture": "#texture"}
			}
		},
		{
			"from": [14.875, 10.75, 6.5],
			"to": [15, 11.875, 9.5],
			"faces": {
				"north": {"uv": [1.375, 6.625, 3.875, 8.625], "texture": "#texture"},
				"east": {"uv": [1.5, 6.25, 3.5, 8.75], "texture": "#texture"},
				"south": {"uv": [1.25, 5.875, 3.75, 8.375], "texture": "#texture"},
				"west": {"uv": [1.625, 6.125, 3.625, 8.625], "texture": "#texture"},
				"up": {"uv": [0.75, 5.875, 3.25, 8.375], "texture": "#texture"},
				"down": {"uv": [1.25, 6.25, 4, 8.625], "texture": "#texture"}
			}
		},
		{
			"from": [15.125, 11, 6.5],
			"to": [15.25, 11.875, 9.5],
			"faces": {
				"north": {"uv": [1.375, 6.625, 3.875, 8.625], "texture": "#texture"},
				"south": {"uv": [1.25, 5.875, 3.75, 8.375], "texture": "#texture"},
				"west": {"uv": [1.625, 6.125, 3.625, 8.625], "texture": "#texture"},
				"up": {"uv": [0.75, 5.875, 3.25, 8.375], "texture": "#texture"},
				"down": {"uv": [1.25, 6.25, 4, 8.625], "texture": "#texture"}
			}
		},
		{
			"from": [15.125, 10.9125, 6.5],
			"to": [15.2125, 11, 9.5],
			"rotation": {"angle": 45, "axis": "z", "origin": [15.125, 11, 6.5]},
			"faces": {
				"north": {"uv": [1.375, 6.625, 3.875, 8.625], "texture": "#texture"},
				"south": {"uv": [1.25, 5.875, 3.75, 8.375], "texture": "#texture"},
				"west": {"uv": [1.625, 6.125, 3.625, 8.625], "texture": "#texture"},
				"down": {"uv": [1.25, 6.25, 4, 8.625], "texture": "#texture"}
			}
		},
		{
			"from": [14.875, 10.6625, 6.5],
			"to": [14.9625, 10.75, 9.5],
			"rotation": {"angle": 45, "axis": "z", "origin": [14.875, 10.75, 6.5]},
			"faces": {
				"north": {"uv": [1.375, 6.625, 3.875, 8.625], "texture": "#texture"},
				"south": {"uv": [1.25, 5.875, 3.75, 8.375], "texture": "#texture"},
				"west": {"uv": [1.625, 6.125, 3.625, 8.625], "texture": "#texture"},
				"down": {"uv": [1.25, 6.25, 4, 8.625], "texture": "#texture"}
			}
		},
		{
			"from": [13.25, 11.5, 8.5],
			"to": [14.625, 11.875, 9.5],
			"faces": {
				"south": {"uv": [11.125, 1.75, 13.625, 4.25], "texture": "#texture"},
				"up": {"uv": [11.625, 1.75, 14.125, 4.25], "texture": "#texture"},
				"down": {"uv": [11.125, 1.75, 13.875, 4.125], "texture": "#texture"}
			}
		},
		{
			"from": [13.5, 11.125, 8.5],
			"to": [14.375, 11.5, 9.5],
			"faces": {
				"south": {"uv": [11.125, 1.75, 13.625, 4.25], "texture": "#texture"},
				"down": {"uv": [11.125, 1.75, 13.875, 4.125], "texture": "#texture"}
			}
		},
		{
			"from": [13.75, 10.875, 8.5],
			"to": [14.125, 11.125, 9.5],
			"faces": {
				"south": {"uv": [11.125, 1.75, 13.625, 4.25], "texture": "#texture"},
				"down": {"uv": [11.125, 1.75, 13.875, 4.125], "texture": "#texture"}
			}
		},
		{
			"from": [13.375, 10.5, 6.5],
			"to": [13.5, 11.875, 7.5],
			"faces": {
				"north": {"uv": [1.375, 6.625, 3.875, 8.625], "texture": "#texture"},
				"east": {"uv": [1.5, 6.25, 3.5, 8.75], "texture": "#texture"},
				"west": {"uv": [1.625, 6.125, 3.625, 8.625], "texture": "#texture"},
				"up": {"uv": [0.75, 5.875, 3.25, 8.375], "texture": "#texture"}
			}
		},
		{
			"from": [13.625, 10.5, 6.5],
			"to": [13.75, 11.875, 7.5],
			"faces": {
				"north": {"uv": [1.375, 6.625, 3.875, 8.625], "texture": "#texture"},
				"east": {"uv": [1.5, 6.25, 3.5, 8.75], "texture": "#texture"},
				"west": {"uv": [1.625, 6.125, 3.625, 8.625], "texture": "#texture"},
				"up": {"uv": [0.75, 5.875, 3.25, 8.375], "texture": "#texture"}
			}
		},
		{
			"from": [13.875, 10.5, 6.5],
			"to": [14, 11.875, 7.5],
			"faces": {
				"north": {"uv": [1.375, 6.625, 3.875, 8.625], "texture": "#texture"},
				"east": {"uv": [1.5, 6.25, 3.5, 8.75], "texture": "#texture"},
				"west": {"uv": [1.625, 6.125, 3.625, 8.625], "texture": "#texture"},
				"up": {"uv": [0.75, 5.875, 3.25, 8.375], "texture": "#texture"}
			}
		},
		{
			"from": [14.125, 10.5, 6.5],
			"to": [14.25, 11.875, 7.5],
			"faces": {
				"north": {"uv": [1.375, 6.625, 3.875, 8.625], "texture": "#texture"},
				"east": {"uv": [1.5, 6.25, 3.5, 8.75], "texture": "#texture"},
				"west": {"uv": [1.625, 6.125, 3.625, 8.625], "texture": "#texture"},
				"up": {"uv": [0.75, 5.875, 3.25, 8.375], "texture": "#texture"}
			}
		},
		{
			"from": [14.375, 10.5, 6.5],
			"to": [14.5, 11.875, 7.5],
			"faces": {
				"north": {"uv": [1.375, 6.625, 3.875, 8.625], "texture": "#texture"},
				"east": {"uv": [1.5, 6.25, 3.5, 8.75], "texture": "#texture"},
				"west": {"uv": [1.625, 6.125, 3.625, 8.625], "texture": "#texture"},
				"up": {"uv": [0.75, 5.875, 3.25, 8.375], "texture": "#texture"}
			}
		},
		{
			"from": [13.875, 10.875, 8.8125],
			"to": [14.125, 11.125, 9.5625],
			"faces": {
				"east": {"uv": [1.125, 13.125, 2.375, 15], "texture": "#texture"},
				"south": {"uv": [1, 13.375, 2.875, 15], "texture": "#texture"},
				"west": {"uv": [0.625, 13.375, 2.375, 14.875], "texture": "#texture"},
				"up": {"uv": [1, 13, 3, 14.625], "texture": "#texture"},
				"down": {"uv": [0.75, 13.5, 2.875, 15.125], "texture": "#texture"}
			}
		},
		{
			"name": "barrel*",
			"from": [-0.5, 12, 7.25],
			"to": [14.125, 12.25, 7.5],
			"faces": {
				"south": {"uv": [1, 1, 3.5, 3.5], "texture": "#texture"},
				"west": {"uv": [1, 1.5, 3, 4], "texture": "#texture"}
			}
		},
		{
			"name": "barrel*",
			"from": [-0.5, 12, 8.5],
			"to": [14.125, 12.25, 8.75],
			"faces": {
				"north": {"uv": [1, 1.5, 3.5, 3.5], "texture": "#texture"},
				"east": {"uv": [1, 1.5, 3, 4], "texture": "#texture"},
				"west": {"uv": [1, 1.5, 3, 4], "texture": "#texture"}
			}
		},
		{
			"name": "barrel*",
			"from": [-0.5, 11.875, 8.375],
			"to": [16.5, 12, 9.375],
			"faces": {
				"north": {"uv": [1.25, 6.125, 3.75, 8.125], "texture": "#texture"},
				"east": {"uv": [1, 1.5, 3, 4], "texture": "#texture"},
				"south": {"uv": [1.625, 5.875, 4.125, 8.375], "texture": "#texture"},
				"west": {"uv": [1, 1.5, 3, 4], "texture": "#texture"},
				"up": {"uv": [1, 1, 3, 4], "texture": "#texture"},
				"down": {"uv": [1, 1, 4, 3.5], "texture": "#texture"}
			}
		},
		{
			"from": [4.625, 9.25, 7.25],
			"to": [7, 9.625, 8.75],
			"faces": {
				"north": {"uv": [1, 1.5, 3.5, 3.5], "texture": "#texture"},
				"south": {"uv": [1, 1, 3.5, 3.5], "texture": "#texture"},
				"west": {"uv": [1, 1.5, 3, 4], "texture": "#texture"},
				"down": {"uv": [1, 1, 4, 3.5], "texture": "#texture"}
			}
		},
		{
			"from": [5.5, 7, 7.25],
			"to": [6, 9, 8.75],
			"faces": {
				"north": {"uv": [1, 1.5, 3.5, 3.5], "texture": "#texture"},
				"east": {"uv": [1, 1.5, 3, 4], "texture": "#texture"},
				"south": {"uv": [1, 1, 3.5, 3.5], "texture": "#texture"},
				"west": {"uv": [1, 1.5, 3, 4], "texture": "#texture"}
			}
		},
		{
			"from": [6, 6.5, 7.25],
			"to": [8.5, 7, 8.75],
			"faces": {
				"north": {"uv": [1, 1.5, 3.5, 3.5], "texture": "#texture"},
				"east": {"uv": [1, 1.5, 3, 4], "texture": "#texture"},
				"south": {"uv": [1, 1, 3.5, 3.5], "texture": "#texture"},
				"west": {"uv": [1, 1.5, 3, 4], "texture": "#texture"},
				"up": {"uv": [1, 1, 3, 4], "texture": "#texture"},
				"down": {"uv": [1, 1, 4, 3.5], "texture": "#texture"}
			}
		},
		{
			"from": [8.27, 6.4575, 7.25],
			"to": [10.52, 6.9575, 8.75],
			"rotation": {"angle": 22.5, "axis": "z", "origin": [8.27, 6.9575, 7.25]},
			"faces": {
				"north": {"uv": [1, 1.5, 3.5, 3.5], "texture": "#texture"},
				"south": {"uv": [1, 1, 3.5, 3.5], "texture": "#texture"},
				"west": {"uv": [1, 1.5, 3, 4], "texture": "#texture"},
				"up": {"uv": [1, 1, 3, 4], "texture": "#texture"},
				"down": {"uv": [1, 1, 4, 3.5], "texture": "#texture"}
			}
		},
		{
			"from": [5.5, 6.295, 7.25],
			"to": [6.205, 7, 8.75],
			"rotation": {"angle": 45, "axis": "z", "origin": [5.5, 7, 7.25]},
			"faces": {
				"north": {"uv": [1, 1.5, 3.5, 3.5], "texture": "#texture"},
				"east": {"uv": [1, 1.5, 3, 4], "texture": "#texture"},
				"south": {"uv": [1, 1, 3.5, 3.5], "texture": "#texture"},
				"west": {"uv": [1, 1.5, 3, 4], "texture": "#texture"},
				"down": {"uv": [1, 1, 4, 3.5], "texture": "#texture"}
			}
		},
		{
			"from": [5, 8.295, 7.25],
			"to": [5.705, 9, 8.75],
			"rotation": {"angle": 45, "axis": "z", "origin": [5, 9, 7.25]},
			"faces": {
				"north": {"uv": [1, 1.5, 3.5, 3.5], "texture": "#texture"},
				"east": {"uv": [1, 1.5, 3, 4], "texture": "#texture"},
				"south": {"uv": [1, 1, 3.5, 3.5], "texture": "#texture"},
				"west": {"uv": [1, 1.5, 3, 4], "texture": "#texture"},
				"down": {"uv": [1, 1, 4, 3.5], "texture": "#texture"}
			}
		},
		{
			"from": [6, 8.795, 7.25],
			"to": [6.705, 9.5, 8.75],
			"rotation": {"angle": -45, "axis": "z", "origin": [6, 9.5, 7.25]},
			"faces": {
				"north": {"uv": [1, 1.5, 3.5, 3.5], "texture": "#texture"},
				"east": {"uv": [1, 1.5, 3, 4], "texture": "#texture"},
				"south": {"uv": [1, 1, 3.5, 3.5], "texture": "#texture"},
				"west": {"uv": [1, 1.5, 3, 4], "texture": "#texture"}
			}
		},
		{
			"from": [3.375, 9.625, 7.25],
			"to": [6.125, 10.125, 8.75],
			"rotation": {"angle": -22.5, "axis": "z", "origin": [3.375, 10.125, 7.25]},
			"faces": {
				"north": {"uv": [1, 1.5, 3.5, 3.5], "texture": "#texture"},
				"south": {"uv": [1, 1, 3.5, 3.5], "texture": "#texture"},
				"up": {"uv": [1, 1, 3, 4], "texture": "#texture"},
				"down": {"uv": [1, 1, 4, 3.5], "texture": "#texture"}
			}
		},
		{
			"from": [5.895, 8.7275, 7.25],
			"to": [8.145, 9.2275, 8.75],
			"rotation": {"angle": 22.5, "axis": "z", "origin": [5.895, 9.2275, 7.25]},
			"faces": {
				"north": {"uv": [1, 1.5, 3.5, 3.5], "texture": "#texture"},
				"south": {"uv": [1, 1, 3.5, 3.5], "texture": "#texture"},
				"down": {"uv": [1, 1, 4, 3.5], "texture": "#texture"}
			}
		},
		{
			"from": [8.375, 7.625, 7],
			"to": [9.375, 9.625, 9],
			"rotation": {"angle": 45, "axis": "z", "origin": [8.375, 9.625, 7]},
			"faces": {
				"north": {"uv": [1, 1.5, 3.5, 3.5], "texture": "#texture"},
				"south": {"uv": [1, 1, 3.5, 3.5], "texture": "#texture"},
				"west": {"uv": [1, 1.5, 3, 4], "texture": "#texture"}
			}
		},
		{
			"from": [9.125, 7.5, 7],
			"to": [10.125, 9.5, 9],
			"rotation": {"angle": 22.5, "axis": "z", "origin": [9.125, 9.5, 7]},
			"faces": {
				"north": {"uv": [1, 1.5, 3.5, 3.5], "texture": "#texture"},
				"south": {"uv": [1, 1, 3.5, 3.5], "texture": "#texture"},
				"west": {"uv": [1, 1.5, 3, 4], "texture": "#texture"}
			}
		},
		{
			"from": [7.125, 9.375, 7.25],
			"to": [9.375, 9.875, 8.75],
			"faces": {
				"north": {"uv": [1, 1.5, 3.5, 3.5], "texture": "#texture"},
				"south": {"uv": [1, 1, 3.5, 3.5], "texture": "#texture"},
				"down": {"uv": [1, 1, 4, 3.5], "texture": "#texture"}
			}
		},
		{
			"from": [7.75, 8.5, 7.75],
			"to": [8.75, 9.625, 8.375],
			"rotation": {"angle": 22.5, "axis": "z", "origin": [7.75, 9.625, 7.75]},
			"faces": {
				"north": {"uv": [6, 2.125, 8.5, 4.125], "texture": "#texture"},
				"south": {"uv": [6.375, 1.25, 8.875, 3.75], "texture": "#texture"},
				"west": {"uv": [6.125, 1.25, 8.125, 3.75], "texture": "#texture"},
				"down": {"uv": [6, 0.875, 9, 3.375], "texture": "#texture"}
			}
		},
		{
			"from": [8.355, 8.98, 7.75],
			"to": [9.105, 10.105, 8.375],
			"faces": {
				"north": {"uv": [6, 2.125, 8.5, 4.125], "texture": "#texture"},
				"south": {"uv": [6.375, 1.25, 8.875, 3.75], "texture": "#texture"}
			}
		},
		{
			"from": [8.125, 8.125, 7.75],
			"to": [9, 9.125, 8.375],
			"faces": {
				"north": {"uv": [6, 2.125, 8.5, 4.125], "texture": "#texture"},
				"east": {"uv": [5.75, 1, 7.75, 3.5], "texture": "#texture"},
				"south": {"uv": [6.375, 1.25, 8.875, 3.75], "texture": "#texture"},
				"west": {"uv": [6.125, 1.25, 8.125, 3.75], "texture": "#texture"}
			}
		},
		{
			"from": [8.25, 7.5, 7.75],
			"to": [8.75, 8.5, 8.375],
			"rotation": {"angle": -22.5, "axis": "z", "origin": [8.25, 8.5, 7.75]},
			"faces": {
				"north": {"uv": [6, 2.125, 8.5, 4.125], "texture": "#texture"},
				"east": {"uv": [5.75, 1, 7.75, 3.5], "texture": "#texture"},
				"south": {"uv": [6.375, 1.25, 8.875, 3.75], "texture": "#texture"},
				"west": {"uv": [6.125, 1.25, 8.125, 3.75], "texture": "#texture"},
				"down": {"uv": [6, 0.875, 9, 3.375], "texture": "#texture"}
			}
		},
		{
			"from": [8.075, 7.2825, 7.75],
			"to": [9.2, 7.6575, 8.375],
			"rotation": {"angle": 45, "axis": "z", "origin": [8.075, 7.6575, 7.75]},
			"faces": {
				"north": {"uv": [6, 2.125, 8.5, 4.125], "texture": "#texture"},
				"south": {"uv": [6.375, 1.25, 8.875, 3.75], "texture": "#texture"},
				"west": {"uv": [6.125, 1.25, 8.125, 3.75], "texture": "#texture"},
				"down": {"uv": [6, 0.875, 9, 3.375], "texture": "#texture"}
			}
		},
		{
			"from": [8.315, 7.95, 7.75],
			"to": [8.69, 9.2, 8.375],
			"rotation": {"angle": 22.5, "axis": "z", "origin": [8.315, 9.2, 7.75]},
			"faces": {
				"north": {"uv": [6, 2.125, 8.5, 4.125], "texture": "#texture"},
				"east": {"uv": [5.75, 1, 7.75, 3.5], "texture": "#texture"},
				"south": {"uv": [6.375, 1.25, 8.875, 3.75], "texture": "#texture"},
				"down": {"uv": [6, 0.875, 9, 3.375], "texture": "#texture"}
			}
		},
		{
			"from": [14.1475, 1.5625, 6.5],
			"to": [16.3975, 2.9375, 9.5],
			"faces": {
				"north": {"uv": [11, 7, 13.5, 9], "texture": "#texture"},
				"south": {"uv": [11.5, 6, 14, 8.5], "texture": "#texture"},
				"west": {"uv": [11, 6, 13, 8.5], "texture": "#texture"},
				"down": {"uv": [11, 6.25, 14, 8.75], "texture": "#texture"}
			}
		},
		{
			"from": [15.1675, 1.5625, 6.5],
			"to": [17.4175, 2.9375, 9.5],
			"faces": {
				"north": {"uv": [11, 7, 13.5, 9], "texture": "#texture"},
				"east": {"uv": [11.75, 6.25, 13.75, 8.75], "texture": "#texture"},
				"south": {"uv": [11.5, 6, 14, 8.5], "texture": "#texture"},
				"up": {"uv": [11, 6.5, 13, 9.5], "texture": "#texture"},
				"down": {"uv": [11, 6.25, 14, 8.75], "texture": "#texture"}
			}
		},
		{
			"from": [12.5625, -1.0425, 7],
			"to": [15.5625, 5.9575, 9],
			"rotation": {"angle": 22.5, "axis": "z", "origin": [12.5625, 5.9575, 7]},
			"faces": {
				"north": {"uv": [11, 7, 13.5, 9], "texture": "#texture"},
				"east": {"uv": [11.75, 6.25, 13.75, 8.75], "texture": "#texture"},
				"south": {"uv": [11.5, 6, 14, 8.5], "texture": "#texture"},
				"west": {"uv": [11, 6, 13, 8.5], "texture": "#texture"},
				"down": {"uv": [11, 6.25, 14, 8.75], "texture": "#texture"}
			}
		},
		{
			"from": [13.75, -0.5, 7],
			"to": [15.25, 0.25, 9],
			"faces": {
				"north": {"uv": [11, 7, 13.5, 9], "texture": "#texture"},
				"south": {"uv": [11.5, 6, 14, 8.5], "texture": "#texture"},
				"west": {"uv": [11, 6, 13, 8.5], "texture": "#texture"},
				"down": {"uv": [11, 6.25, 14, 8.75], "texture": "#texture"}
			}
		},
		{
			"from": [13.75, -0.5, 7],
			"to": [15.25, 0.25, 9],
			"rotation": {"angle": 22.5, "axis": "z", "origin": [13.75, 0.25, 7]},
			"faces": {
				"north": {"uv": [11, 7, 13.5, 9], "texture": "#texture"},
				"south": {"uv": [11.5, 6, 14, 8.5], "texture": "#texture"},
				"up": {"uv": [11, 6.5, 13, 9.5], "texture": "#texture"}
			}
		},
		{
			"from": [14, -0.5, 7],
			"to": [15.5, 0.25, 9],
			"rotation": {"angle": 45, "axis": "z", "origin": [14, 0.25, 7]},
			"faces": {
				"north": {"uv": [11, 7, 13.5, 9], "texture": "#texture"},
				"south": {"uv": [11.5, 6, 14, 8.5], "texture": "#texture"},
				"up": {"uv": [11, 6.5, 13, 9.5], "texture": "#texture"}
			}
		},
		{
			"from": [9.25, 9.25, 6.5],
			"to": [9.75, 10.25, 9.5],
			"faces": {
				"north": {"uv": [6.25, 6.75, 8.75, 8.75], "texture": "#texture"},
				"east": {"uv": [6, 6.75, 8, 9.25], "texture": "#texture"},
				"south": {"uv": [6.5, 6.25, 9, 8.75], "texture": "#texture"},
				"west": {"uv": [6.75, 7, 8.75, 9.5], "texture": "#texture"},
				"up": {"uv": [6, 6.25, 8, 9.25], "texture": "#texture"},
				"down": {"uv": [6, 6.25, 9, 8.75], "texture": "#texture"}
			}
		},
		{
			"from": [9, 9.5, 6.5],
			"to": [10, 10, 9.5],
			"faces": {
				"north": {"uv": [6.25, 6.75, 8.75, 8.75], "texture": "#texture"},
				"east": {"uv": [6, 6.75, 8, 9.25], "texture": "#texture"},
				"south": {"uv": [6.5, 6.25, 9, 8.75], "texture": "#texture"},
				"west": {"uv": [6.75, 7, 8.75, 9.5], "texture": "#texture"},
				"down": {"uv": [6, 6.25, 9, 8.75], "texture": "#texture"}
			}
		},
		{
			"from": [9, 8.94, 6.5],
			"to": [9.355, 10, 9.5],
			"rotation": {"angle": 45, "axis": "z", "origin": [9, 10, 6.5]},
			"faces": {
				"north": {"uv": [6.25, 6.75, 8.75, 8.75], "texture": "#texture"},
				"east": {"uv": [6, 6.75, 8, 9.25], "texture": "#texture"},
				"south": {"uv": [6.5, 6.25, 9, 8.75], "texture": "#texture"},
				"up": {"uv": [6, 6.25, 8, 9.25], "texture": "#texture"},
				"down": {"uv": [6, 6.25, 9, 8.75], "texture": "#texture"}
			}
		},
		{
			"from": [9.75, 9.19, 6.5],
			"to": [10.105, 10.25, 9.5],
			"rotation": {"angle": -45, "axis": "z", "origin": [9.75, 10.25, 6.5]},
			"faces": {
				"north": {"uv": [6.25, 6.75, 8.75, 8.75], "texture": "#texture"},
				"east": {"uv": [6, 6.75, 8, 9.25], "texture": "#texture"},
				"south": {"uv": [6.5, 6.25, 9, 8.75], "texture": "#texture"},
				"up": {"uv": [6, 6.25, 8, 9.25], "texture": "#texture"},
				"down": {"uv": [6, 6.25, 9, 8.75], "texture": "#texture"}
			}
		},
		{
			"from": [9.375, 6.875, 7.25],
			"to": [11.125, 7.375, 8.75],
			"faces": {
				"north": {"uv": [1, 1.5, 3.5, 3.5], "texture": "#texture"},
				"south": {"uv": [1, 1, 3.5, 3.5], "texture": "#texture"},
				"down": {"uv": [1, 1, 4, 3.5], "texture": "#texture"}
			}
		},
		{
			"from": [9, 6.75, 7.25],
			"to": [10.75, 7.25, 8.75],
			"rotation": {"angle": 45, "axis": "z", "origin": [9, 7.25, 7.25]},
			"faces": {
				"north": {"uv": [1, 1.5, 3.5, 3.5], "texture": "#texture"},
				"south": {"uv": [1, 1, 3.5, 3.5], "texture": "#texture"},
				"up": {"uv": [1, 1, 3, 4], "texture": "#texture"}
			}
		},
		{
			"from": [7, 9.3125, 7.1875],
			"to": [7.25, 9.5625, 8.8125],
			"faces": {
				"north": {"uv": [11.5, 2, 14, 4], "texture": "#texture"},
				"east": {"uv": [11, 1.25, 13, 3.75], "texture": "#texture"},
				"south": {"uv": [11.75, 1.5, 14.25, 4], "texture": "#texture"},
				"west": {"uv": [11.5, 0.75, 13.5, 3.25], "texture": "#texture"},
				"up": {"uv": [11.75, 1.25, 13.75, 4.25], "texture": "#texture"},
				"down": {"uv": [11.25, 1.75, 14.25, 4.25], "texture": "#texture"}
			}
		},
		{
			"from": [9.25, 7, 7.1875],
			"to": [9.5, 7.25, 8.8125],
			"faces": {
				"north": {"uv": [11.5, 2, 14, 4], "texture": "#texture"},
				"east": {"uv": [11, 1.25, 13, 3.75], "texture": "#texture"},
				"south": {"uv": [11.75, 1.5, 14.25, 4], "texture": "#texture"},
				"west": {"uv": [11.5, 0.75, 13.5, 3.25], "texture": "#texture"},
				"up": {"uv": [11.75, 1.25, 13.75, 4.25], "texture": "#texture"},
				"down": {"uv": [11.25, 1.75, 14.25, 4.25], "texture": "#texture"}
			}
		},
		{
			"from": [15.0625, 2.125, 6.5],
			"to": [16.5625, 4.625, 9.5],
			"rotation": {"angle": 22.5, "axis": "z", "origin": [15.0625, 4.625, 6.5]},
			"faces": {
				"north": {"uv": [11, 7, 13.5, 9], "texture": "#texture"},
				"east": {"uv": [11.75, 6.25, 13.75, 8.75], "texture": "#texture"},
				"south": {"uv": [11.5, 6, 14, 8.5], "texture": "#texture"},
				"up": {"uv": [11, 6.5, 13, 9.5], "texture": "#texture"}
			}
		},
		{
			"from": [14.9375, 4.6875, 6.5],
			"to": [16.4375, 5.1875, 9.5],
			"faces": {
				"north": {"uv": [11, 7, 13.5, 9], "texture": "#texture"},
				"south": {"uv": [11.5, 6, 14, 8.5], "texture": "#texture"},
				"up": {"uv": [11, 6.5, 13, 9.5], "texture": "#texture"}
			}
		},
		{
			"from": [14.5, 5.1875, 6.5],
			"to": [16, 5.6875, 9.5],
			"rotation": {"angle": 45, "axis": "z", "origin": [14.5, 5.6875, 6.5]},
			"faces": {
				"north": {"uv": [11, 7, 13.5, 9], "texture": "#texture"},
				"south": {"uv": [11.5, 6, 14, 8.5], "texture": "#texture"},
				"down": {"uv": [11, 6.25, 14, 8.75], "texture": "#texture"}
			}
		},
		{
			"from": [14.75, 5, 6.5],
			"to": [16.25, 5.5, 9.5],
			"rotation": {"angle": -22.5, "axis": "z", "origin": [14.75, 5.5, 6.5]},
			"faces": {
				"north": {"uv": [11, 7, 13.5, 9], "texture": "#texture"},
				"south": {"uv": [11.5, 6, 14, 8.5], "texture": "#texture"},
				"up": {"uv": [11, 6.5, 13, 9.5], "texture": "#texture"}
			}
		},
		{
			"from": [15, 5.25, 6.5],
			"to": [15.5, 6.25, 9.5],
			"rotation": {"angle": -22.5, "axis": "z", "origin": [15, 6.25, 6.5]},
			"faces": {
				"north": {"uv": [11, 7, 13.5, 9], "texture": "#texture"},
				"east": {"uv": [11.75, 6.25, 13.75, 8.75], "texture": "#texture"},
				"south": {"uv": [11.5, 6, 14, 8.5], "texture": "#texture"}
			}
		},
		{
			"from": [15.5, 5.5, 6.5],
			"to": [16.25, 5.75, 9.5],
			"faces": {
				"north": {"uv": [6.25, 6.75, 8.75, 8.75], "texture": "#texture"},
				"east": {"uv": [6, 6.75, 8, 9.25], "texture": "#texture"},
				"south": {"uv": [6.5, 6.25, 9, 8.75], "texture": "#texture"},
				"west": {"uv": [6.75, 7, 8.75, 9.5], "texture": "#texture"},
				"down": {"uv": [6, 6.25, 9, 8.75], "texture": "#texture"}
			}
		},
		{
			"from": [15.75, 5.25, 6.5],
			"to": [16, 6, 9.5],
			"faces": {
				"north": {"uv": [6.25, 6.75, 8.75, 8.75], "texture": "#texture"},
				"east": {"uv": [6, 6.75, 8, 9.25], "texture": "#texture"},
				"south": {"uv": [6.5, 6.25, 9, 8.75], "texture": "#texture"},
				"west": {"uv": [6.75, 7, 8.75, 9.5], "texture": "#texture"},
				"up": {"uv": [6, 6.25, 8, 9.25], "texture": "#texture"},
				"down": {"uv": [6, 6.25, 9, 8.75], "texture": "#texture"}
			}
		},
		{
			"from": [16, 5.295, 6.5],
			"to": [16.355, 6, 9.5],
			"rotation": {"angle": -45, "axis": "z", "origin": [16, 6, 6.5]},
			"faces": {
				"north": {"uv": [6.25, 6.75, 8.75, 8.75], "texture": "#texture"},
				"east": {"uv": [6, 6.75, 8, 9.25], "texture": "#texture"},
				"south": {"uv": [6.5, 6.25, 9, 8.75], "texture": "#texture"},
				"up": {"uv": [6, 6.25, 8, 9.25], "texture": "#texture"},
				"down": {"uv": [6, 6.25, 9, 8.75], "texture": "#texture"}
			}
		},
		{
			"from": [15.5, 5.045, 6.5],
			"to": [15.855, 5.75, 9.5],
			"rotation": {"angle": 45, "axis": "z", "origin": [15.5, 5.75, 6.5]},
			"faces": {
				"north": {"uv": [6.25, 6.75, 8.75, 8.75], "texture": "#texture"},
				"east": {"uv": [6, 6.75, 8, 9.25], "texture": "#texture"},
				"south": {"uv": [6.5, 6.25, 9, 8.75], "texture": "#texture"},
				"up": {"uv": [6, 6.25, 8, 9.25], "texture": "#texture"},
				"down": {"uv": [6, 6.25, 9, 8.75], "texture": "#texture"}
			}
		},
		{
			"name": "barrel*",
			"from": [9.75, 12.5, 6.75],
			"to": [12.75, 13, 8],
			"faces": {
				"north": {"uv": [10.75, 11, 12.75, 13], "texture": "#texture"},
				"east": {"uv": [10.75, 10.25, 12, 12], "texture": "#texture"},
				"south": {"uv": [11, 11.25, 12.75, 13], "texture": "#texture"},
				"west": {"uv": [10.75, 10.75, 12.25, 12.25], "texture": "#texture"},
				"down": {"uv": [11.25, 11.75, 13, 12.75], "texture": "#texture"}
			}
		},
		{
			"name": "barrel*",
			"from": [9.75, 12.295, 6.75],
			"to": [12.75, 13, 7.455],
			"rotation": {"angle": -45, "axis": "x", "origin": [9.75, 13, 6.75]},
			"faces": {
				"east": {"uv": [10.75, 10.25, 12, 12], "texture": "#texture"},
				"west": {"uv": [10.75, 10.75, 12.25, 12.25], "texture": "#texture"},
				"up": {"uv": [10.5, 10.75, 12.25, 12.25], "texture": "#texture"}
			}
		},
		{
			"from": [14, 3.6875, 6.6875],
			"to": [15.5, 7.1875, 9.3125],
			"rotation": {"angle": 22.5, "axis": "z", "origin": [14, 7.1875, 6.6875]},
			"faces": {
				"north": {"uv": [6.5, 11.75, 9, 13.75], "texture": "#texture"},
				"east": {"uv": [6.5, 10.75, 8.5, 13.25], "texture": "#texture"},
				"south": {"uv": [6.25, 11.5, 8.75, 14], "texture": "#texture"}
			}
		},
		{
			"from": [15, 12.75, 6.75],
			"to": [15.75, 13.25, 7.75],
			"faces": {
				"north": {"uv": [1, 1.5, 3.5, 3.5], "texture": "#texture"},
				"east": {"uv": [1, 1.5, 3, 4], "texture": "#texture"},
				"south": {"uv": [1, 1, 3.5, 3.5], "texture": "#texture"},
				"west": {"uv": [1, 1.5, 3, 4], "texture": "#texture"},
				"up": {"uv": [1, 1, 3, 4], "texture": "#texture"}
			}
		},
		{
			"from": [15, 13.5, 7.25],
			"to": [15.75, 13.75, 8.75],
			"faces": {
				"north": {"uv": [1, 1.5, 3.5, 3.5], "texture": "#texture"},
				"east": {"uv": [1, 1.5, 3, 4], "texture": "#texture"},
				"west": {"uv": [1, 1.5, 3, 4], "texture": "#texture"},
				"up": {"uv": [1, 1, 3, 4], "texture": "#texture"},
				"down": {"uv": [1, 1, 4, 3.5], "texture": "#texture"}
			}
		},
		{
			"from": [15.3125, 12.0625, 8.25],
			"to": [15.8125, 13.5625, 8.75],
			"rotation": {"angle": 22.5, "axis": "z", "origin": [15.3125, 13.5625, 8.25]},
			"faces": {
				"north": {"uv": [1, 1.5, 3.5, 3.5], "texture": "#texture"},
				"east": {"uv": [1, 1.5, 3, 4], "texture": "#texture"},
				"south": {"uv": [1, 1, 3.5, 3.5], "texture": "#texture"},
				"west": {"uv": [1, 1.5, 3, 4], "texture": "#texture"},
				"up": {"uv": [1, 1, 3, 4], "texture": "#texture"}
			}
		},
		{
			"from": [15.3125, 12.0625, 7.25],
			"to": [15.8125, 13.5625, 7.75],
			"rotation": {"angle": 22.5, "axis": "z", "origin": [15.3125, 13.5625, 7.25]},
			"faces": {
				"north": {"uv": [1, 1.5, 3.5, 3.5], "texture": "#texture"},
				"east": {"uv": [1, 1.5, 3, 4], "texture": "#texture"},
				"south": {"uv": [1, 1, 3.5, 3.5], "texture": "#texture"},
				"west": {"uv": [1, 1.5, 3, 4], "texture": "#texture"},
				"up": {"uv": [1, 1, 3, 4], "texture": "#texture"}
			}
		},
		{
			"from": [15, 13.045, 8.75],
			"to": [15.75, 13.75, 9.455],
			"rotation": {"angle": 45, "axis": "x", "origin": [15, 13.75, 8.75]},
			"faces": {
				"north": {"uv": [1, 1.5, 3.5, 3.5], "texture": "#texture"},
				"east": {"uv": [1, 1.5, 3, 4], "texture": "#texture"},
				"south": {"uv": [1, 1, 3.5, 3.5], "texture": "#texture"},
				"west": {"uv": [1, 1.5, 3, 4], "texture": "#texture"},
				"up": {"uv": [1, 1, 3, 4], "texture": "#texture"},
				"down": {"uv": [1, 1, 4, 3.5], "texture": "#texture"}
			}
		},
		{
			"from": [15, 12.75, 8.25],
			"to": [15.75, 13.25, 9.25],
			"faces": {
				"north": {"uv": [1, 1.5, 3.5, 3.5], "texture": "#texture"},
				"east": {"uv": [1, 1.5, 3, 4], "texture": "#texture"},
				"south": {"uv": [1, 1, 3.5, 3.5], "texture": "#texture"},
				"west": {"uv": [1, 1.5, 3, 4], "texture": "#texture"},
				"up": {"uv": [1, 1, 3, 4], "texture": "#texture"}
			}
		},
		{
			"name": "barrel",
			"from": [-0.5, 12.795, 9],
			"to": [15, 13.5, 9.705],
			"rotation": {"angle": 45, "axis": "x", "origin": [-0.5, 13.5, 9]},
			"faces": {
				"east": {"uv": [1, 1.5, 3, 4], "texture": "#texture"},
				"south": {"uv": [1, 1, 3.5, 3.5], "texture": "#texture"},
				"west": {"uv": [1, 1.5, 3, 4], "texture": "#texture"},
				"up": {"uv": [1, 1, 3, 4], "texture": "#texture"},
				"down": {"uv": [1, 1, 4, 3.5], "texture": "#texture"}
			}
		},
		{
			"name": "barrel*",
			"from": [-0.5, 12, 8.75],
			"to": [15, 13, 9.5],
			"faces": {
				"north": {"uv": [1, 1.5, 3.5, 3.5], "texture": "#texture"},
				"east": {"uv": [1, 1.5, 3, 4], "texture": "#texture"},
				"south": {"uv": [1, 1, 3.5, 3.5], "texture": "#texture"},
				"west": {"uv": [1, 1.5, 3, 4], "texture": "#texture"},
				"up": {"uv": [1, 1, 3, 4], "texture": "#texture"},
				"down": {"uv": [1, 1, 4, 3.5], "texture": "#texture"}
			}
		},
		{
			"name": "barrel",
			"from": [-0.5, 13.0375, 8.3075],
			"to": [15, 13.7875, 9.0575],
			"rotation": {"angle": 22.5, "axis": "x", "origin": [-0.5, 13.7875, 8.3075]},
			"faces": {
				"east": {"uv": [1, 1.5, 3, 4], "texture": "#texture"},
				"south": {"uv": [1, 1, 3.5, 3.5], "texture": "#texture"},
				"west": {"uv": [1, 1.5, 3, 4], "texture": "#texture"},
				"up": {"uv": [1, 1, 3, 4], "texture": "#texture"},
				"down": {"uv": [1, 1, 4, 3.5], "texture": "#texture"}
			}
		},
		{
			"name": "barrel",
			"from": [-0.5, 13.0375, 7.6925],
			"to": [15, 13.7875, 8.3175],
			"faces": {
				"north": {"uv": [1, 1.5, 3.5, 3.5], "texture": "#texture"},
				"east": {"uv": [1, 1.5, 3, 4], "texture": "#texture"},
				"south": {"uv": [1, 1, 3.5, 3.5], "texture": "#texture"},
				"west": {"uv": [1, 1.5, 3, 4], "texture": "#texture"},
				"up": {"uv": [1, 1, 3, 4], "texture": "#texture"}
			}
		},
		{
			"name": "barrel",
			"from": [-0.5, 12.75, 7],
			"to": [15, 13.5, 7.75],
			"rotation": {"angle": -22.5, "axis": "x", "origin": [-0.5, 13.5, 7]},
			"faces": {
				"north": {"uv": [1, 1.5, 3.5, 3.5], "texture": "#texture"},
				"east": {"uv": [1, 1.5, 3, 4], "texture": "#texture"},
				"west": {"uv": [1, 1.5, 3, 4], "texture": "#texture"},
				"up": {"uv": [1, 1, 3, 4], "texture": "#texture"},
				"down": {"uv": [1, 1, 4, 3.5], "texture": "#texture"}
			}
		},
		{
			"name": "barrel*",
			"from": [12.75, 12.295, 6.5],
			"to": [15, 13, 7.205],
			"rotation": {"angle": -45, "axis": "x", "origin": [12.75, 13, 6.5]},
			"faces": {
				"east": {"uv": [1, 1.5, 3, 4], "texture": "#texture"},
				"south": {"uv": [1, 1, 3.5, 3.5], "texture": "#texture"},
				"west": {"uv": [1, 1.5, 3, 4], "texture": "#texture"},
				"up": {"uv": [1, 1, 3, 4], "texture": "#texture"}
			}
		},
		{
			"name": "barrel*",
			"from": [12.75, 12.75, 6.5],
			"to": [15, 13, 7.75],
			"faces": {
				"north": {"uv": [1, 1.5, 3.5, 3.5], "texture": "#texture"},
				"east": {"uv": [1, 1.5, 3, 4], "texture": "#texture"},
				"south": {"uv": [1, 1, 3.5, 3.5], "texture": "#texture"},
				"west": {"uv": [1, 1.5, 3, 4], "texture": "#texture"}
			}
		},
		{
			"name": "barrel*",
			"from": [14, 12.25, 6.5],
			"to": [15, 12.75, 7.75],
			"faces": {
				"north": {"uv": [1, 1.5, 3.5, 3.5], "texture": "#texture"},
				"east": {"uv": [1, 1.5, 3, 4], "texture": "#texture"},
				"south": {"uv": [1, 1, 3.5, 3.5], "texture": "#texture"}
			}
		},
		{
			"name": "barrel*",
			"from": [12.5, 12, 6.5],
			"to": [15, 12.25, 7.75],
			"faces": {
				"north": {"uv": [1, 1.5, 3.5, 3.5], "texture": "#texture"},
				"east": {"uv": [1, 1.5, 3, 4], "texture": "#texture"},
				"south": {"uv": [1, 1, 3.5, 3.5], "texture": "#texture"},
				"down": {"uv": [1, 1, 4, 3.5], "texture": "#texture"}
			}
		},
		{
			"name": "barrel*",
			"from": [9.75, 12, 6.5],
			"to": [12.5, 12.5, 7.75],
			"faces": {
				"north": {"uv": [1, 1.5, 3.5, 3.5], "texture": "#texture"},
				"south": {"uv": [1, 1, 3.5, 3.5], "texture": "#texture"},
				"west": {"uv": [1, 1.5, 3, 4], "texture": "#texture"},
				"up": {"uv": [1, 1, 3, 4], "texture": "#texture"},
				"down": {"uv": [1, 1, 4, 3.5], "texture": "#texture"}
			}
		},
		{
			"name": "barrel*",
			"from": [12.5, 12.25, 6.5],
			"to": [13.125, 12.5, 7.75],
			"rotation": {"angle": -22.5, "axis": "z", "origin": [12.5, 12.5, 6.5]},
			"faces": {
				"north": {"uv": [1, 1.5, 3.5, 3.5], "texture": "#texture"},
				"south": {"uv": [1, 1, 3.5, 3.5], "texture": "#texture"}
			}
		},
		{
			"name": "barrel*",
			"from": [12.5, 12.5, 6.5],
			"to": [14, 12.75, 7.75],
			"faces": {
				"north": {"uv": [10.75, 11, 12.75, 13], "texture": "#texture"},
				"south": {"uv": [11, 11.25, 12.75, 13], "texture": "#texture"},
				"west": {"uv": [10.75, 10.75, 12.25, 12.25], "texture": "#texture"},
				"up": {"uv": [10.5, 10.75, 12.25, 12.25], "texture": "#texture"}
			}
		},
		{
			"name": "barrel*",
			"from": [12.5625, 12.49, 6.5],
			"to": [13.25, 12.74, 7.75],
			"rotation": {"angle": -22.5, "axis": "z", "origin": [12.5625, 12.74, 6.5]},
			"faces": {
				"north": {"uv": [10.75, 11, 12.75, 13], "texture": "#texture"},
				"south": {"uv": [11, 11.25, 12.75, 13], "texture": "#texture"},
				"west": {"uv": [10.75, 10.75, 12.25, 12.25], "texture": "#texture"},
				"down": {"uv": [11.25, 11.75, 13, 12.75], "texture": "#texture"}
			}
		},
		{
			"name": "barrel*",
			"from": [13.0625, 12.25, 6.5],
			"to": [14, 12.5, 7.75],
			"faces": {
				"north": {"uv": [10.75, 11, 12.75, 13], "texture": "#texture"},
				"south": {"uv": [11, 11.25, 12.75, 13], "texture": "#texture"}
			}
		},
		{
			"name": "barrel",
			"from": [-0.5, 12.295, 6.5],
			"to": [9.75, 13, 7.205],
			"rotation": {"angle": -45, "axis": "x", "origin": [-0.5, 13, 6.5]},
			"faces": {
				"east": {"uv": [1, 1.5, 3, 4], "texture": "#texture"},
				"south": {"uv": [1, 1, 3.5, 3.5], "texture": "#texture"},
				"west": {"uv": [1, 1.5, 3, 4], "texture": "#texture"},
				"up": {"uv": [1, 1, 3, 4], "texture": "#texture"}
			}
		},
		{
			"name": "barrel",
			"from": [-0.5, 12, 6.5],
			"to": [9.75, 13, 7.4],
			"faces": {
				"north": {"uv": [1, 1.5, 3.5, 3.5], "texture": "#texture"},
				"west": {"uv": [1, 1.5, 3, 4], "texture": "#texture"},
				"down": {"uv": [1, 1, 4, 3.5], "texture": "#texture"}
			}
		},
		{
			"name": "barrel*",
			"from": [9.75, 12.295, 6.5],
			"to": [10.455, 13, 7.75],
			"rotation": {"angle": -45, "axis": "z", "origin": [9.75, 13, 6.5]},
			"faces": {
				"north": {"uv": [1, 1.5, 3.5, 3.5], "texture": "#texture"},
				"east": {"uv": [1, 1.5, 3, 4], "texture": "#texture"},
				"south": {"uv": [1, 1, 3.5, 3.5], "texture": "#texture"},
				"west": {"uv": [1, 1.5, 3, 4], "texture": "#texture"},
				"up": {"uv": [1, 1, 3, 4], "texture": "#texture"},
				"down": {"uv": [1, 1, 4, 3.5], "texture": "#texture"}
			}
		},
		{
			"from": [0.375, 14, 8],
			"to": [0.625, 14.25, 8.125],
			"faces": {
				"north": {"uv": [1.25, 6.5, 3.75, 8.5], "texture": "#texture"},
				"east": {"uv": [1.75, 6.75, 3.75, 9.25], "texture": "#texture"},
				"south": {"uv": [1.5, 6.25, 4, 8.75], "texture": "#texture"},
				"west": {"uv": [2, 6.5, 4, 9], "texture": "#texture"},
				"up": {"uv": [1.5, 5.5, 3.5, 8.5], "texture": "#texture"}
			}
		},
		{
			"from": [0.125, 13.875, 8],
			"to": [0.625, 14, 8.125],
			"faces": {
				"north": {"uv": [1.25, 6.5, 3.75, 8.5], "texture": "#texture"},
				"east": {"uv": [1.75, 6.75, 3.75, 9.25], "texture": "#texture"},
				"south": {"uv": [1.5, 6.25, 4, 8.75], "texture": "#texture"}
			}
		},
		{
			"from": [-0.5, 13.625, 8],
			"to": [0.625, 13.875, 8.125],
			"faces": {
				"north": {"uv": [1.25, 6.5, 3.75, 8.5], "texture": "#texture"},
				"east": {"uv": [1.25, 6.5, 3.25, 9], "texture": "#texture"},
				"south": {"uv": [1.5, 6.25, 4, 8.75], "texture": "#texture"},
				"west": {"uv": [2, 0, 4, 2.5], "texture": "#texture"}
			}
		},
		{
			"from": [-0.5, 13.625, 8],
			"to": [0.4375, 13.875, 8.125],
			"rotation": {"angle": 22.5, "axis": "z", "origin": [-0.5, 13.875, 8]},
			"faces": {
				"north": {"uv": [1.25, 6.5, 3.75, 8.5], "texture": "#texture"},
				"east": {"uv": [1.75, 6.75, 3.75, 9.25], "texture": "#texture"},
				"south": {"uv": [1.5, 6.25, 4, 8.75], "texture": "#texture"},
				"up": {"uv": [1.5, 5.5, 3.5, 8.5], "texture": "#texture"}
			}
		},
		{
			"from": [14.625, 13.645, 7],
			"to": [14.98, 14, 9],
			"rotation": {"angle": -45, "axis": "z", "origin": [14.625, 14, 7]},
			"faces": {
				"north": {"uv": [1.25, 6.5, 3.75, 8.5], "texture": "#texture"},
				"east": {"uv": [1.75, 6.75, 3.75, 9.25], "texture": "#texture"},
				"south": {"uv": [1.5, 6.25, 4, 8.75], "texture": "#texture"},
				"up": {"uv": [1.5, 5.5, 3.5, 8.5], "texture": "#texture"}
			}
		},
		{
			"from": [13.875, 13.125, 7],
			"to": [14.875, 13.75, 9],
			"faces": {
				"north": {"uv": [1.25, 6.5, 3.75, 8.5], "texture": "#texture"},
				"east": {"uv": [1.75, 6.75, 3.75, 9.25], "texture": "#texture"},
				"south": {"uv": [1.5, 6.25, 4, 8.75], "texture": "#texture"},
				"west": {"uv": [2, 6.5, 4, 9], "texture": "#texture"}
			}
		},
		{
			"from": [13.875, 13.395, 7],
			"to": [14.23, 13.75, 9],
			"rotation": {"angle": 45, "axis": "z", "origin": [13.875, 13.75, 7]},
			"faces": {
				"north": {"uv": [1.25, 6.5, 3.75, 8.5], "texture": "#texture"},
				"east": {"uv": [1.75, 6.75, 3.75, 9.25], "texture": "#texture"},
				"south": {"uv": [1.5, 6.25, 4, 8.75], "texture": "#texture"},
				"up": {"uv": [1.5, 5.5, 3.5, 8.5], "texture": "#texture"}
			}
		},
		{
			"from": [14.25, 13.875, 7],
			"to": [14.5, 14.375, 7.75],
			"faces": {
				"north": {"uv": [1.25, 6.5, 3.75, 8.5], "texture": "#texture"},
				"east": {"uv": [1.75, 6.75, 3.75, 9.25], "texture": "#texture"},
				"south": {"uv": [1.5, 6.25, 4, 8.75], "texture": "#texture"},
				"west": {"uv": [2, 6.5, 4, 9], "texture": "#texture"},
				"up": {"uv": [1.5, 5.5, 3.5, 8.5], "texture": "#texture"}
			}
		},
		{
			"from": [14.125, 13.25, 7],
			"to": [14.625, 14, 9],
			"faces": {
				"north": {"uv": [1.25, 6.5, 3.75, 8.5], "texture": "#texture"},
				"south": {"uv": [1.5, 6.25, 4, 8.75], "texture": "#texture"},
				"up": {"uv": [1.5, 5.5, 3.5, 8.5], "texture": "#texture"}
			}
		},
		{
			"from": [14.25, 13.875, 8.25],
			"to": [14.5, 14.375, 9],
			"faces": {
				"east": {"uv": [1.75, 6.75, 3.75, 9.25], "texture": "#texture"},
				"south": {"uv": [1.5, 6.25, 4, 8.75], "texture": "#texture"},
				"west": {"uv": [2, 6.5, 4, 9], "texture": "#texture"},
				"up": {"uv": [1.5, 5.5, 3.5, 8.5], "texture": "#texture"}
			}
		},
		{
			"from": [14.25, 13.75, 8.25],
			"to": [14.5, 14.375, 8.5],
			"rotation": {"angle": 22.5, "axis": "x", "origin": [14.25, 14.375, 8.25]},
			"faces": {
				"north": {"uv": [1.25, 6.5, 3.75, 8.5], "texture": "#texture"},
				"east": {"uv": [1.75, 6.75, 3.75, 9.25], "texture": "#texture"},
				"west": {"uv": [2, 6.5, 4, 9], "texture": "#texture"}
			}
		},
		{
			"from": [15, 12, 6.75],
			"to": [16, 12.75, 7.75],
			"faces": {
				"north": {"uv": [1, 1.5, 3.5, 3.5], "texture": "#texture"},
				"south": {"uv": [1, 1, 3.5, 3.5], "texture": "#texture"},
				"up": {"uv": [1, 1, 3, 4], "texture": "#texture"}
			}
		},
		{
			"from": [15, 12, 8.25],
			"to": [16, 12.75, 9.25],
			"faces": {
				"north": {"uv": [1, 1.5, 3.5, 3.5], "texture": "#texture"},
				"south": {"uv": [1, 1, 3.5, 3.5], "texture": "#texture"},
				"west": {"uv": [1, 1.5, 3, 4], "texture": "#texture"},
				"up": {"uv": [1, 1, 3, 4], "texture": "#texture"}
			}
		},
		{
			"from": [15, 12, 8.25],
			"to": [16.34375, 12.375, 8.75],
			"faces": {
				"north": {"uv": [1, 1.5, 3.5, 3.5], "texture": "#texture"},
				"south": {"uv": [1, 1, 3.5, 3.5], "texture": "#texture"},
				"down": {"uv": [1, 1, 4, 3.5], "texture": "#texture"}
			}
		},
		{
			"from": [15, 12, 7.25],
			"to": [16.34375, 12.375, 7.75],
			"faces": {
				"north": {"uv": [1, 1.5, 3.5, 3.5], "texture": "#texture"},
				"south": {"uv": [1, 1, 3.5, 3.5], "texture": "#texture"}
			}
		},
		{
			"from": [14.25, 13.6525, 7.52],
			"to": [14.5, 14.2775, 7.77],
			"rotation": {"angle": -22.5, "axis": "x", "origin": [14.25, 14.2775, 7.52]},
			"faces": {
				"east": {"uv": [1.75, 6.75, 3.75, 9.25], "texture": "#texture"},
				"south": {"uv": [1.5, 6.25, 4, 8.75], "texture": "#texture"},
				"west": {"uv": [2, 6.5, 4, 9], "texture": "#texture"},
				"up": {"uv": [1.5, 5.5, 3.5, 8.5], "texture": "#texture"}
			}
		},
		{
			"from": [15, 12.545, 6.75],
			"to": [15.75, 13.25, 7.455],
			"rotation": {"angle": -45, "axis": "x", "origin": [15, 13.25, 6.75]},
			"faces": {
				"east": {"uv": [1, 1.5, 3, 4], "texture": "#texture"},
				"south": {"uv": [1, 1, 3.5, 3.5], "texture": "#texture"},
				"west": {"uv": [1, 1.5, 3, 4], "texture": "#texture"},
				"up": {"uv": [1, 1, 3, 4], "texture": "#texture"}
			}
		},
		{
			"from": [14.25, 11.69, 9],
			"to": [14.605, 12.75, 9.75],
			"rotation": {"angle": -45, "axis": "z", "origin": [14.25, 12.75, 9]},
			"faces": {
				"north": {"uv": [11.5, 11.125, 13.25, 12.375], "texture": "#texture"},
				"east": {"uv": [11, 10.5, 12.25, 12.375], "texture": "#texture"},
				"south": {"uv": [11.125, 11.375, 13, 13], "texture": "#texture"},
				"up": {"uv": [10.625, 10.625, 12.625, 12.25], "texture": "#texture"},
				"down": {"uv": [10.75, 10.875, 12.875, 12.5], "texture": "#texture"}
			}
		},
		{
			"from": [13.75, 11.75, 9],
			"to": [14.25, 12.75, 9.75],
			"faces": {
				"east": {"uv": [11, 10.5, 12.25, 12.375], "texture": "#texture"},
				"south": {"uv": [11.125, 11.375, 13, 13], "texture": "#texture"},
				"west": {"uv": [10.625, 11.375, 12.375, 12.875], "texture": "#texture"},
				"up": {"uv": [10.625, 10.625, 12.625, 12.25], "texture": "#texture"},
				"down": {"uv": [10.75, 10.875, 12.875, 12.5], "texture": "#texture"}
			}
		},
		{
			"from": [13.5, 11.44, 9],
			"to": [13.855, 12.5, 9.75],
			"rotation": {"angle": 45, "axis": "z", "origin": [13.5, 12.5, 9]},
			"faces": {
				"north": {"uv": [11.5, 11.125, 13.25, 12.375], "texture": "#texture"},
				"east": {"uv": [11, 10.5, 12.25, 12.375], "texture": "#texture"},
				"south": {"uv": [11.125, 11.375, 13, 13], "texture": "#texture"},
				"up": {"uv": [10.625, 10.625, 12.625, 12.25], "texture": "#texture"},
				"down": {"uv": [10.75, 10.875, 12.875, 12.5], "texture": "#texture"}
			}
		},
		{
			"from": [13.5, 12, 9],
			"to": [14.5, 12.5, 9.75],
			"faces": {
				"east": {"uv": [11, 10.5, 12.25, 12.375], "texture": "#texture"},
				"south": {"uv": [11.125, 11.375, 13, 13], "texture": "#texture"},
				"west": {"uv": [10.625, 11.375, 12.375, 12.875], "texture": "#texture"},
				"down": {"uv": [10.75, 10.875, 12.875, 12.5], "texture": "#texture"}
			}
		},
		{
			"from": [14.115, 11.7825, 8.875],
			"to": [14.49, 12.1575, 9.625],
			"rotation": {"angle": -22.5, "axis": "z", "origin": [14.115, 12.1575, 8.875]},
			"faces": {
				"north": {"uv": [11.5, 11.125, 13.25, 12.375], "texture": "#texture"},
				"east": {"uv": [11, 10.5, 12.25, 12.375], "texture": "#texture"},
				"south": {"uv": [11.125, 11.375, 13, 13], "texture": "#texture"}
			}
		},
		{
			"from": [13.49, 11.345, 8.875],
			"to": [14.24, 11.72, 9.625],
			"rotation": {"angle": 22.5, "axis": "z", "origin": [13.49, 11.72, 8.875]},
			"faces": {
				"north": {"uv": [11.5, 11.125, 13.25, 12.375], "texture": "#texture"},
				"east": {"uv": [11, 10.5, 12.25, 12.375], "texture": "#texture"},
				"south": {"uv": [11.125, 11.375, 13, 13], "texture": "#texture"},
				"west": {"uv": [10.625, 11.375, 12.375, 12.875], "texture": "#texture"},
				"up": {"uv": [10.625, 10.625, 12.625, 12.25], "texture": "#texture"},
				"down": {"uv": [10.75, 10.875, 12.875, 12.5], "texture": "#texture"}
			}
		},
		{
			"from": [12.75, 11.375, 8.875],
			"to": [13.625, 12, 9.625],
			"faces": {
				"east": {"uv": [11, 10.5, 12.25, 12.375], "texture": "#texture"},
				"south": {"uv": [11.125, 11.375, 13, 13], "texture": "#texture"},
				"down": {"uv": [10.75, 10.875, 12.875, 12.5], "texture": "#texture"}
			}
		},
		{
			"from": [12.625, 11.375, 8.9375],
			"to": [13.5, 11.5, 9.6875],
			"faces": {
				"east": {"uv": [11, 10.5, 12.25, 12.375], "texture": "#texture"},
				"south": {"uv": [11.125, 11.375, 13, 13], "texture": "#texture"},
				"west": {"uv": [10.625, 11.375, 12.375, 12.875], "texture": "#texture"},
				"up": {"uv": [10.625, 10.625, 12.625, 12.25], "texture": "#texture"},
				"down": {"uv": [10.75, 10.875, 12.875, 12.5], "texture": "#texture"}
			}
		},
		{
			"from": [12.625, 11.625, 8.9375],
			"to": [13.5, 11.75, 9.6875],
			"faces": {
				"east": {"uv": [11, 10.5, 12.25, 12.375], "texture": "#texture"},
				"south": {"uv": [11.125, 11.375, 13, 13], "texture": "#texture"},
				"west": {"uv": [10.625, 11.375, 12.375, 12.875], "texture": "#texture"},
				"up": {"uv": [10.625, 10.625, 12.625, 12.25], "texture": "#texture"},
				"down": {"uv": [10.75, 10.875, 12.875, 12.5], "texture": "#texture"}
			}
		},
		{
			"from": [12.625, 11.375, 8.875],
			"to": [12.75, 11.875, 9.625],
			"faces": {
				"south": {"uv": [11.125, 11.375, 13, 13], "texture": "#texture"},
				"west": {"uv": [10.625, 11.375, 12.375, 12.875], "texture": "#texture"}
			}
		},
		{
			"from": [13.125, 11.625, 8.875],
			"to": [14, 12, 9.625],
			"rotation": {"angle": 22.5, "axis": "z", "origin": [13.125, 12, 8.875]},
			"faces": {
				"north": {"uv": [11.5, 11.125, 13.25, 12.375], "texture": "#texture"},
				"south": {"uv": [11.125, 11.375, 13, 13], "texture": "#texture"},
				"up": {"uv": [10.625, 10.625, 12.625, 12.25], "texture": "#texture"},
				"down": {"uv": [10.75, 10.875, 12.875, 12.5], "texture": "#texture"}
			}
		},
		{
			"from": [12.75, 11.875, 8.9375],
			"to": [13.5, 12, 9.6875],
			"faces": {
				"east": {"uv": [11, 10.5, 12.25, 12.375], "texture": "#texture"},
				"south": {"uv": [11.125, 11.375, 13, 13], "texture": "#texture"},
				"west": {"uv": [10.625, 11.375, 12.375, 12.875], "texture": "#texture"},
				"up": {"uv": [10.625, 10.625, 12.625, 12.25], "texture": "#texture"},
				"down": {"uv": [10.75, 10.875, 12.875, 12.5], "texture": "#texture"}
			}
		},
		{
			"from": [12.625, 11.52, 8.875],
			"to": [12.8, 11.875, 9.625],
			"rotation": {"angle": 45, "axis": "z", "origin": [12.625, 11.875, 8.875]},
			"faces": {
				"north": {"uv": [11.5, 11.125, 13.25, 12.375], "texture": "#texture"},
				"east": {"uv": [11, 10.5, 12.25, 12.375], "texture": "#texture"},
				"south": {"uv": [11.125, 11.375, 13, 13], "texture": "#texture"},
				"up": {"uv": [10.625, 10.625, 12.625, 12.25], "texture": "#texture"}
			}
		}
	],
	"display": {
		"thirdperson_righthand": {
			"rotation": [15, -90, 0],
			"translation": [0, 0, -1],
			"scale": [0.35, 0.35, 0.35]
		},
		"thirdperson_lefthand": {
			"rotation": [15, -90, 0],
			"translation": [0, 0, -1],
			"scale": [-0.35, 0.35, -0.35]
		},
		"firstperson_righthand": {
			"rotation": [92, -90, 90],
			"translation": [-0.25, 0.75, -6.75],
			"scale": [0.6, 0.6, 0.6]
		},
		"firstperson_lefthand": {
			"rotation": [92, -90, 90],
			"translation": [-0.25, 0.75, -6.75],
			"scale": [-0.6, 0.6, -0.6]
		},
		"ground": {
			"rotation": [90, 0, 0],
			"translation": [0, -1.75, 0],
			"scale": [0.25, 0.25, 0.25]
		},
		"gui": {
			"rotation": [0, 45, 30],
			"translation": [-0.75, -1.5, 0],
			"scale": [0.8, 0.8, 0.8]
		},
		"head": {
			"rotation": [0, 0, -45],
			"translation": [2.25, -23, 4],
			"scale": [0.4, 0.4, 0.4]
		},
		"fixed": {
			"rotation": [0, -180, 0],
			"translation": [0.5, 0.75, -1],
			"scale": [0.5, 0.5, 0.5]
		}
	},
	"groups": [0, 1, 2, 3, 4, 5, 6, 7, 8, 9, 10, 11, 12, 13, 14, 15, 16, 17, 18, 19, 20, 21, 22, 23, 24, 25, 26, 27, 28, 29, 30, 31, 32, 33, 34, 35, 36, 37, 38, 39, 40, 41, 42, 43, 44, 45, 46, 47, 48, 49, 50, 51, 52, 53, 54, 55, 56, 57, 58, 59, 60, 61, 62, 63, 64, 65, 66, 67, 68, 69, 70, 71, 72, 73, 74, 75, 76, 77, 78, 79, 80, 81, 82, 83, 84, 85, 86, 87, 88, 89, 90, 91, 92, 93, 94, 95, 96, 97, 98, 99, 100, 101, 102, 103, 104, 105, 106, 107, 108, 109, 110, 111, 112, 113, 114, 115, 116, 117, 118, 119, 120, 121, 122, 123, 124, 125, 126, 127, 128, 129, 130,
		{
			"name": "slider",
			"origin": [14.25, 14.2775, 7.52],
			"children": [131, 132, 133, 134, 135, 136, 137, 138, 139, 140, 141, 142, 143, 144, 145, 146, 147, 148, 149, 150, 151, 152, 153, 154, 155, 156, 157, 158, 159, 160, 161, 162, 163, 164, 165, 166, 167, 168, 169, 170,
				{
					"name": "slider_button",
					"origin": [12.625, 11.875, 8.875],
					"children": [171, 172, 173, 174, 175, 176, 177, 178, 179, 180, 181, 182, 183]
				}
			]
		}
	]
}