{
	"parent": "item/handheld",
	"textures": {
		"layer0": "item/arrow"
	},
	"overrides": [
		{"predicate": {"custom_model_data": 1 }, "model": "ammunition/01_mk2"},
		{"predicate": {"custom_model_data": 2 }, "model": "ammunition/02_ballista"},
		{"predicate": {"custom_model_data": 3 }, "model": "ammunition/03_mac10"},
		{"predicate": {"custom_model_data": 4 }, "model": "ammunition/04_m1a"},
		{"predicate": {"custom_model_data": 5 }, "model": "ammunition/05_walther_pp"},
		{"predicate": {"custom_model_data": 6 }, "model": "ammunition/06_aa12"},
		{"predicate": {"custom_model_data": 7 }, "model": "ammunition/07_mm19_s"},
		{"predicate": {"custom_model_data": 8 }, "model": "ammunition/08_smr"},
		{"predicate": {"custom_model_data": 9 }, "model": "ammunition/09_mk14"},
		{"predicate": {"custom_model_data": 10 }, "model": "ammunition/10_fad"},
		{"predicate": {"custom_model_data": 11 }, "model": "ammunition/11_vesper"}
	]
}