{
	"parent": "item/handheld",
	"textures": {
		"layer0": "item/diamond_hoe"
	},
	"overrides": [
		{"predicate": {"custom_model_data": 1 }, "model": "attachments/holo_1"},
		{"predicate": {"custom_model_data": 2 }, "model": "attachments/reflex_1"},
		{"predicate": {"custom_model_data": 3 }, "model": "attachments/reflex_2"},
		{"predicate": {"custom_model_data": 4 }, "model": "attachments/reflex_3"},
		{"predicate": {"custom_model_data": 5 }, "model": "attachments/reflex_4"},
		{"predicate": {"custom_model_data": 6 }, "model": "attachments/scope_ballista"},
		{"predicate": {"custom_model_data": 7 }, "model": "attachments/scope_x8"},
		{"predicate": {"custom_model_data": 8 }, "model": "attachments/scope_mk14"}
	]
}