{
	"parent": "item/handheld",
	"textures": {
		"layer0": "item/diamond_hoe"
	},
	"overrides": [
		{"predicate": {"custom_model_data": 1 }, "model": "guns/01_mk2"},
		{"predicate": {"custom_model_data": 2 }, "model": "guns/02_mk2_holo"},
		{"predicate": {"custom_model_data": 3 }, "model": "guns/03_mk2_reflex1"},
		{"predicate": {"custom_model_data": 4 }, "model": "guns/04_mk2_reflex2"},
		{"predicate": {"custom_model_data": 5 }, "model": "guns/05_mk2_reflex3"},
		{"predicate": {"custom_model_data": 6 }, "model": "guns/06_mk2_reflex4"},		
		{"predicate": {"custom_model_data": 7 }, "model": "guns/07_ballista_ironsight"},
		{"predicate": {"custom_model_data": 8 }, "model": "guns/08_ballista_scoped"},		
		{"predicate": {"custom_model_data": 9 }, "model": "guns/09_mac10"},
		{"predicate": {"custom_model_data": 10 }, "model": "guns/10_mac10_stock"},		
		{"predicate": {"custom_model_data": 11 }, "model": "guns/11_m1a_ironsight"},
		{"predicate": {"custom_model_data": 12 }, "model": "guns/12_m1a_x8scope"},		
		{"predicate": {"custom_model_data": 13 }, "model": "guns/13_walther_pp"},		
		{"predicate": {"custom_model_data": 14 }, "model": "guns/14_aa12"},		
		{"predicate": {"custom_model_data": 15 }, "model": "guns/15_mm19_s"},
		{"predicate": {"custom_model_data": 16 }, "model": "guns/16_mm19_s_stock"},		
		{"predicate": {"custom_model_data": 17 }, "model": "guns/17_smr"},
		{"predicate": {"custom_model_data": 18 }, "model": "guns/18_mk14_iron_sight"},
		{"predicate": {"custom_model_data": 19 }, "model": "guns/19_mk14_scoped"},
		{"predicate": {"custom_model_data": 20 }, "model": "guns/20_fad"},
		{"predicate": {"custom_model_data": 21 }, "model": "guns/21_vesper"}
	]
}