{
	"credit": "Made by MadstonMagic, using Cubik Pro & Blockbench",
	"textures": {
		"dot": "attachments/holo_dot",
		"texture": "attachments/reflex"
	},
	"elements": [
		{
			"name": "Element",
			"from": [8, 6.75, 8.5],
			"to": [14, 9, 11],
			"faces": {
				"north": {"uv": [1.5, 1.5, 4.5, 4], "texture": "#texture"},
				"east": {"uv": [2, 1, 5, 4], "texture": "#texture"},
				"south": {"uv": [1.5, 2, 3.5, 4], "texture": "#texture"},
				"west": {"uv": [1.5, 1.5, 4.5, 4.5], "texture": "#texture"},
				"up": {"uv": [2, 1, 5, 4], "texture": "#texture"},
				"down": {"uv": [2, 2, 4, 4], "texture": "#texture"}
			}
		},
		{
			"name": "Element",
			"from": [8, 6.75, 5],
			"to": [14, 9, 7.5],
			"faces": {
				"north": {"uv": [1.5, 1.5, 4.5, 4], "texture": "#texture"},
				"east": {"uv": [2, 1, 5, 4], "texture": "#texture"},
				"south": {"uv": [1.5, 2, 3.5, 4], "texture": "#texture"},
				"west": {"uv": [1.5, 1.5, 4.5, 4.5], "texture": "#texture"},
				"up": {"uv": [2, 1, 5, 4], "texture": "#texture"},
				"down": {"uv": [2, 2, 4, 4], "texture": "#texture"}
			}
		},
		{
			"name": "Element",
			"from": [14, 6.5, 8.5],
			"to": [14.5, 8.5, 11],
			"faces": {
				"north": {"uv": [1.5, 1.5, 4.5, 4], "texture": "#texture"},
				"east": {"uv": [2, 1, 5, 4], "texture": "#texture"},
				"south": {"uv": [1.5, 2, 3.5, 4], "texture": "#texture"},
				"west": {"uv": [1.5, 1.5, 4.5, 4.5], "texture": "#texture"},
				"up": {"uv": [2, 1, 5, 4], "texture": "#texture"},
				"down": {"uv": [2, 2, 4, 4], "texture": "#texture"}
			}
		},
		{
			"name": "Element",
			"from": [14, 8.295, 8.5],
			"to": [14.705, 9, 11],
			"rotation": {"angle": -45, "axis": "z", "origin": [14, 9, 8.5]},
			"faces": {
				"north": {"uv": [1.5, 1.5, 4.5, 4], "texture": "#texture"},
				"east": {"uv": [2, 1, 5, 4], "texture": "#texture"},
				"south": {"uv": [1.5, 2, 3.5, 4], "texture": "#texture"},
				"west": {"uv": [1.5, 1.5, 4.5, 4.5], "texture": "#texture"},
				"up": {"uv": [2, 1, 5, 4], "texture": "#texture"},
				"down": {"uv": [2, 2, 4, 4], "texture": "#texture"}
			}
		},
		{
			"name": "Element",
			"from": [14, 6.295, 8.5],
			"to": [14.705, 7, 11],
			"rotation": {"angle": -45, "axis": "z", "origin": [14, 7, 8.5]},
			"faces": {
				"north": {"uv": [1.5, 1.5, 4.5, 4], "texture": "#texture"},
				"east": {"uv": [2, 1, 5, 4], "texture": "#texture"},
				"south": {"uv": [1.5, 2, 3.5, 4], "texture": "#texture"},
				"west": {"uv": [1.5, 1.5, 4.5, 4.5], "texture": "#texture"},
				"up": {"uv": [2, 1, 5, 4], "texture": "#texture"},
				"down": {"uv": [2, 2, 4, 4], "texture": "#texture"}
			}
		},
		{
			"name": "Element",
			"from": [14, 8.295, 5],
			"to": [14.705, 9, 7.5],
			"rotation": {"angle": -45, "axis": "z", "origin": [14, 9, 5]},
			"faces": {
				"north": {"uv": [1.5, 1.5, 4.5, 4], "texture": "#texture"},
				"east": {"uv": [2, 1, 5, 4], "texture": "#texture"},
				"south": {"uv": [1.5, 2, 3.5, 4], "texture": "#texture"},
				"west": {"uv": [1.5, 1.5, 4.5, 4.5], "texture": "#texture"},
				"up": {"uv": [2, 1, 5, 4], "texture": "#texture"},
				"down": {"uv": [2, 2, 4, 4], "texture": "#texture"}
			}
		},
		{
			"name": "Element",
			"from": [14, 6.5, 5],
			"to": [14.5, 8.5, 7.5],
			"faces": {
				"north": {"uv": [1.5, 1.5, 4.5, 4], "texture": "#texture"},
				"east": {"uv": [2, 1, 5, 4], "texture": "#texture"},
				"south": {"uv": [1.5, 2, 3.5, 4], "texture": "#texture"},
				"west": {"uv": [1.5, 1.5, 4.5, 4.5], "texture": "#texture"},
				"up": {"uv": [2, 1, 5, 4], "texture": "#texture"},
				"down": {"uv": [2, 2, 4, 4], "texture": "#texture"}
			}
		},
		{
			"name": "Element",
			"from": [14, 6.295, 5],
			"to": [14.705, 7, 7.5],
			"rotation": {"angle": -45, "axis": "z", "origin": [14, 7, 5]},
			"faces": {
				"north": {"uv": [1.5, 1.5, 4.5, 4], "texture": "#texture"},
				"east": {"uv": [2, 1, 5, 4], "texture": "#texture"},
				"south": {"uv": [1.5, 2, 3.5, 4], "texture": "#texture"},
				"west": {"uv": [1.5, 1.5, 4.5, 4.5], "texture": "#texture"},
				"up": {"uv": [2, 1, 5, 4], "texture": "#texture"},
				"down": {"uv": [2, 2, 4, 4], "texture": "#texture"}
			}
		},
		{
			"name": "Element",
			"from": [12, 6, 8.5],
			"to": [14, 6.75, 11],
			"faces": {
				"north": {"uv": [1.5, 1.5, 4.5, 4], "texture": "#texture"},
				"east": {"uv": [2, 1, 5, 4], "texture": "#texture"},
				"south": {"uv": [1.5, 2, 3.5, 4], "texture": "#texture"},
				"west": {"uv": [1.5, 1.5, 4.5, 4.5], "texture": "#texture"},
				"up": {"uv": [2, 1, 5, 4], "texture": "#texture"},
				"down": {"uv": [2, 2, 4, 4], "texture": "#texture"}
			}
		},
		{
			"name": "Element",
			"from": [12, 6, 5],
			"to": [14, 6.75, 7.5],
			"faces": {
				"north": {"uv": [1.5, 1.5, 4.5, 4], "texture": "#texture"},
				"east": {"uv": [2, 1, 5, 4], "texture": "#texture"},
				"south": {"uv": [1.5, 2, 3.5, 4], "texture": "#texture"},
				"west": {"uv": [1.5, 1.5, 4.5, 4.5], "texture": "#texture"},
				"up": {"uv": [2, 1, 5, 4], "texture": "#texture"},
				"down": {"uv": [2, 2, 4, 4], "texture": "#texture"}
			}
		},
		{
			"name": "Element",
			"from": [10, 6, 5],
			"to": [12, 6.5, 11],
			"faces": {
				"north": {"uv": [8, 7.75, 11, 10.25], "texture": "#texture"},
				"east": {"uv": [7.75, 7.25, 10.75, 10.25], "texture": "#texture"},
				"south": {"uv": [7, 7.75, 9, 9.75], "texture": "#texture"},
				"west": {"uv": [7.5, 7.5, 10.5, 10.5], "texture": "#texture"},
				"up": {"uv": [7.25, 8, 10.25, 11], "texture": "#texture"},
				"down": {"uv": [8.75, 7.5, 10.75, 9.5], "texture": "#texture"}
			}
		},
		{
			"name": "Element",
			"from": [9.7175, 6, 10.5625],
			"to": [12.4675, 6.5, 11.3125],
			"rotation": {"angle": 22.5, "axis": "y", "origin": [9.7175, 6, 10.5625]},
			"faces": {
				"north": {"uv": [8, 7.75, 11, 10.25], "texture": "#texture"},
				"east": {"uv": [7.75, 7.25, 10.75, 10.25], "texture": "#texture"},
				"south": {"uv": [7, 7.75, 9, 9.75], "texture": "#texture"},
				"west": {"uv": [7.5, 7.5, 10.5, 10.5], "texture": "#texture"},
				"up": {"uv": [7.25, 8, 10.25, 11], "texture": "#texture"},
				"down": {"uv": [8.75, 7.5, 10.75, 9.5], "texture": "#texture"}
			}
		},
		{
			"name": "Element",
			"from": [9.75, 6.25, 4.75],
			"to": [10, 6.5, 11.25],
			"faces": {
				"north": {"uv": [8, 7.75, 11, 10.25], "texture": "#texture"},
				"east": {"uv": [7.75, 7.25, 10.75, 10.25], "texture": "#texture"},
				"south": {"uv": [7, 7.75, 9, 9.75], "texture": "#texture"},
				"west": {"uv": [7.5, 7.5, 10.5, 10.5], "texture": "#texture"},
				"up": {"uv": [7.25, 8, 10.25, 11], "texture": "#texture"},
				"down": {"uv": [8.75, 7.5, 10.75, 9.5], "texture": "#texture"}
			}
		},
		{
			"name": "Element",
			"from": [9.5, 6.25, 11],
			"to": [9.855, 6.5, 11.355],
			"rotation": {"angle": 45, "axis": "y", "origin": [9.5, 6.25, 11]},
			"faces": {
				"north": {"uv": [8, 7.75, 11, 10.25], "texture": "#texture"},
				"east": {"uv": [7.75, 7.25, 10.75, 10.25], "texture": "#texture"},
				"south": {"uv": [7, 7.75, 9, 9.75], "texture": "#texture"},
				"west": {"uv": [7.5, 7.5, 10.5, 10.5], "texture": "#texture"},
				"up": {"uv": [7.25, 8, 10.25, 11], "texture": "#texture"},
				"down": {"uv": [8.75, 7.5, 10.75, 9.5], "texture": "#texture"}
			}
		},
		{
			"name": "rail",
			"from": [5, 5.75, 4.75],
			"to": [13, 6, 11.25],
			"faces": {
				"north": {"uv": [8, 7.75, 11, 10.25], "texture": "#texture"},
				"east": {"uv": [7.75, 7.25, 10.75, 10.25], "texture": "#texture"},
				"south": {"uv": [7, 7.75, 9, 9.75], "texture": "#texture"},
				"west": {"uv": [7.5, 7.5, 10.5, 10.5], "texture": "#texture"},
				"up": {"uv": [7.25, 8, 10.25, 11], "texture": "#texture"},
				"down": {"uv": [8.75, 7.5, 10.75, 9.5], "texture": "#texture"}
			}
		},
		{
			"name": "rail",
			"from": [5, 4, 10.75],
			"to": [13, 5.75, 11.25],
			"faces": {
				"north": {"uv": [8, 7.75, 11, 10.25], "texture": "#texture"},
				"east": {"uv": [7.75, 7.25, 10.75, 10.25], "texture": "#texture"},
				"south": {"uv": [7, 7.75, 9, 9.75], "texture": "#texture"},
				"west": {"uv": [7.5, 7.5, 10.5, 10.5], "texture": "#texture"},
				"up": {"uv": [7.25, 8, 10.25, 11], "texture": "#texture"},
				"down": {"uv": [8.75, 7.5, 10.75, 9.5], "texture": "#texture"}
			}
		},
		{
			"name": "rail",
			"from": [5, 5.295, 10.75],
			"to": [13, 6, 11.455],
			"rotation": {"angle": 45, "axis": "x", "origin": [5, 6, 10.75]},
			"faces": {
				"north": {"uv": [8, 7.75, 11, 10.25], "texture": "#texture"},
				"east": {"uv": [7.75, 7.25, 10.75, 10.25], "texture": "#texture"},
				"south": {"uv": [7, 7.75, 9, 9.75], "texture": "#texture"},
				"west": {"uv": [7.5, 7.5, 10.5, 10.5], "texture": "#texture"},
				"up": {"uv": [7.25, 8, 10.25, 11], "texture": "#texture"},
				"down": {"uv": [8.75, 7.5, 10.75, 9.5], "texture": "#texture"}
			}
		},
		{
			"name": "rail",
			"from": [5, 3.295, 10.25],
			"to": [13, 4, 10.955],
			"rotation": {"angle": -45, "axis": "x", "origin": [5, 4, 10.25]},
			"faces": {
				"north": {"uv": [8, 7.75, 11, 10.25], "texture": "#texture"},
				"east": {"uv": [7.75, 7.25, 10.75, 10.25], "texture": "#texture"},
				"south": {"uv": [7, 7.75, 9, 9.75], "texture": "#texture"},
				"west": {"uv": [7.5, 7.5, 10.5, 10.5], "texture": "#texture"},
				"up": {"uv": [7.25, 8, 10.25, 11], "texture": "#texture"},
				"down": {"uv": [8.75, 7.5, 10.75, 9.5], "texture": "#texture"}
			}
		},
		{
			"name": "rail",
			"from": [5, 5.5, 5.5],
			"to": [13, 5.75, 6.25],
			"faces": {
				"north": {"uv": [8, 7.75, 11, 10.25], "texture": "#texture"},
				"east": {"uv": [7.75, 7.25, 10.75, 10.25], "texture": "#texture"},
				"south": {"uv": [7, 7.75, 9, 9.75], "texture": "#texture"},
				"west": {"uv": [7.5, 7.5, 10.5, 10.5], "texture": "#texture"},
				"up": {"uv": [7.25, 8, 10.25, 11], "texture": "#texture"},
				"down": {"uv": [8.75, 7.5, 10.75, 9.5], "texture": "#texture"}
			}
		},
		{
			"name": "rail",
			"from": [5, 5.645, 9.75],
			"to": [13, 6, 10.105],
			"rotation": {"angle": 45, "axis": "x", "origin": [5, 6, 9.75]},
			"faces": {
				"north": {"uv": [8, 7.75, 11, 10.25], "texture": "#texture"},
				"east": {"uv": [7.75, 7.25, 10.75, 10.25], "texture": "#texture"},
				"south": {"uv": [7, 7.75, 9, 9.75], "texture": "#texture"},
				"west": {"uv": [7.5, 7.5, 10.5, 10.5], "texture": "#texture"},
				"up": {"uv": [7.25, 8, 10.25, 11], "texture": "#texture"},
				"down": {"uv": [8.75, 7.5, 10.75, 9.5], "texture": "#texture"}
			}
		},
		{
			"name": "rail",
			"from": [5, 3.5, 10.25],
			"to": [13, 4, 11.25],
			"faces": {
				"north": {"uv": [8, 7.75, 11, 10.25], "texture": "#texture"},
				"east": {"uv": [7.75, 7.25, 10.75, 10.25], "texture": "#texture"},
				"south": {"uv": [7, 7.75, 9, 9.75], "texture": "#texture"},
				"west": {"uv": [7.5, 7.5, 10.5, 10.5], "texture": "#texture"},
				"up": {"uv": [7.25, 8, 10.25, 11], "texture": "#texture"},
				"down": {"uv": [8.75, 7.5, 10.75, 9.5], "texture": "#texture"}
			}
		},
		{
			"name": "rail",
			"from": [5, 4, 10.75],
			"to": [13, 4.75, 11],
			"rotation": {"angle": 22.5, "axis": "x", "origin": [5, 4.75, 10.75]},
			"faces": {
				"north": {"uv": [8, 7.75, 11, 10.25], "texture": "#texture"},
				"east": {"uv": [7.75, 7.25, 10.75, 10.25], "texture": "#texture"},
				"south": {"uv": [7, 7.75, 9, 9.75], "texture": "#texture"},
				"west": {"uv": [7.5, 7.5, 10.5, 10.5], "texture": "#texture"},
				"up": {"uv": [7.25, 8, 10.25, 11], "texture": "#texture"},
				"down": {"uv": [8.75, 7.5, 10.75, 9.5], "texture": "#texture"}
			}
		},
		{
			"name": "Element",
			"from": [5, 6.5, 5],
			"to": [12, 6.75, 11],
			"faces": {
				"north": {"uv": [1.75, 7.75, 4.75, 10.25], "texture": "#texture"},
				"east": {"uv": [2, 7, 5, 10], "texture": "#texture"},
				"south": {"uv": [1.75, 8.5, 3.75, 10.5], "texture": "#texture"},
				"west": {"uv": [1.5, 7.25, 4.5, 10.25], "texture": "#texture"},
				"up": {"uv": [1.5, 7.5, 4.5, 10.5], "texture": "#texture"},
				"down": {"uv": [2, 8, 4, 10], "texture": "#texture"}
			}
		},
		{
			"name": "Element",
			"from": [5, 6.25, 5],
			"to": [10, 6.5, 11],
			"faces": {
				"north": {"uv": [8, 7.75, 11, 10.25], "texture": "#texture"},
				"east": {"uv": [7.75, 7.25, 10.75, 10.25], "texture": "#texture"},
				"south": {"uv": [7, 7.75, 9, 9.75], "texture": "#texture"},
				"west": {"uv": [7.5, 7.5, 10.5, 10.5], "texture": "#texture"},
				"up": {"uv": [7.25, 8, 10.25, 11], "texture": "#texture"},
				"down": {"uv": [8.75, 7.5, 10.75, 9.5], "texture": "#texture"}
			}
		},
		{
			"name": "Element",
			"from": [10, 6, 4.75],
			"to": [12.75, 6.5, 5.5],
			"rotation": {"angle": -22.5, "axis": "y", "origin": [10, 6, 4.75]},
			"faces": {
				"north": {"uv": [8, 7.75, 11, 10.25], "texture": "#texture"},
				"east": {"uv": [7.75, 7.25, 10.75, 10.25], "texture": "#texture"},
				"south": {"uv": [7, 7.75, 9, 9.75], "texture": "#texture"},
				"west": {"uv": [7.5, 7.5, 10.5, 10.5], "texture": "#texture"},
				"up": {"uv": [7.25, 8, 10.25, 11], "texture": "#texture"},
				"down": {"uv": [8.75, 7.5, 10.75, 9.5], "texture": "#texture"}
			}
		},
		{
			"name": "Element",
			"from": [9.5, 6.25, 5],
			"to": [9.855, 6.5, 5.355],
			"rotation": {"angle": 45, "axis": "y", "origin": [9.5, 6.25, 5]},
			"faces": {
				"north": {"uv": [8, 7.75, 11, 10.25], "texture": "#texture"},
				"east": {"uv": [7.75, 7.25, 10.75, 10.25], "texture": "#texture"},
				"south": {"uv": [7, 7.75, 9, 9.75], "texture": "#texture"},
				"west": {"uv": [7.5, 7.5, 10.5, 10.5], "texture": "#texture"},
				"up": {"uv": [7.25, 8, 10.25, 11], "texture": "#texture"},
				"down": {"uv": [8.75, 7.5, 10.75, 9.5], "texture": "#texture"}
			}
		},
		{
			"name": "Element",
			"from": [8, 6.75, 7.5],
			"to": [14.25, 8.75, 8.5],
			"faces": {
				"north": {"uv": [12.75, 1.25, 15.25, 3.25], "texture": "#texture"},
				"east": {"uv": [13, 1, 15, 3], "texture": "#texture"},
				"south": {"uv": [13, 0.5, 15, 2.5], "texture": "#texture"},
				"west": {"uv": [13.25, 0.75, 15.25, 2.75], "texture": "#texture"},
				"up": {"uv": [13, 1, 15.25, 3.5], "texture": "#texture"},
				"down": {"uv": [13, 1, 15, 3], "texture": "#texture"}
			}
		},
		{
			"name": "Element",
			"from": [13.75, 6.5, 7.5],
			"to": [14.5, 8.5, 7.875],
			"faces": {
				"north": {"uv": [12.75, 1.25, 15.25, 3.25], "texture": "#texture"},
				"east": {"uv": [13, 1, 15, 3], "texture": "#texture"},
				"south": {"uv": [13, 0.5, 15, 2.5], "texture": "#texture"},
				"west": {"uv": [13.25, 0.75, 15.25, 2.75], "texture": "#texture"},
				"up": {"uv": [13, 1, 15.25, 3.5], "texture": "#texture"},
				"down": {"uv": [13, 1, 15, 3], "texture": "#texture"}
			}
		},
		{
			"name": "Element",
			"from": [13.75, 6.5, 8.125],
			"to": [14.5, 8.5, 8.5],
			"faces": {
				"north": {"uv": [12.75, 1.25, 15.25, 3.25], "texture": "#texture"},
				"east": {"uv": [13, 1, 15, 3], "texture": "#texture"},
				"south": {"uv": [13, 0.5, 15, 2.5], "texture": "#texture"},
				"west": {"uv": [13.25, 0.75, 15.25, 2.75], "texture": "#texture"},
				"up": {"uv": [13, 1, 15.25, 3.5], "texture": "#texture"},
				"down": {"uv": [13, 1, 15, 3], "texture": "#texture"}
			}
		},
		{
			"name": "Element",
			"from": [14.25, 8.395, 7.5],
			"to": [14.605, 8.75, 8.5],
			"rotation": {"angle": -45, "axis": "z", "origin": [14.25, 8.75, 7.5]},
			"faces": {
				"north": {"uv": [12.75, 1.25, 15.25, 3.25], "texture": "#texture"},
				"east": {"uv": [13, 1, 15, 3], "texture": "#texture"},
				"south": {"uv": [13, 0.5, 15, 2.5], "texture": "#texture"},
				"west": {"uv": [13.25, 0.75, 15.25, 2.75], "texture": "#texture"},
				"up": {"uv": [13, 1, 15.25, 3.5], "texture": "#texture"},
				"down": {"uv": [13, 1, 15, 3], "texture": "#texture"}
			}
		},
		{
			"name": "Element",
			"from": [13.75, 8, 7.875],
			"to": [14.5, 8.5, 8.125],
			"faces": {
				"north": {"uv": [12.75, 1.25, 15.25, 3.25], "texture": "#texture"},
				"east": {"uv": [13, 1, 15, 3], "texture": "#texture"},
				"south": {"uv": [13, 0.5, 15, 2.5], "texture": "#texture"},
				"west": {"uv": [13.25, 0.75, 15.25, 2.75], "texture": "#texture"},
				"up": {"uv": [13, 1, 15.25, 3.5], "texture": "#texture"},
				"down": {"uv": [13, 1, 15, 3], "texture": "#texture"}
			}
		},
		{
			"name": "Element",
			"from": [14, 6.295, 7.5],
			"to": [14.705, 7, 8.5],
			"rotation": {"angle": -45, "axis": "z", "origin": [14, 7, 7.5]},
			"faces": {
				"north": {"uv": [12.75, 1.25, 15.25, 3.25], "texture": "#texture"},
				"east": {"uv": [13, 1, 15, 3], "texture": "#texture"},
				"south": {"uv": [13, 0.5, 15, 2.5], "texture": "#texture"},
				"west": {"uv": [13.25, 0.75, 15.25, 2.75], "texture": "#texture"},
				"up": {"uv": [13, 1, 15.25, 3.5], "texture": "#texture"},
				"down": {"uv": [13, 1, 15, 3], "texture": "#texture"}
			}
		},
		{
			"name": "Element",
			"from": [5.125, 5.875, 7.5],
			"to": [14.125, 6.75, 8.5],
			"faces": {
				"north": {"uv": [12.75, 1.25, 15.25, 3.25], "texture": "#texture"},
				"east": {"uv": [13, 1, 15, 3], "texture": "#texture"},
				"south": {"uv": [13, 0.5, 15, 2.5], "texture": "#texture"},
				"west": {"uv": [13.25, 0.75, 15.25, 2.75], "texture": "#texture"},
				"up": {"uv": [13, 1, 15.25, 3.5], "texture": "#texture"},
				"down": {"uv": [13, 1, 15, 3], "texture": "#texture"}
			}
		},
		{
			"name": "Element",
			"from": [14.125, 6.5, 7.875],
			"to": [14.625, 7.25, 8.125],
			"faces": {
				"north": {"uv": [12.75, 5.5, 15.25, 7.5], "texture": "#texture"},
				"east": {"uv": [13.25, 4.875, 15.25, 6.875], "texture": "#texture"},
				"south": {"uv": [12.875, 5.25, 14.875, 7.25], "texture": "#texture"},
				"west": {"uv": [13, 5, 15, 7], "texture": "#texture"},
				"up": {"uv": [13, 4.75, 15.25, 7.25], "texture": "#texture"},
				"down": {"uv": [13.125, 4.75, 15.125, 6.75], "texture": "#texture"}
			}
		},
		{
			"name": "Element",
			"from": [14, 6, 7.875],
			"to": [14.125, 6.25, 8.125],
			"faces": {
				"north": {"uv": [12.75, 5.5, 15.25, 7.5], "texture": "#texture"},
				"east": {"uv": [13.25, 4.875, 15.25, 6.875], "texture": "#texture"},
				"south": {"uv": [12.875, 5.25, 14.875, 7.25], "texture": "#texture"},
				"west": {"uv": [13, 5, 15, 7], "texture": "#texture"},
				"up": {"uv": [13, 4.75, 15.25, 7.25], "texture": "#texture"},
				"down": {"uv": [13.125, 4.75, 15.125, 6.75], "texture": "#texture"}
			}
		},
		{
			"name": "Element",
			"from": [14.125, 6.295, 7.875],
			"to": [14.83, 7, 8.125],
			"rotation": {"angle": -45, "axis": "z", "origin": [14.125, 7, 7.875]},
			"faces": {
				"north": {"uv": [12.75, 5.5, 15.25, 7.5], "texture": "#texture"},
				"east": {"uv": [13.25, 4.875, 15.25, 6.875], "texture": "#texture"},
				"south": {"uv": [12.875, 5.25, 14.875, 7.25], "texture": "#texture"},
				"west": {"uv": [13, 5, 15, 7], "texture": "#texture"},
				"up": {"uv": [13, 4.75, 15.25, 7.25], "texture": "#texture"},
				"down": {"uv": [13.125, 4.75, 15.125, 6.75], "texture": "#texture"}
			}
		},
		{
			"name": "Element",
			"from": [14.125, 7.045, 7.875],
			"to": [14.83, 7.75, 8.125],
			"rotation": {"angle": -45, "axis": "z", "origin": [14.125, 7.75, 7.875]},
			"faces": {
				"north": {"uv": [12.75, 5.5, 15.25, 7.5], "texture": "#texture"},
				"east": {"uv": [13.25, 4.875, 15.25, 6.875], "texture": "#texture"},
				"south": {"uv": [12.875, 5.25, 14.875, 7.25], "texture": "#texture"},
				"west": {"uv": [13, 5, 15, 7], "texture": "#texture"},
				"up": {"uv": [13, 4.75, 15.25, 7.25], "texture": "#texture"},
				"down": {"uv": [13.125, 4.75, 15.125, 6.75], "texture": "#texture"}
			}
		},
		{
			"name": "rail*",
			"from": [5, 4, 4.75],
			"to": [13, 5.75, 5.25],
			"faces": {
				"north": {"uv": [8, 7.75, 11, 10.25], "texture": "#texture"},
				"east": {"uv": [7.75, 7.25, 10.75, 10.25], "texture": "#texture"},
				"south": {"uv": [7, 7.75, 9, 9.75], "texture": "#texture"},
				"west": {"uv": [7.5, 7.5, 10.5, 10.5], "texture": "#texture"},
				"up": {"uv": [7.25, 8, 10.25, 11], "texture": "#texture"},
				"down": {"uv": [8.75, 7.5, 10.75, 9.5], "texture": "#texture"}
			}
		},
		{
			"name": "rail*",
			"from": [5, 3.5, 4.75],
			"to": [13, 4, 5.75],
			"faces": {
				"north": {"uv": [8, 7.75, 11, 10.25], "texture": "#texture"},
				"east": {"uv": [7.75, 7.25, 10.75, 10.25], "texture": "#texture"},
				"south": {"uv": [7, 7.75, 9, 9.75], "texture": "#texture"},
				"west": {"uv": [7.5, 7.5, 10.5, 10.5], "texture": "#texture"},
				"up": {"uv": [7.25, 8, 10.25, 11], "texture": "#texture"},
				"down": {"uv": [8.75, 7.5, 10.75, 9.5], "texture": "#texture"}
			}
		},
		{
			"name": "rail*",
			"from": [5, 3.795, 5.25],
			"to": [13, 4.5, 5.955],
			"rotation": {"angle": 45, "axis": "x", "origin": [5, 4.5, 5.25]},
			"faces": {
				"north": {"uv": [8, 7.75, 11, 10.25], "texture": "#texture"},
				"east": {"uv": [7.75, 7.25, 10.75, 10.25], "texture": "#texture"},
				"south": {"uv": [7, 7.75, 9, 9.75], "texture": "#texture"},
				"west": {"uv": [7.5, 7.5, 10.5, 10.5], "texture": "#texture"},
				"up": {"uv": [7.25, 8, 10.25, 11], "texture": "#texture"},
				"down": {"uv": [8.75, 7.5, 10.75, 9.5], "texture": "#texture"}
			}
		},
		{
			"name": "rail*",
			"from": [5, 4, 5],
			"to": [13, 4.75, 5.25],
			"rotation": {"angle": -22.5, "axis": "x", "origin": [5, 4.75, 5]},
			"faces": {
				"north": {"uv": [8, 7.75, 11, 10.25], "texture": "#texture"},
				"east": {"uv": [7.75, 7.25, 10.75, 10.25], "texture": "#texture"},
				"south": {"uv": [7, 7.75, 9, 9.75], "texture": "#texture"},
				"west": {"uv": [7.5, 7.5, 10.5, 10.5], "texture": "#texture"},
				"up": {"uv": [7.25, 8, 10.25, 11], "texture": "#texture"},
				"down": {"uv": [8.75, 7.5, 10.75, 9.5], "texture": "#texture"}
			}
		},
		{
			"name": "rail*",
			"from": [5, 4.795, 4.75],
			"to": [13, 5.5, 5.455],
			"rotation": {"angle": -45, "axis": "x", "origin": [5, 5.5, 4.75]},
			"faces": {
				"north": {"uv": [8, 7.75, 11, 10.25], "texture": "#texture"},
				"east": {"uv": [7.75, 7.25, 10.75, 10.25], "texture": "#texture"},
				"south": {"uv": [7, 7.75, 9, 9.75], "texture": "#texture"},
				"west": {"uv": [7.5, 7.5, 10.5, 10.5], "texture": "#texture"},
				"up": {"uv": [7.25, 8, 10.25, 11], "texture": "#texture"},
				"down": {"uv": [8.75, 7.5, 10.75, 9.5], "texture": "#texture"}
			}
		},
		{
			"name": "rail*",
			"from": [5, 5.5, 9.75],
			"to": [13, 5.75, 10.5],
			"faces": {
				"north": {"uv": [8, 7.75, 11, 10.25], "texture": "#texture"},
				"east": {"uv": [7.75, 7.25, 10.75, 10.25], "texture": "#texture"},
				"south": {"uv": [7, 7.75, 9, 9.75], "texture": "#texture"},
				"west": {"uv": [7.5, 7.5, 10.5, 10.5], "texture": "#texture"},
				"up": {"uv": [7.25, 8, 10.25, 11], "texture": "#texture"},
				"down": {"uv": [8.75, 7.5, 10.75, 9.5], "texture": "#texture"}
			}
		},
		{
			"name": "rail*",
			"from": [5, 5.395, 6],
			"to": [13, 5.75, 6.355],
			"rotation": {"angle": -45, "axis": "x", "origin": [5, 5.75, 6]},
			"faces": {
				"north": {"uv": [8, 7.75, 11, 10.25], "texture": "#texture"},
				"east": {"uv": [7.75, 7.25, 10.75, 10.25], "texture": "#texture"},
				"south": {"uv": [7, 7.75, 9, 9.75], "texture": "#texture"},
				"west": {"uv": [7.5, 7.5, 10.5, 10.5], "texture": "#texture"},
				"up": {"uv": [7.25, 8, 10.25, 11], "texture": "#texture"},
				"down": {"uv": [8.75, 7.5, 10.75, 9.5], "texture": "#texture"}
			}
		},
		{
			"name": "rail*",
			"from": [2.375, 6.25, 4.75],
			"to": [5, 9, 11.25],
			"faces": {
				"north": {"uv": [8, 7.75, 11, 10.25], "texture": "#texture"},
				"east": {"uv": [7.75, 7.25, 10.75, 10.25], "texture": "#texture"},
				"south": {"uv": [7, 7.75, 9, 9.75], "texture": "#texture"},
				"west": {"uv": [7.5, 7.5, 10.5, 10.5], "texture": "#texture"},
				"up": {"uv": [7.25, 8, 10.25, 11], "texture": "#texture"},
				"down": {"uv": [8.75, 7.5, 10.75, 9.5], "texture": "#texture"}
			}
		},
		{
			"name": "rail*",
			"from": [2.375, 6, 4.75],
			"to": [4.875, 9, 11.25],
			"rotation": {"angle": -22.5, "axis": "z", "origin": [2.375, 9, 4.75]},
			"faces": {
				"north": {"uv": [8, 7.75, 11, 10.25], "texture": "#texture"},
				"east": {"uv": [7.75, 7.25, 10.75, 10.25], "texture": "#texture"},
				"south": {"uv": [7, 7.75, 9, 9.75], "texture": "#texture"},
				"west": {"uv": [7.5, 7.5, 10.5, 10.5], "texture": "#texture"},
				"up": {"uv": [7.25, 8, 10.25, 11], "texture": "#texture"},
				"down": {"uv": [8.75, 7.5, 10.75, 9.5], "texture": "#texture"}
			}
		},
		{
			"name": "rail*",
			"from": [1.25, 4.25, 4.75],
			"to": [5, 6.25, 11.25],
			"faces": {
				"north": {"uv": [8, 7.75, 11, 10.25], "texture": "#texture"},
				"east": {"uv": [7.75, 7.25, 10.75, 10.25], "texture": "#texture"},
				"south": {"uv": [7, 7.75, 9, 9.75], "texture": "#texture"},
				"west": {"uv": [7.5, 7.5, 10.5, 10.5], "texture": "#texture"},
				"up": {"uv": [7.25, 8, 10.25, 11], "texture": "#texture"},
				"down": {"uv": [8.75, 7.5, 10.75, 9.5], "texture": "#texture"}
			}
		},
		{
			"name": "rail*",
			"from": [2.5, 9, 4.75],
			"to": [6, 12.75, 5.25],
			"faces": {
				"north": {"uv": [8, 7.75, 11, 10.25], "texture": "#texture"},
				"east": {"uv": [7.75, 7.25, 10.75, 10.25], "texture": "#texture"},
				"south": {"uv": [7, 7.75, 9, 9.75], "texture": "#texture"},
				"west": {"uv": [7.5, 7.5, 10.5, 10.5], "texture": "#texture"},
				"up": {"uv": [7.25, 8, 10.25, 11], "texture": "#texture"},
				"down": {"uv": [8.75, 7.5, 10.75, 9.5], "texture": "#texture"}
			}
		},
		{
			"name": "rail*",
			"from": [2.5, 13.75, 6.25],
			"to": [6, 14.25, 9.75],
			"faces": {
				"north": {"uv": [8, 7.75, 11, 10.25], "texture": "#texture"},
				"east": {"uv": [7.75, 7.25, 10.75, 10.25], "texture": "#texture"},
				"south": {"uv": [7, 7.75, 9, 9.75], "texture": "#texture"},
				"west": {"uv": [7.5, 7.5, 10.5, 10.5], "texture": "#texture"},
				"up": {"uv": [7.25, 8, 10.25, 11], "texture": "#texture"},
				"down": {"uv": [8.75, 7.5, 10.75, 9.5], "texture": "#texture"}
			}
		},
		{
			"name": "rail*",
			"from": [2.5, 9, 10.75],
			"to": [6, 12.75, 11.25],
			"faces": {
				"north": {"uv": [8, 7.75, 11, 10.25], "texture": "#texture"},
				"east": {"uv": [7.75, 7.25, 10.75, 10.25], "texture": "#texture"},
				"south": {"uv": [7, 7.75, 9, 9.75], "texture": "#texture"},
				"west": {"uv": [7.5, 7.5, 10.5, 10.5], "texture": "#texture"},
				"up": {"uv": [7.25, 8, 10.25, 11], "texture": "#texture"},
				"down": {"uv": [8.75, 7.5, 10.75, 9.5], "texture": "#texture"}
			}
		},
		{
			"name": "rail*",
			"from": [2.5, 12.695, 5.04],
			"to": [6, 13.445, 5.54],
			"rotation": {"angle": 22.5, "axis": "x", "origin": [2.5, 13.445, 5.04]},
			"faces": {
				"north": {"uv": [8, 7.75, 11, 10.25], "texture": "#texture"},
				"east": {"uv": [7.75, 7.25, 10.75, 10.25], "texture": "#texture"},
				"south": {"uv": [7, 7.75, 9, 9.75], "texture": "#texture"},
				"west": {"uv": [7.5, 7.5, 10.5, 10.5], "texture": "#texture"},
				"up": {"uv": [7.25, 8, 10.25, 11], "texture": "#texture"},
				"down": {"uv": [8.75, 7.5, 10.75, 9.5], "texture": "#texture"}
			}
		},
		{
			"name": "rail*",
			"from": [2.5, 12.5, 10.5],
			"to": [6, 13.25, 11],
			"rotation": {"angle": -22.5, "axis": "x", "origin": [2.5, 13.25, 10.5]},
			"faces": {
				"north": {"uv": [8, 7.75, 11, 10.25], "texture": "#texture"},
				"east": {"uv": [7.75, 7.25, 10.75, 10.25], "texture": "#texture"},
				"south": {"uv": [7, 7.75, 9, 9.75], "texture": "#texture"},
				"west": {"uv": [7.5, 7.5, 10.5, 10.5], "texture": "#texture"},
				"up": {"uv": [7.25, 8, 10.25, 11], "texture": "#texture"},
				"down": {"uv": [8.75, 7.5, 10.75, 9.5], "texture": "#texture"}
			}
		},
		{
			"name": "rail*",
			"from": [2.5, 12.9375, 5.0425],
			"to": [6, 13.4375, 5.7925],
			"rotation": {"angle": -45, "axis": "x", "origin": [2.5, 13.4375, 5.0425]},
			"faces": {
				"north": {"uv": [8, 7.75, 11, 10.25], "texture": "#texture"},
				"east": {"uv": [7.75, 7.25, 10.75, 10.25], "texture": "#texture"},
				"south": {"uv": [7, 7.75, 9, 9.75], "texture": "#texture"},
				"west": {"uv": [7.5, 7.5, 10.5, 10.5], "texture": "#texture"},
				"up": {"uv": [7.25, 8, 10.25, 11], "texture": "#texture"},
				"down": {"uv": [8.75, 7.5, 10.75, 9.5], "texture": "#texture"}
			}
		},
		{
			"name": "rail*",
			"from": [2.5, 13.4725, 10.4325],
			"to": [6, 13.9725, 11.1825],
			"rotation": {"angle": 45, "axis": "x", "origin": [2.5, 13.9725, 10.4325]},
			"faces": {
				"north": {"uv": [8, 7.75, 11, 10.25], "texture": "#texture"},
				"east": {"uv": [7.75, 7.25, 10.75, 10.25], "texture": "#texture"},
				"south": {"uv": [7, 7.75, 9, 9.75], "texture": "#texture"},
				"west": {"uv": [7.5, 7.5, 10.5, 10.5], "texture": "#texture"},
				"up": {"uv": [7.25, 8, 10.25, 11], "texture": "#texture"},
				"down": {"uv": [8.75, 7.5, 10.75, 9.5], "texture": "#texture"}
			}
		},
		{
			"name": "rail*",
			"from": [2.5, 13.4575, 5.5625],
			"to": [6, 13.9575, 6.3125],
			"rotation": {"angle": -22.5, "axis": "x", "origin": [2.5, 13.9575, 5.5625]},
			"faces": {
				"north": {"uv": [8, 7.75, 11, 10.25], "texture": "#texture"},
				"east": {"uv": [7.75, 7.25, 10.75, 10.25], "texture": "#texture"},
				"south": {"uv": [7, 7.75, 9, 9.75], "texture": "#texture"},
				"west": {"uv": [7.5, 7.5, 10.5, 10.5], "texture": "#texture"},
				"up": {"uv": [7.25, 8, 10.25, 11], "texture": "#texture"},
				"down": {"uv": [8.75, 7.5, 10.75, 9.5], "texture": "#texture"}
			}
		},
		{
			"name": "rail*",
			"from": [2.5, 13.75, 9.75],
			"to": [6, 14.25, 10.5],
			"rotation": {"angle": 22.5, "axis": "x", "origin": [2.5, 14.25, 9.75]},
			"faces": {
				"north": {"uv": [8, 7.75, 11, 10.25], "texture": "#texture"},
				"east": {"uv": [7.75, 7.25, 10.75, 10.25], "texture": "#texture"},
				"south": {"uv": [7, 7.75, 9, 9.75], "texture": "#texture"},
				"west": {"uv": [7.5, 7.5, 10.5, 10.5], "texture": "#texture"},
				"up": {"uv": [7.25, 8, 10.25, 11], "texture": "#texture"},
				"down": {"uv": [8.75, 7.5, 10.75, 9.5], "texture": "#texture"}
			}
		},
		{
			"name": "side",
			"from": [5, 6.25, 10.75],
			"to": [10.75, 7.75, 11.25],
			"faces": {
				"north": {"uv": [8, 7.75, 11, 10.25], "texture": "#texture"},
				"east": {"uv": [7.75, 7.25, 10.75, 10.25], "texture": "#texture"},
				"south": {"uv": [7, 7.75, 9, 9.75], "texture": "#texture"},
				"west": {"uv": [7.5, 7.5, 10.5, 10.5], "texture": "#texture"},
				"up": {"uv": [7.25, 8, 10.25, 11], "texture": "#texture"},
				"down": {"uv": [8.75, 7.5, 10.75, 9.5], "texture": "#texture"}
			}
		},
		{
			"name": "side",
			"from": [6, 8.47, 10.75],
			"to": [11.125, 9.72, 11.25],
			"rotation": {"angle": -22.5, "axis": "z", "origin": [6, 9.72, 10.75]},
			"faces": {
				"north": {"uv": [8, 7.75, 11, 10.25], "texture": "#texture"},
				"east": {"uv": [7.75, 7.25, 10.75, 10.25], "texture": "#texture"},
				"south": {"uv": [7, 7.75, 9, 9.75], "texture": "#texture"},
				"west": {"uv": [7.5, 7.5, 10.5, 10.5], "texture": "#texture"},
				"up": {"uv": [7.25, 8, 10.25, 11], "texture": "#texture"},
				"down": {"uv": [8.75, 7.5, 10.75, 9.5], "texture": "#texture"}
			}
		},
		{
			"name": "side",
			"from": [5, 7.75, 10.75],
			"to": [7.5, 9, 11.25],
			"faces": {
				"north": {"uv": [8, 7.75, 11, 10.25], "texture": "#texture"},
				"east": {"uv": [7.75, 7.25, 10.75, 10.25], "texture": "#texture"},
				"south": {"uv": [7, 7.75, 9, 9.75], "texture": "#texture"},
				"west": {"uv": [7.5, 7.5, 10.5, 10.5], "texture": "#texture"},
				"up": {"uv": [7.25, 8, 10.25, 11], "texture": "#texture"},
				"down": {"uv": [8.75, 7.5, 10.75, 9.5], "texture": "#texture"}
			}
		},
		{
			"name": "side*",
			"from": [5, 6.25, 4.75],
			"to": [10.75, 7.75, 5.25],
			"faces": {
				"north": {"uv": [8, 7.75, 11, 10.25], "texture": "#texture"},
				"east": {"uv": [7.75, 7.25, 10.75, 10.25], "texture": "#texture"},
				"south": {"uv": [7, 7.75, 9, 9.75], "texture": "#texture"},
				"west": {"uv": [7.5, 7.5, 10.5, 10.5], "texture": "#texture"},
				"up": {"uv": [7.25, 8, 10.25, 11], "texture": "#texture"},
				"down": {"uv": [8.75, 7.5, 10.75, 9.5], "texture": "#texture"}
			}
		},
		{
			"name": "side*",
			"from": [6, 8.47, 4.75],
			"to": [11.125, 9.72, 5.25],
			"rotation": {"angle": -22.5, "axis": "z", "origin": [6, 9.72, 4.75]},
			"faces": {
				"north": {"uv": [8, 7.75, 11, 10.25], "texture": "#texture"},
				"east": {"uv": [7.75, 7.25, 10.75, 10.25], "texture": "#texture"},
				"south": {"uv": [7, 7.75, 9, 9.75], "texture": "#texture"},
				"west": {"uv": [7.5, 7.5, 10.5, 10.5], "texture": "#texture"},
				"up": {"uv": [7.25, 8, 10.25, 11], "texture": "#texture"},
				"down": {"uv": [8.75, 7.5, 10.75, 9.5], "texture": "#texture"}
			}
		},
		{
			"name": "side*",
			"from": [5, 7.75, 4.75],
			"to": [7.5, 9, 5.25],
			"faces": {
				"north": {"uv": [8, 7.75, 11, 10.25], "texture": "#texture"},
				"east": {"uv": [7.75, 7.25, 10.75, 10.25], "texture": "#texture"},
				"south": {"uv": [7, 7.75, 9, 9.75], "texture": "#texture"},
				"west": {"uv": [7.5, 7.5, 10.5, 10.5], "texture": "#texture"},
				"up": {"uv": [7.25, 8, 10.25, 11], "texture": "#texture"},
				"down": {"uv": [8.75, 7.5, 10.75, 9.5], "texture": "#texture"}
			}
		},
		{
			"name": "Element",
			"from": [5, 6.75, 5],
			"to": [8, 9, 7],
			"faces": {
				"north": {"uv": [1.5, 1.5, 4.5, 4], "texture": "#texture"},
				"east": {"uv": [2, 1, 5, 4], "texture": "#texture"},
				"south": {"uv": [1.5, 2, 3.5, 4], "texture": "#texture"},
				"west": {"uv": [1.5, 1.5, 4.5, 4.5], "texture": "#texture"},
				"up": {"uv": [2, 1, 5, 4], "texture": "#texture"},
				"down": {"uv": [2, 2, 4, 4], "texture": "#texture"}
			}
		},
		{
			"name": "Element",
			"from": [5, 6.75, 9],
			"to": [8, 9, 11],
			"faces": {
				"north": {"uv": [1.5, 1.5, 4.5, 4], "texture": "#texture"},
				"east": {"uv": [2, 1, 5, 4], "texture": "#texture"},
				"south": {"uv": [1.5, 2, 3.5, 4], "texture": "#texture"},
				"west": {"uv": [1.5, 1.5, 4.5, 4.5], "texture": "#texture"},
				"up": {"uv": [2, 1, 5, 4], "texture": "#texture"},
				"down": {"uv": [2, 2, 4, 4], "texture": "#texture"}
			}
		},
		{
			"name": "Element",
			"from": [2.5, 7, 5.25],
			"to": [5.25, 9.25, 11],
			"faces": {
				"north": {"uv": [1.5, 1.5, 4.5, 4], "texture": "#texture"},
				"east": {"uv": [2, 1, 5, 4], "texture": "#texture"},
				"south": {"uv": [1.5, 2, 3.5, 4], "texture": "#texture"},
				"west": {"uv": [1.5, 1.5, 4.5, 4.5], "texture": "#texture"},
				"up": {"uv": [2, 1, 5, 4], "texture": "#texture"},
				"down": {"uv": [2, 2, 4, 4], "texture": "#texture"}
			}
		},
		{
			"name": "Element",
			"from": [5.25, 8.5, 5.25],
			"to": [7, 9.25, 11],
			"rotation": {"angle": -45, "axis": "z", "origin": [5.25, 9.25, 5.25]},
			"faces": {
				"north": {"uv": [1.5, 1.5, 4.5, 4], "texture": "#texture"},
				"east": {"uv": [2, 1, 5, 4], "texture": "#texture"},
				"south": {"uv": [1.5, 2, 3.5, 4], "texture": "#texture"},
				"west": {"uv": [1.5, 1.5, 4.5, 4.5], "texture": "#texture"},
				"up": {"uv": [2, 1, 5, 4], "texture": "#texture"},
				"down": {"uv": [2, 2, 4, 4], "texture": "#texture"}
			}
		},
		{
			"name": "Element",
			"from": [5, 6.25, 5.25],
			"to": [8, 8.5, 11],
			"faces": {
				"north": {"uv": [1.5, 1.5, 4.5, 4], "texture": "#texture"},
				"east": {"uv": [2, 1, 5, 4], "texture": "#texture"},
				"south": {"uv": [1.5, 2, 3.5, 4], "texture": "#texture"},
				"west": {"uv": [1.5, 1.5, 4.5, 4.5], "texture": "#texture"},
				"up": {"uv": [2, 1, 5, 4], "texture": "#texture"},
				"down": {"uv": [2, 2, 4, 4], "texture": "#texture"}
			}
		},
		{
			"name": "Element",
			"from": [8, 6.75, 5.5],
			"to": [9.415, 9, 6.915],
			"rotation": {"angle": -45, "axis": "y", "origin": [8, 6.75, 5.5]},
			"faces": {
				"north": {"uv": [1.5, 1.5, 4.5, 4], "texture": "#texture"},
				"east": {"uv": [2, 1, 5, 4], "texture": "#texture"},
				"south": {"uv": [1.5, 2, 3.5, 4], "texture": "#texture"},
				"west": {"uv": [1.5, 1.5, 4.5, 4.5], "texture": "#texture"},
				"up": {"uv": [2, 1, 5, 4], "texture": "#texture"},
				"down": {"uv": [2, 2, 4, 4], "texture": "#texture"}
			}
		},
		{
			"name": "Element",
			"from": [4.5, 6.75, 6.5],
			"to": [5.915, 9, 7.915],
			"rotation": {"angle": 45, "axis": "y", "origin": [4.5, 6.75, 6.5]},
			"faces": {
				"north": {"uv": [1.5, 1.5, 4.5, 4], "texture": "#texture"},
				"east": {"uv": [2, 1, 5, 4], "texture": "#texture"},
				"south": {"uv": [1.5, 2, 3.5, 4], "texture": "#texture"},
				"west": {"uv": [1.5, 1.5, 4.5, 4.5], "texture": "#texture"},
				"up": {"uv": [2, 1, 5, 4], "texture": "#texture"},
				"down": {"uv": [2, 2, 4, 4], "texture": "#texture"}
			}
		},
		{
			"name": "Element",
			"from": [8, 6.75, 8.5],
			"to": [9.415, 9, 9.915],
			"rotation": {"angle": -45, "axis": "y", "origin": [8, 6.75, 8.5]},
			"faces": {
				"north": {"uv": [1.5, 1.5, 4.5, 4], "texture": "#texture"},
				"east": {"uv": [2, 1, 5, 4], "texture": "#texture"},
				"south": {"uv": [1.5, 2, 3.5, 4], "texture": "#texture"},
				"west": {"uv": [1.5, 1.5, 4.5, 4.5], "texture": "#texture"},
				"up": {"uv": [2, 1, 5, 4], "texture": "#texture"},
				"down": {"uv": [2, 2, 4, 4], "texture": "#texture"}
			}
		},
		{
			"name": "Element",
			"from": [4.5, 6.75, 9.5],
			"to": [5.915, 9, 10.915],
			"rotation": {"angle": 45, "axis": "y", "origin": [4.5, 6.75, 9.5]},
			"faces": {
				"north": {"uv": [1.5, 1.5, 4.5, 4], "texture": "#texture"},
				"east": {"uv": [2, 1, 5, 4], "texture": "#texture"},
				"south": {"uv": [1.5, 2, 3.5, 4], "texture": "#texture"},
				"west": {"uv": [1.5, 1.5, 4.5, 4.5], "texture": "#texture"},
				"up": {"uv": [2, 1, 5, 4], "texture": "#texture"},
				"down": {"uv": [2, 2, 4, 4], "texture": "#texture"}
			}
		},
		{
			"name": "Element",
			"from": [6.75, 8.75, 7.5],
			"to": [9.5, 9.25, 8.5],
			"rotation": {"angle": -22.5, "axis": "z", "origin": [6.75, 9.25, 7.5]},
			"faces": {
				"north": {"uv": [12.75, 1.25, 15.25, 3.25], "texture": "#texture"},
				"east": {"uv": [13, 1, 15, 3], "texture": "#texture"},
				"south": {"uv": [13, 0.5, 15, 2.5], "texture": "#texture"},
				"west": {"uv": [13.25, 0.75, 15.25, 2.75], "texture": "#texture"},
				"up": {"uv": [13, 1, 15.25, 3.5], "texture": "#texture"},
				"down": {"uv": [13, 1, 15, 3], "texture": "#texture"}
			}
		},
		{
			"name": "side*",
			"from": [5, 6, 10.75],
			"to": [10, 6.25, 11.25],
			"faces": {
				"north": {"uv": [8, 7.75, 11, 10.25], "texture": "#texture"},
				"east": {"uv": [7.75, 7.25, 10.75, 10.25], "texture": "#texture"},
				"south": {"uv": [7, 7.75, 9, 9.75], "texture": "#texture"},
				"west": {"uv": [7.5, 7.5, 10.5, 10.5], "texture": "#texture"},
				"up": {"uv": [7.25, 8, 10.25, 11], "texture": "#texture"},
				"down": {"uv": [8.75, 7.5, 10.75, 9.5], "texture": "#texture"}
			}
		},
		{
			"name": "side*",
			"from": [5, 6, 4.75],
			"to": [10, 6.25, 5.25],
			"faces": {
				"north": {"uv": [8, 7.75, 11, 10.25], "texture": "#texture"},
				"east": {"uv": [7.75, 7.25, 10.75, 10.25], "texture": "#texture"},
				"south": {"uv": [7, 7.75, 9, 9.75], "texture": "#texture"},
				"west": {"uv": [7.5, 7.5, 10.5, 10.5], "texture": "#texture"},
				"up": {"uv": [7.25, 8, 10.25, 11], "texture": "#texture"},
				"down": {"uv": [8.75, 7.5, 10.75, 9.5], "texture": "#texture"}
			}
		},
		{
			"name": "Element",
			"from": [5.5, 5.5, 11.25],
			"to": [6.25, 7.5, 12],
			"faces": {
				"north": {"uv": [12.75, 1.25, 15.25, 3.25], "texture": "#texture"},
				"east": {"uv": [13, 1, 15, 3], "texture": "#texture"},
				"south": {"uv": [13, 0.5, 15, 2.5], "texture": "#texture"},
				"west": {"uv": [13.25, 0.75, 15.25, 2.75], "texture": "#texture"},
				"up": {"uv": [13, 1, 15.25, 3.5], "texture": "#texture"},
				"down": {"uv": [13, 1, 15, 3], "texture": "#texture"}
			}
		},
		{
			"name": "Element",
			"from": [5.75, 7.5, 11.25],
			"to": [7.25, 7.75, 12],
			"faces": {
				"north": {"uv": [12.75, 1.25, 15.25, 3.25], "texture": "#texture"},
				"east": {"uv": [13, 1, 15, 3], "texture": "#texture"},
				"south": {"uv": [13, 0.5, 15, 2.5], "texture": "#texture"},
				"west": {"uv": [13.25, 0.75, 15.25, 2.75], "texture": "#texture"},
				"up": {"uv": [13, 1, 15.25, 3.5], "texture": "#texture"},
				"down": {"uv": [13, 1, 15, 3], "texture": "#texture"}
			}
		},
		{
			"name": "Element",
			"from": [5.25, 5.75, 11.25],
			"to": [5.5, 7.25, 12],
			"faces": {
				"north": {"uv": [12.75, 1.25, 15.25, 3.25], "texture": "#texture"},
				"east": {"uv": [13, 1, 15, 3], "texture": "#texture"},
				"south": {"uv": [13, 0.5, 15, 2.5], "texture": "#texture"},
				"west": {"uv": [13.25, 0.75, 15.25, 2.75], "texture": "#texture"},
				"up": {"uv": [13, 1, 15.25, 3.5], "texture": "#texture"},
				"down": {"uv": [13, 1, 15, 3], "texture": "#texture"}
			}
		},
		{
			"name": "Element",
			"from": [6.75, 5.5, 11.25],
			"to": [7.5, 7.5, 12],
			"faces": {
				"north": {"uv": [12.75, 1.25, 15.25, 3.25], "texture": "#texture"},
				"east": {"uv": [13, 1, 15, 3], "texture": "#texture"},
				"south": {"uv": [13, 0.5, 15, 2.5], "texture": "#texture"},
				"west": {"uv": [13.25, 0.75, 15.25, 2.75], "texture": "#texture"},
				"up": {"uv": [13, 1, 15.25, 3.5], "texture": "#texture"},
				"down": {"uv": [13, 1, 15, 3], "texture": "#texture"}
			}
		},
		{
			"name": "Element",
			"from": [7.5, 5.75, 11.25],
			"to": [7.75, 7.25, 12],
			"faces": {
				"north": {"uv": [12.75, 1.25, 15.25, 3.25], "texture": "#texture"},
				"east": {"uv": [13, 1, 15, 3], "texture": "#texture"},
				"south": {"uv": [13, 0.5, 15, 2.5], "texture": "#texture"},
				"west": {"uv": [13.25, 0.75, 15.25, 2.75], "texture": "#texture"},
				"up": {"uv": [13, 1, 15.25, 3.5], "texture": "#texture"},
				"down": {"uv": [13, 1, 15, 3], "texture": "#texture"}
			}
		},
		{
			"name": "Element",
			"from": [5.75, 5.25, 11.25],
			"to": [7.25, 5.5, 12],
			"faces": {
				"north": {"uv": [12.75, 1.25, 15.25, 3.25], "texture": "#texture"},
				"east": {"uv": [13, 1, 15, 3], "texture": "#texture"},
				"south": {"uv": [13, 0.5, 15, 2.5], "texture": "#texture"},
				"west": {"uv": [13.25, 0.75, 15.25, 2.75], "texture": "#texture"},
				"up": {"uv": [13, 1, 15.25, 3.5], "texture": "#texture"},
				"down": {"uv": [13, 1, 15, 3], "texture": "#texture"}
			}
		},
		{
			"name": "Element",
			"from": [6.25, 5.5, 11.25],
			"to": [6.75, 7.5, 11.75],
			"faces": {
				"north": {"uv": [1, 3.25, 3.5, 5.25], "texture": "#texture"},
				"east": {"uv": [2, 2, 4, 4], "texture": "#texture"},
				"south": {"uv": [3, 2.5, 5, 4.5], "texture": "#texture"},
				"west": {"uv": [2, 2.5, 4, 4.5], "texture": "#texture"},
				"up": {"uv": [2.75, 1.5, 5, 4], "texture": "#texture"},
				"down": {"uv": [2.25, 1.75, 4.25, 3.75], "texture": "#texture"}
			}
		},
		{
			"name": "Element",
			"from": [5.25, 6.545, 11.25],
			"to": [5.955, 7.25, 12],
			"rotation": {"angle": 45, "axis": "z", "origin": [5.25, 7.25, 11.25]},
			"faces": {
				"north": {"uv": [12.75, 1.25, 15.25, 3.25], "texture": "#texture"},
				"east": {"uv": [13, 1, 15, 3], "texture": "#texture"},
				"south": {"uv": [13, 0.5, 15, 2.5], "texture": "#texture"},
				"west": {"uv": [13.25, 0.75, 15.25, 2.75], "texture": "#texture"},
				"up": {"uv": [13, 1, 15.25, 3.5], "texture": "#texture"},
				"down": {"uv": [13, 1, 15, 3], "texture": "#texture"}
			}
		},
		{
			"name": "Element",
			"from": [7.25, 7.045, 11.25],
			"to": [7.955, 7.75, 12],
			"rotation": {"angle": -45, "axis": "z", "origin": [7.25, 7.75, 11.25]},
			"faces": {
				"north": {"uv": [12.75, 1.25, 15.25, 3.25], "texture": "#texture"},
				"east": {"uv": [13, 1, 15, 3], "texture": "#texture"},
				"south": {"uv": [13, 0.5, 15, 2.5], "texture": "#texture"},
				"west": {"uv": [13.25, 0.75, 15.25, 2.75], "texture": "#texture"},
				"up": {"uv": [13, 1, 15.25, 3.5], "texture": "#texture"},
				"down": {"uv": [13, 1, 15, 3], "texture": "#texture"}
			}
		},
		{
			"name": "Element",
			"from": [7.25, 5.545, 11.25],
			"to": [7.955, 6.25, 12],
			"rotation": {"angle": -45, "axis": "z", "origin": [7.25, 6.25, 11.25]},
			"faces": {
				"north": {"uv": [12.75, 1.25, 15.25, 3.25], "texture": "#texture"},
				"east": {"uv": [13, 1, 15, 3], "texture": "#texture"},
				"south": {"uv": [13, 0.5, 15, 2.5], "texture": "#texture"},
				"west": {"uv": [13.25, 0.75, 15.25, 2.75], "texture": "#texture"},
				"up": {"uv": [13, 1, 15.25, 3.5], "texture": "#texture"},
				"down": {"uv": [13, 1, 15, 3], "texture": "#texture"}
			}
		},
		{
			"name": "Element",
			"from": [5.25, 5.045, 11.25],
			"to": [5.955, 5.75, 12],
			"rotation": {"angle": 45, "axis": "z", "origin": [5.25, 5.75, 11.25]},
			"faces": {
				"north": {"uv": [12.75, 1.25, 15.25, 3.25], "texture": "#texture"},
				"east": {"uv": [13, 1, 15, 3], "texture": "#texture"},
				"south": {"uv": [13, 0.5, 15, 2.5], "texture": "#texture"},
				"west": {"uv": [13.25, 0.75, 15.25, 2.75], "texture": "#texture"},
				"up": {"uv": [13, 1, 15.25, 3.5], "texture": "#texture"},
				"down": {"uv": [13, 1, 15, 3], "texture": "#texture"}
			}
		},
		{
			"name": "Element",
			"from": [6.25, 7.145, 11.5],
			"to": [6.75, 7.5, 11.855],
			"rotation": {"angle": -45, "axis": "x", "origin": [6.25, 7.5, 11.5]},
			"faces": {
				"north": {"uv": [12.75, 1.25, 15.25, 3.25], "texture": "#texture"},
				"east": {"uv": [13, 1, 15, 3], "texture": "#texture"},
				"south": {"uv": [13, 0.5, 15, 2.5], "texture": "#texture"},
				"west": {"uv": [13.25, 0.75, 15.25, 2.75], "texture": "#texture"},
				"up": {"uv": [13, 1, 15.25, 3.5], "texture": "#texture"},
				"down": {"uv": [13, 1, 15, 3], "texture": "#texture"}
			}
		},
		{
			"name": "Element",
			"from": [6.25, 5.395, 11.75],
			"to": [6.75, 5.75, 12.105],
			"rotation": {"angle": 45, "axis": "x", "origin": [6.25, 5.75, 11.75]},
			"faces": {
				"north": {"uv": [12.75, 1.25, 15.25, 3.25], "texture": "#texture"},
				"east": {"uv": [13, 1, 15, 3], "texture": "#texture"},
				"south": {"uv": [13, 0.5, 15, 2.5], "texture": "#texture"},
				"west": {"uv": [13.25, 0.75, 15.25, 2.75], "texture": "#texture"},
				"up": {"uv": [13, 1, 15.25, 3.5], "texture": "#texture"},
				"down": {"uv": [13, 1, 15, 3], "texture": "#texture"}
			}
		},
		{
			"name": "rail*",
			"from": [3, 9.25, 5.25],
			"to": [5.25, 12.5, 5.75],
			"faces": {
				"north": {"uv": [2, 1.5, 5, 4], "texture": "#texture"},
				"east": {"uv": [1.5, 0.75, 4.5, 3.75], "texture": "#texture"},
				"south": {"uv": [1.5, 1.75, 3.5, 3.75], "texture": "#texture"},
				"west": {"uv": [1, 1, 4, 4], "texture": "#texture"},
				"up": {"uv": [1.5, 1.75, 4.5, 4.75], "texture": "#texture"},
				"down": {"uv": [2.25, 2.5, 4.25, 4.5], "texture": "#texture"}
			}
		},
		{
			"name": "rail*",
			"from": [2, 8, 10.75],
			"to": [2.5, 11, 11.25],
			"faces": {
				"north": {"uv": [8, 7.75, 11, 10.25], "texture": "#texture"},
				"east": {"uv": [7.75, 7.25, 10.75, 10.25], "texture": "#texture"},
				"south": {"uv": [7, 7.75, 9, 9.75], "texture": "#texture"},
				"west": {"uv": [7.5, 7.5, 10.5, 10.5], "texture": "#texture"},
				"up": {"uv": [7.25, 8, 10.25, 11], "texture": "#texture"},
				"down": {"uv": [8.75, 7.5, 10.75, 9.5], "texture": "#texture"}
			}
		},
		{
			"name": "rail*",
			"from": [2, 8, 4.75],
			"to": [2.5, 11, 5.25],
			"faces": {
				"north": {"uv": [8, 7.75, 11, 10.25], "texture": "#texture"},
				"east": {"uv": [7.75, 7.25, 10.75, 10.25], "texture": "#texture"},
				"south": {"uv": [7, 7.75, 9, 9.75], "texture": "#texture"},
				"west": {"uv": [7.5, 7.5, 10.5, 10.5], "texture": "#texture"},
				"up": {"uv": [7.25, 8, 10.25, 11], "texture": "#texture"},
				"down": {"uv": [8.75, 7.5, 10.75, 9.5], "texture": "#texture"}
			}
		},
		{
			"name": "rail*",
			"from": [2.5625, 10.875, 10.75],
			"to": [3.3125, 12.375, 11.25],
			"rotation": {"angle": -22.5, "axis": "z", "origin": [2.5625, 12.375, 10.75]},
			"faces": {
				"north": {"uv": [8, 7.75, 11, 10.25], "texture": "#texture"},
				"east": {"uv": [7.75, 7.25, 10.75, 10.25], "texture": "#texture"},
				"south": {"uv": [7, 7.75, 9, 9.75], "texture": "#texture"},
				"west": {"uv": [7.5, 7.5, 10.5, 10.5], "texture": "#texture"},
				"up": {"uv": [7.25, 8, 10.25, 11], "texture": "#texture"},
				"down": {"uv": [8.75, 7.5, 10.75, 9.5], "texture": "#texture"}
			}
		},
		{
			"name": "rail*",
			"from": [2.5625, 10.875, 4.75],
			"to": [3.3125, 12.375, 5.25],
			"rotation": {"angle": -22.5, "axis": "z", "origin": [2.5625, 12.375, 4.75]},
			"faces": {
				"north": {"uv": [8, 7.75, 11, 10.25], "texture": "#texture"},
				"east": {"uv": [7.75, 7.25, 10.75, 10.25], "texture": "#texture"},
				"south": {"uv": [7, 7.75, 9, 9.75], "texture": "#texture"},
				"west": {"uv": [7.5, 7.5, 10.5, 10.5], "texture": "#texture"},
				"up": {"uv": [7.25, 8, 10.25, 11], "texture": "#texture"},
				"down": {"uv": [8.75, 7.5, 10.75, 9.5], "texture": "#texture"}
			}
		},
		{
			"name": "rail*",
			"from": [3, 9.25, 10.25],
			"to": [5.25, 12.5, 10.75],
			"faces": {
				"north": {"uv": [2, 1.5, 5, 4], "texture": "#texture"},
				"east": {"uv": [1.5, 0.75, 4.5, 3.75], "texture": "#texture"},
				"south": {"uv": [1.5, 1.75, 3.5, 3.75], "texture": "#texture"},
				"west": {"uv": [1, 1, 4, 4], "texture": "#texture"},
				"up": {"uv": [1.5, 1.75, 4.5, 4.75], "texture": "#texture"},
				"down": {"uv": [2.25, 2.5, 4.25, 4.5], "texture": "#texture"}
			}
		},
		{
			"name": "rail*",
			"from": [3, 13, 6.25],
			"to": [5.25, 14, 9.75],
			"faces": {
				"north": {"uv": [2, 1.5, 5, 4], "texture": "#texture"},
				"east": {"uv": [1.5, 0.75, 4.5, 3.75], "texture": "#texture"},
				"south": {"uv": [1.5, 1.75, 3.5, 3.75], "texture": "#texture"},
				"west": {"uv": [1, 1, 4, 4], "texture": "#texture"},
				"up": {"uv": [1.5, 1.75, 4.5, 4.75], "texture": "#texture"},
				"down": {"uv": [2.25, 2.5, 4.25, 4.5], "texture": "#texture"}
			}
		},
		{
			"name": "rail*",
			"from": [3, 13, 9.75],
			"to": [5.25, 14, 11.65],
			"rotation": {"angle": 45, "axis": "x", "origin": [3, 14, 9.75]},
			"faces": {
				"north": {"uv": [2, 1.5, 5, 4], "texture": "#texture"},
				"east": {"uv": [1.5, 0.75, 4.5, 3.75], "texture": "#texture"},
				"south": {"uv": [1.5, 1.75, 3.5, 3.75], "texture": "#texture"},
				"west": {"uv": [1, 1, 4, 4], "texture": "#texture"},
				"up": {"uv": [1.5, 1.75, 4.5, 4.75], "texture": "#texture"},
				"down": {"uv": [2.25, 2.5, 4.25, 4.5], "texture": "#texture"}
			}
		},
		{
			"name": "rail*",
			"from": [3, 11.75, 5],
			"to": [5.25, 12.75, 6.9],
			"rotation": {"angle": -45, "axis": "x", "origin": [3, 12.75, 5]},
			"faces": {
				"north": {"uv": [2, 1.5, 5, 4], "texture": "#texture"},
				"east": {"uv": [1.5, 0.75, 4.5, 3.75], "texture": "#texture"},
				"south": {"uv": [1.5, 1.75, 3.5, 3.75], "texture": "#texture"},
				"west": {"uv": [1, 1, 4, 4], "texture": "#texture"},
				"up": {"uv": [1.5, 1.75, 4.5, 4.75], "texture": "#texture"},
				"down": {"uv": [2.25, 2.5, 4.25, 4.5], "texture": "#texture"}
			}
		},
		{
			"name": "screw_1",
			"from": [1.875, 4.5, 11],
			"to": [2.625, 5.25, 11.375],
			"faces": {
				"north": {"uv": [8.5, 2.375, 11, 4.375], "texture": "#texture"},
				"east": {"uv": [7.125, 1.625, 9.125, 3.625], "texture": "#texture"},
				"south": {"uv": [8.75, 2.5, 10.75, 4.5], "texture": "#texture"},
				"west": {"uv": [8.625, 1.625, 10.625, 3.625], "texture": "#texture"},
				"up": {"uv": [6.5, 1.25, 8.75, 3.75], "texture": "#texture"},
				"down": {"uv": [8.5, 1.375, 10.5, 3.375], "texture": "#texture"}
			}
		},
		{
			"name": "screw_1",
			"from": [2, 4.375, 11],
			"to": [2.5, 5.375, 11.375],
			"faces": {
				"north": {"uv": [8.5, 2.375, 11, 4.375], "texture": "#texture"},
				"east": {"uv": [7.125, 1.625, 9.125, 3.625], "texture": "#texture"},
				"south": {"uv": [8.75, 2.5, 10.75, 4.5], "texture": "#texture"},
				"west": {"uv": [8.625, 1.625, 10.625, 3.625], "texture": "#texture"},
				"up": {"uv": [6.5, 1.25, 8.75, 3.75], "texture": "#texture"},
				"down": {"uv": [8.5, 1.375, 10.5, 3.375], "texture": "#texture"}
			}
		},
		{
			"name": "screw_1",
			"from": [1.75, 4.625, 11],
			"to": [2.75, 5.125, 11.375],
			"faces": {
				"north": {"uv": [8.5, 2.375, 11, 4.375], "texture": "#texture"},
				"east": {"uv": [7.125, 1.625, 9.125, 3.625], "texture": "#texture"},
				"south": {"uv": [8.75, 2.5, 10.75, 4.5], "texture": "#texture"},
				"west": {"uv": [8.625, 1.625, 10.625, 3.625], "texture": "#texture"},
				"up": {"uv": [6.5, 1.25, 8.75, 3.75], "texture": "#texture"},
				"down": {"uv": [8.5, 1.375, 10.5, 3.375], "texture": "#texture"}
			}
		},
		{
			"name": "screw_1",
			"from": [1.75, 4.77, 11],
			"to": [2.105, 5.125, 11.375],
			"rotation": {"angle": 45, "axis": "z", "origin": [1.75, 5.125, 11]},
			"faces": {
				"north": {"uv": [8.5, 2.375, 11, 4.375], "texture": "#texture"},
				"east": {"uv": [7.125, 1.625, 9.125, 3.625], "texture": "#texture"},
				"south": {"uv": [8.75, 2.5, 10.75, 4.5], "texture": "#texture"},
				"west": {"uv": [8.625, 1.625, 10.625, 3.625], "texture": "#texture"},
				"up": {"uv": [6.5, 1.25, 8.75, 3.75], "texture": "#texture"},
				"down": {"uv": [8.5, 1.375, 10.5, 3.375], "texture": "#texture"}
			}
		},
		{
			"name": "screw_1",
			"from": [1.75, 4.27, 11],
			"to": [2.105, 4.625, 11.375],
			"rotation": {"angle": 45, "axis": "z", "origin": [1.75, 4.625, 11]},
			"faces": {
				"north": {"uv": [8.5, 2.375, 11, 4.375], "texture": "#texture"},
				"east": {"uv": [7.125, 1.625, 9.125, 3.625], "texture": "#texture"},
				"south": {"uv": [8.75, 2.5, 10.75, 4.5], "texture": "#texture"},
				"west": {"uv": [8.625, 1.625, 10.625, 3.625], "texture": "#texture"},
				"up": {"uv": [6.5, 1.25, 8.75, 3.75], "texture": "#texture"},
				"down": {"uv": [8.5, 1.375, 10.5, 3.375], "texture": "#texture"}
			}
		},
		{
			"name": "screw_1",
			"from": [2.5, 4.52, 11],
			"to": [2.855, 4.875, 11.375],
			"rotation": {"angle": -45, "axis": "z", "origin": [2.5, 4.875, 11]},
			"faces": {
				"north": {"uv": [8.5, 2.375, 11, 4.375], "texture": "#texture"},
				"east": {"uv": [7.125, 1.625, 9.125, 3.625], "texture": "#texture"},
				"south": {"uv": [8.75, 2.5, 10.75, 4.5], "texture": "#texture"},
				"west": {"uv": [8.625, 1.625, 10.625, 3.625], "texture": "#texture"},
				"up": {"uv": [6.5, 1.25, 8.75, 3.75], "texture": "#texture"},
				"down": {"uv": [8.5, 1.375, 10.5, 3.375], "texture": "#texture"}
			}
		},
		{
			"name": "screw_1",
			"from": [2.5, 5.02, 11],
			"to": [2.855, 5.375, 11.375],
			"rotation": {"angle": -45, "axis": "z", "origin": [2.5, 5.375, 11]},
			"faces": {
				"north": {"uv": [8.5, 2.375, 11, 4.375], "texture": "#texture"},
				"east": {"uv": [7.125, 1.625, 9.125, 3.625], "texture": "#texture"},
				"south": {"uv": [8.75, 2.5, 10.75, 4.5], "texture": "#texture"},
				"west": {"uv": [8.625, 1.625, 10.625, 3.625], "texture": "#texture"},
				"up": {"uv": [6.5, 1.25, 8.75, 3.75], "texture": "#texture"},
				"down": {"uv": [8.5, 1.375, 10.5, 3.375], "texture": "#texture"}
			}
		},
		{
			"name": "screw_2",
			"from": [9.875, 4.5, 11],
			"to": [10.625, 5.25, 11.375],
			"faces": {
				"north": {"uv": [8.5, 2.375, 11, 4.375], "texture": "#texture"},
				"east": {"uv": [7.125, 1.625, 9.125, 3.625], "texture": "#texture"},
				"south": {"uv": [8.75, 2.5, 10.75, 4.5], "texture": "#texture"},
				"west": {"uv": [8.625, 1.625, 10.625, 3.625], "texture": "#texture"},
				"up": {"uv": [6.5, 1.25, 8.75, 3.75], "texture": "#texture"},
				"down": {"uv": [8.5, 1.375, 10.5, 3.375], "texture": "#texture"}
			}
		},
		{
			"name": "screw_2",
			"from": [10, 4.375, 11],
			"to": [10.5, 5.375, 11.375],
			"faces": {
				"north": {"uv": [8.5, 2.375, 11, 4.375], "texture": "#texture"},
				"east": {"uv": [7.125, 1.625, 9.125, 3.625], "texture": "#texture"},
				"south": {"uv": [8.75, 2.5, 10.75, 4.5], "texture": "#texture"},
				"west": {"uv": [8.625, 1.625, 10.625, 3.625], "texture": "#texture"},
				"up": {"uv": [6.5, 1.25, 8.75, 3.75], "texture": "#texture"},
				"down": {"uv": [8.5, 1.375, 10.5, 3.375], "texture": "#texture"}
			}
		},
		{
			"name": "screw_2",
			"from": [9.75, 4.625, 11],
			"to": [10.75, 5.125, 11.375],
			"faces": {
				"north": {"uv": [8.5, 2.375, 11, 4.375], "texture": "#texture"},
				"east": {"uv": [7.125, 1.625, 9.125, 3.625], "texture": "#texture"},
				"south": {"uv": [8.75, 2.5, 10.75, 4.5], "texture": "#texture"},
				"west": {"uv": [8.625, 1.625, 10.625, 3.625], "texture": "#texture"},
				"up": {"uv": [6.5, 1.25, 8.75, 3.75], "texture": "#texture"},
				"down": {"uv": [8.5, 1.375, 10.5, 3.375], "texture": "#texture"}
			}
		},
		{
			"name": "screw_2",
			"from": [9.75, 4.77, 11],
			"to": [10.105, 5.125, 11.375],
			"rotation": {"angle": 45, "axis": "z", "origin": [9.75, 5.125, 11]},
			"faces": {
				"north": {"uv": [8.5, 2.375, 11, 4.375], "texture": "#texture"},
				"east": {"uv": [7.125, 1.625, 9.125, 3.625], "texture": "#texture"},
				"south": {"uv": [8.75, 2.5, 10.75, 4.5], "texture": "#texture"},
				"west": {"uv": [8.625, 1.625, 10.625, 3.625], "texture": "#texture"},
				"up": {"uv": [6.5, 1.25, 8.75, 3.75], "texture": "#texture"},
				"down": {"uv": [8.5, 1.375, 10.5, 3.375], "texture": "#texture"}
			}
		},
		{
			"name": "screw_2",
			"from": [9.75, 4.27, 11],
			"to": [10.105, 4.625, 11.375],
			"rotation": {"angle": 45, "axis": "z", "origin": [9.75, 4.625, 11]},
			"faces": {
				"north": {"uv": [8.5, 2.375, 11, 4.375], "texture": "#texture"},
				"east": {"uv": [7.125, 1.625, 9.125, 3.625], "texture": "#texture"},
				"south": {"uv": [8.75, 2.5, 10.75, 4.5], "texture": "#texture"},
				"west": {"uv": [8.625, 1.625, 10.625, 3.625], "texture": "#texture"},
				"up": {"uv": [6.5, 1.25, 8.75, 3.75], "texture": "#texture"},
				"down": {"uv": [8.5, 1.375, 10.5, 3.375], "texture": "#texture"}
			}
		},
		{
			"name": "screw_2",
			"from": [10.5, 4.52, 11],
			"to": [10.855, 4.875, 11.375],
			"rotation": {"angle": -45, "axis": "z", "origin": [10.5, 4.875, 11]},
			"faces": {
				"north": {"uv": [8.5, 2.375, 11, 4.375], "texture": "#texture"},
				"east": {"uv": [7.125, 1.625, 9.125, 3.625], "texture": "#texture"},
				"south": {"uv": [8.75, 2.5, 10.75, 4.5], "texture": "#texture"},
				"west": {"uv": [8.625, 1.625, 10.625, 3.625], "texture": "#texture"},
				"up": {"uv": [6.5, 1.25, 8.75, 3.75], "texture": "#texture"},
				"down": {"uv": [8.5, 1.375, 10.5, 3.375], "texture": "#texture"}
			}
		},
		{
			"name": "screw_2",
			"from": [10.5, 5.02, 11],
			"to": [10.855, 5.375, 11.375],
			"rotation": {"angle": -45, "axis": "z", "origin": [10.5, 5.375, 11]},
			"faces": {
				"north": {"uv": [8.5, 2.375, 11, 4.375], "texture": "#texture"},
				"east": {"uv": [7.125, 1.625, 9.125, 3.625], "texture": "#texture"},
				"south": {"uv": [8.75, 2.5, 10.75, 4.5], "texture": "#texture"},
				"west": {"uv": [8.625, 1.625, 10.625, 3.625], "texture": "#texture"},
				"up": {"uv": [6.5, 1.25, 8.75, 3.75], "texture": "#texture"},
				"down": {"uv": [8.5, 1.375, 10.5, 3.375], "texture": "#texture"}
			}
		},
		{
			"name": "screw_3",
			"from": [4.875, 9.5, 11],
			"to": [5.625, 10.25, 11.375],
			"faces": {
				"north": {"uv": [8.5, 2.375, 11, 4.375], "texture": "#texture"},
				"east": {"uv": [7.125, 1.625, 9.125, 3.625], "texture": "#texture"},
				"south": {"uv": [8.75, 2.5, 10.75, 4.5], "texture": "#texture"},
				"west": {"uv": [8.625, 1.625, 10.625, 3.625], "texture": "#texture"},
				"up": {"uv": [6.5, 1.25, 8.75, 3.75], "texture": "#texture"},
				"down": {"uv": [8.5, 1.375, 10.5, 3.375], "texture": "#texture"}
			}
		},
		{
			"name": "screw_3",
			"from": [5, 9.375, 11],
			"to": [5.5, 10.375, 11.375],
			"faces": {
				"north": {"uv": [8.5, 2.375, 11, 4.375], "texture": "#texture"},
				"east": {"uv": [7.125, 1.625, 9.125, 3.625], "texture": "#texture"},
				"south": {"uv": [8.75, 2.5, 10.75, 4.5], "texture": "#texture"},
				"west": {"uv": [8.625, 1.625, 10.625, 3.625], "texture": "#texture"},
				"up": {"uv": [6.5, 1.25, 8.75, 3.75], "texture": "#texture"},
				"down": {"uv": [8.5, 1.375, 10.5, 3.375], "texture": "#texture"}
			}
		},
		{
			"name": "screw_3",
			"from": [4.75, 9.625, 11],
			"to": [5.75, 10.125, 11.375],
			"faces": {
				"north": {"uv": [8.5, 2.375, 11, 4.375], "texture": "#texture"},
				"east": {"uv": [7.125, 1.625, 9.125, 3.625], "texture": "#texture"},
				"south": {"uv": [8.75, 2.5, 10.75, 4.5], "texture": "#texture"},
				"west": {"uv": [8.625, 1.625, 10.625, 3.625], "texture": "#texture"},
				"up": {"uv": [6.5, 1.25, 8.75, 3.75], "texture": "#texture"},
				"down": {"uv": [8.5, 1.375, 10.5, 3.375], "texture": "#texture"}
			}
		},
		{
			"name": "screw_3",
			"from": [4.75, 9.77, 11],
			"to": [5.105, 10.125, 11.375],
			"rotation": {"angle": 45, "axis": "z", "origin": [4.75, 10.125, 11]},
			"faces": {
				"north": {"uv": [8.5, 2.375, 11, 4.375], "texture": "#texture"},
				"east": {"uv": [7.125, 1.625, 9.125, 3.625], "texture": "#texture"},
				"south": {"uv": [8.75, 2.5, 10.75, 4.5], "texture": "#texture"},
				"west": {"uv": [8.625, 1.625, 10.625, 3.625], "texture": "#texture"},
				"up": {"uv": [6.5, 1.25, 8.75, 3.75], "texture": "#texture"},
				"down": {"uv": [8.5, 1.375, 10.5, 3.375], "texture": "#texture"}
			}
		},
		{
			"name": "screw_3",
			"from": [4.75, 9.27, 11],
			"to": [5.105, 9.625, 11.375],
			"rotation": {"angle": 45, "axis": "z", "origin": [4.75, 9.625, 11]},
			"faces": {
				"north": {"uv": [8.5, 2.375, 11, 4.375], "texture": "#texture"},
				"east": {"uv": [7.125, 1.625, 9.125, 3.625], "texture": "#texture"},
				"south": {"uv": [8.75, 2.5, 10.75, 4.5], "texture": "#texture"},
				"west": {"uv": [8.625, 1.625, 10.625, 3.625], "texture": "#texture"},
				"up": {"uv": [6.5, 1.25, 8.75, 3.75], "texture": "#texture"},
				"down": {"uv": [8.5, 1.375, 10.5, 3.375], "texture": "#texture"}
			}
		},
		{
			"name": "screw_3",
			"from": [5.5, 9.52, 11],
			"to": [5.855, 9.875, 11.375],
			"rotation": {"angle": -45, "axis": "z", "origin": [5.5, 9.875, 11]},
			"faces": {
				"north": {"uv": [8.5, 2.375, 11, 4.375], "texture": "#texture"},
				"east": {"uv": [7.125, 1.625, 9.125, 3.625], "texture": "#texture"},
				"south": {"uv": [8.75, 2.5, 10.75, 4.5], "texture": "#texture"},
				"west": {"uv": [8.625, 1.625, 10.625, 3.625], "texture": "#texture"},
				"up": {"uv": [6.5, 1.25, 8.75, 3.75], "texture": "#texture"},
				"down": {"uv": [8.5, 1.375, 10.5, 3.375], "texture": "#texture"}
			}
		},
		{
			"name": "screw_3",
			"from": [5.5, 10.02, 11],
			"to": [5.855, 10.375, 11.375],
			"rotation": {"angle": -45, "axis": "z", "origin": [5.5, 10.375, 11]},
			"faces": {
				"north": {"uv": [8.5, 2.375, 11, 4.375], "texture": "#texture"},
				"east": {"uv": [7.125, 1.625, 9.125, 3.625], "texture": "#texture"},
				"south": {"uv": [8.75, 2.5, 10.75, 4.5], "texture": "#texture"},
				"west": {"uv": [8.625, 1.625, 10.625, 3.625], "texture": "#texture"},
				"up": {"uv": [6.5, 1.25, 8.75, 3.75], "texture": "#texture"},
				"down": {"uv": [8.5, 1.375, 10.5, 3.375], "texture": "#texture"}
			}
		},
		{
			"name": "screw_1*",
			"from": [1.875, 4.5, 4.625],
			"to": [2.625, 5.25, 5],
			"faces": {
				"north": {"uv": [8.5, 2.375, 11, 4.375], "texture": "#texture"},
				"east": {"uv": [7.125, 1.625, 9.125, 3.625], "texture": "#texture"},
				"south": {"uv": [8.75, 2.5, 10.75, 4.5], "texture": "#texture"},
				"west": {"uv": [8.625, 1.625, 10.625, 3.625], "texture": "#texture"},
				"up": {"uv": [6.5, 1.25, 8.75, 3.75], "texture": "#texture"},
				"down": {"uv": [8.5, 1.375, 10.5, 3.375], "texture": "#texture"}
			}
		},
		{
			"name": "screw_1*",
			"from": [2, 4.375, 4.625],
			"to": [2.5, 5.375, 5],
			"faces": {
				"north": {"uv": [8.5, 2.375, 11, 4.375], "texture": "#texture"},
				"east": {"uv": [7.125, 1.625, 9.125, 3.625], "texture": "#texture"},
				"south": {"uv": [8.75, 2.5, 10.75, 4.5], "texture": "#texture"},
				"west": {"uv": [8.625, 1.625, 10.625, 3.625], "texture": "#texture"},
				"up": {"uv": [6.5, 1.25, 8.75, 3.75], "texture": "#texture"},
				"down": {"uv": [8.5, 1.375, 10.5, 3.375], "texture": "#texture"}
			}
		},
		{
			"name": "screw_1*",
			"from": [1.75, 4.625, 4.625],
			"to": [2.75, 5.125, 5],
			"faces": {
				"north": {"uv": [8.5, 2.375, 11, 4.375], "texture": "#texture"},
				"east": {"uv": [7.125, 1.625, 9.125, 3.625], "texture": "#texture"},
				"south": {"uv": [8.75, 2.5, 10.75, 4.5], "texture": "#texture"},
				"west": {"uv": [8.625, 1.625, 10.625, 3.625], "texture": "#texture"},
				"up": {"uv": [6.5, 1.25, 8.75, 3.75], "texture": "#texture"},
				"down": {"uv": [8.5, 1.375, 10.5, 3.375], "texture": "#texture"}
			}
		},
		{
			"name": "screw_1*",
			"from": [1.75, 4.77, 4.625],
			"to": [2.105, 5.125, 5],
			"rotation": {"angle": 45, "axis": "z", "origin": [1.75, 5.125, 4.625]},
			"faces": {
				"north": {"uv": [8.5, 2.375, 11, 4.375], "texture": "#texture"},
				"east": {"uv": [7.125, 1.625, 9.125, 3.625], "texture": "#texture"},
				"south": {"uv": [8.75, 2.5, 10.75, 4.5], "texture": "#texture"},
				"west": {"uv": [8.625, 1.625, 10.625, 3.625], "texture": "#texture"},
				"up": {"uv": [6.5, 1.25, 8.75, 3.75], "texture": "#texture"},
				"down": {"uv": [8.5, 1.375, 10.5, 3.375], "texture": "#texture"}
			}
		},
		{
			"name": "screw_1*",
			"from": [1.75, 4.27, 4.625],
			"to": [2.105, 4.625, 5],
			"rotation": {"angle": 45, "axis": "z", "origin": [1.75, 4.625, 4.625]},
			"faces": {
				"north": {"uv": [8.5, 2.375, 11, 4.375], "texture": "#texture"},
				"east": {"uv": [7.125, 1.625, 9.125, 3.625], "texture": "#texture"},
				"south": {"uv": [8.75, 2.5, 10.75, 4.5], "texture": "#texture"},
				"west": {"uv": [8.625, 1.625, 10.625, 3.625], "texture": "#texture"},
				"up": {"uv": [6.5, 1.25, 8.75, 3.75], "texture": "#texture"},
				"down": {"uv": [8.5, 1.375, 10.5, 3.375], "texture": "#texture"}
			}
		},
		{
			"name": "screw_1*",
			"from": [2.5, 4.52, 4.625],
			"to": [2.855, 4.875, 5],
			"rotation": {"angle": -45, "axis": "z", "origin": [2.5, 4.875, 4.625]},
			"faces": {
				"north": {"uv": [8.5, 2.375, 11, 4.375], "texture": "#texture"},
				"east": {"uv": [7.125, 1.625, 9.125, 3.625], "texture": "#texture"},
				"south": {"uv": [8.75, 2.5, 10.75, 4.5], "texture": "#texture"},
				"west": {"uv": [8.625, 1.625, 10.625, 3.625], "texture": "#texture"},
				"up": {"uv": [6.5, 1.25, 8.75, 3.75], "texture": "#texture"},
				"down": {"uv": [8.5, 1.375, 10.5, 3.375], "texture": "#texture"}
			}
		},
		{
			"name": "screw_1*",
			"from": [2.5, 5.02, 4.625],
			"to": [2.855, 5.375, 5],
			"rotation": {"angle": -45, "axis": "z", "origin": [2.5, 5.375, 4.625]},
			"faces": {
				"north": {"uv": [8.5, 2.375, 11, 4.375], "texture": "#texture"},
				"east": {"uv": [7.125, 1.625, 9.125, 3.625], "texture": "#texture"},
				"south": {"uv": [8.75, 2.5, 10.75, 4.5], "texture": "#texture"},
				"west": {"uv": [8.625, 1.625, 10.625, 3.625], "texture": "#texture"},
				"up": {"uv": [6.5, 1.25, 8.75, 3.75], "texture": "#texture"},
				"down": {"uv": [8.5, 1.375, 10.5, 3.375], "texture": "#texture"}
			}
		},
		{
			"name": "screw_2*",
			"from": [9.875, 4.5, 4.625],
			"to": [10.625, 5.25, 5],
			"faces": {
				"north": {"uv": [8.5, 2.375, 11, 4.375], "texture": "#texture"},
				"east": {"uv": [7.125, 1.625, 9.125, 3.625], "texture": "#texture"},
				"south": {"uv": [8.75, 2.5, 10.75, 4.5], "texture": "#texture"},
				"west": {"uv": [8.625, 1.625, 10.625, 3.625], "texture": "#texture"},
				"up": {"uv": [6.5, 1.25, 8.75, 3.75], "texture": "#texture"},
				"down": {"uv": [8.5, 1.375, 10.5, 3.375], "texture": "#texture"}
			}
		},
		{
			"name": "screw_2*",
			"from": [10, 4.375, 4.625],
			"to": [10.5, 5.375, 5],
			"faces": {
				"north": {"uv": [8.5, 2.375, 11, 4.375], "texture": "#texture"},
				"east": {"uv": [7.125, 1.625, 9.125, 3.625], "texture": "#texture"},
				"south": {"uv": [8.75, 2.5, 10.75, 4.5], "texture": "#texture"},
				"west": {"uv": [8.625, 1.625, 10.625, 3.625], "texture": "#texture"},
				"up": {"uv": [6.5, 1.25, 8.75, 3.75], "texture": "#texture"},
				"down": {"uv": [8.5, 1.375, 10.5, 3.375], "texture": "#texture"}
			}
		},
		{
			"name": "screw_2*",
			"from": [9.75, 4.625, 4.625],
			"to": [10.75, 5.125, 5],
			"faces": {
				"north": {"uv": [8.5, 2.375, 11, 4.375], "texture": "#texture"},
				"east": {"uv": [7.125, 1.625, 9.125, 3.625], "texture": "#texture"},
				"south": {"uv": [8.75, 2.5, 10.75, 4.5], "texture": "#texture"},
				"west": {"uv": [8.625, 1.625, 10.625, 3.625], "texture": "#texture"},
				"up": {"uv": [6.5, 1.25, 8.75, 3.75], "texture": "#texture"},
				"down": {"uv": [8.5, 1.375, 10.5, 3.375], "texture": "#texture"}
			}
		},
		{
			"name": "screw_2*",
			"from": [9.75, 4.77, 4.625],
			"to": [10.105, 5.125, 5],
			"rotation": {"angle": 45, "axis": "z", "origin": [9.75, 5.125, 4.625]},
			"faces": {
				"north": {"uv": [8.5, 2.375, 11, 4.375], "texture": "#texture"},
				"east": {"uv": [7.125, 1.625, 9.125, 3.625], "texture": "#texture"},
				"south": {"uv": [8.75, 2.5, 10.75, 4.5], "texture": "#texture"},
				"west": {"uv": [8.625, 1.625, 10.625, 3.625], "texture": "#texture"},
				"up": {"uv": [6.5, 1.25, 8.75, 3.75], "texture": "#texture"},
				"down": {"uv": [8.5, 1.375, 10.5, 3.375], "texture": "#texture"}
			}
		},
		{
			"name": "screw_2*",
			"from": [9.75, 4.27, 4.625],
			"to": [10.105, 4.625, 5],
			"rotation": {"angle": 45, "axis": "z", "origin": [9.75, 4.625, 4.625]},
			"faces": {
				"north": {"uv": [8.5, 2.375, 11, 4.375], "texture": "#texture"},
				"east": {"uv": [7.125, 1.625, 9.125, 3.625], "texture": "#texture"},
				"south": {"uv": [8.75, 2.5, 10.75, 4.5], "texture": "#texture"},
				"west": {"uv": [8.625, 1.625, 10.625, 3.625], "texture": "#texture"},
				"up": {"uv": [6.5, 1.25, 8.75, 3.75], "texture": "#texture"},
				"down": {"uv": [8.5, 1.375, 10.5, 3.375], "texture": "#texture"}
			}
		},
		{
			"name": "screw_2*",
			"from": [10.5, 4.52, 4.625],
			"to": [10.855, 4.875, 5],
			"rotation": {"angle": -45, "axis": "z", "origin": [10.5, 4.875, 4.625]},
			"faces": {
				"north": {"uv": [8.5, 2.375, 11, 4.375], "texture": "#texture"},
				"east": {"uv": [7.125, 1.625, 9.125, 3.625], "texture": "#texture"},
				"south": {"uv": [8.75, 2.5, 10.75, 4.5], "texture": "#texture"},
				"west": {"uv": [8.625, 1.625, 10.625, 3.625], "texture": "#texture"},
				"up": {"uv": [6.5, 1.25, 8.75, 3.75], "texture": "#texture"},
				"down": {"uv": [8.5, 1.375, 10.5, 3.375], "texture": "#texture"}
			}
		},
		{
			"name": "screw_2*",
			"from": [10.5, 5.02, 4.625],
			"to": [10.855, 5.375, 5],
			"rotation": {"angle": -45, "axis": "z", "origin": [10.5, 5.375, 4.625]},
			"faces": {
				"north": {"uv": [8.5, 2.375, 11, 4.375], "texture": "#texture"},
				"east": {"uv": [7.125, 1.625, 9.125, 3.625], "texture": "#texture"},
				"south": {"uv": [8.75, 2.5, 10.75, 4.5], "texture": "#texture"},
				"west": {"uv": [8.625, 1.625, 10.625, 3.625], "texture": "#texture"},
				"up": {"uv": [6.5, 1.25, 8.75, 3.75], "texture": "#texture"},
				"down": {"uv": [8.5, 1.375, 10.5, 3.375], "texture": "#texture"}
			}
		},
		{
			"name": "screw_3*",
			"from": [4.875, 9.5, 4.625],
			"to": [5.625, 10.25, 5],
			"faces": {
				"north": {"uv": [8.5, 2.375, 11, 4.375], "texture": "#texture"},
				"east": {"uv": [7.125, 1.625, 9.125, 3.625], "texture": "#texture"},
				"south": {"uv": [8.75, 2.5, 10.75, 4.5], "texture": "#texture"},
				"west": {"uv": [8.625, 1.625, 10.625, 3.625], "texture": "#texture"},
				"up": {"uv": [6.5, 1.25, 8.75, 3.75], "texture": "#texture"},
				"down": {"uv": [8.5, 1.375, 10.5, 3.375], "texture": "#texture"}
			}
		},
		{
			"name": "screw_3*",
			"from": [5, 9.375, 4.625],
			"to": [5.5, 10.375, 5],
			"faces": {
				"north": {"uv": [8.5, 2.375, 11, 4.375], "texture": "#texture"},
				"east": {"uv": [7.125, 1.625, 9.125, 3.625], "texture": "#texture"},
				"south": {"uv": [8.75, 2.5, 10.75, 4.5], "texture": "#texture"},
				"west": {"uv": [8.625, 1.625, 10.625, 3.625], "texture": "#texture"},
				"up": {"uv": [6.5, 1.25, 8.75, 3.75], "texture": "#texture"},
				"down": {"uv": [8.5, 1.375, 10.5, 3.375], "texture": "#texture"}
			}
		},
		{
			"name": "screw_3*",
			"from": [4.75, 9.625, 4.625],
			"to": [5.75, 10.125, 5],
			"faces": {
				"north": {"uv": [8.5, 2.375, 11, 4.375], "texture": "#texture"},
				"east": {"uv": [7.125, 1.625, 9.125, 3.625], "texture": "#texture"},
				"south": {"uv": [8.75, 2.5, 10.75, 4.5], "texture": "#texture"},
				"west": {"uv": [8.625, 1.625, 10.625, 3.625], "texture": "#texture"},
				"up": {"uv": [6.5, 1.25, 8.75, 3.75], "texture": "#texture"},
				"down": {"uv": [8.5, 1.375, 10.5, 3.375], "texture": "#texture"}
			}
		},
		{
			"name": "screw_3*",
			"from": [4.75, 9.77, 4.625],
			"to": [5.105, 10.125, 5],
			"rotation": {"angle": 45, "axis": "z", "origin": [4.75, 10.125, 4.625]},
			"faces": {
				"north": {"uv": [8.5, 2.375, 11, 4.375], "texture": "#texture"},
				"east": {"uv": [7.125, 1.625, 9.125, 3.625], "texture": "#texture"},
				"south": {"uv": [8.75, 2.5, 10.75, 4.5], "texture": "#texture"},
				"west": {"uv": [8.625, 1.625, 10.625, 3.625], "texture": "#texture"},
				"up": {"uv": [6.5, 1.25, 8.75, 3.75], "texture": "#texture"},
				"down": {"uv": [8.5, 1.375, 10.5, 3.375], "texture": "#texture"}
			}
		},
		{
			"name": "screw_3*",
			"from": [4.75, 9.27, 4.625],
			"to": [5.105, 9.625, 5],
			"rotation": {"angle": 45, "axis": "z", "origin": [4.75, 9.625, 4.625]},
			"faces": {
				"north": {"uv": [8.5, 2.375, 11, 4.375], "texture": "#texture"},
				"east": {"uv": [7.125, 1.625, 9.125, 3.625], "texture": "#texture"},
				"south": {"uv": [8.75, 2.5, 10.75, 4.5], "texture": "#texture"},
				"west": {"uv": [8.625, 1.625, 10.625, 3.625], "texture": "#texture"},
				"up": {"uv": [6.5, 1.25, 8.75, 3.75], "texture": "#texture"},
				"down": {"uv": [8.5, 1.375, 10.5, 3.375], "texture": "#texture"}
			}
		},
		{
			"name": "screw_3*",
			"from": [5.5, 9.52, 4.625],
			"to": [5.855, 9.875, 5],
			"rotation": {"angle": -45, "axis": "z", "origin": [5.5, 9.875, 4.625]},
			"faces": {
				"north": {"uv": [8.5, 2.375, 11, 4.375], "texture": "#texture"},
				"east": {"uv": [7.125, 1.625, 9.125, 3.625], "texture": "#texture"},
				"south": {"uv": [8.75, 2.5, 10.75, 4.5], "texture": "#texture"},
				"west": {"uv": [8.625, 1.625, 10.625, 3.625], "texture": "#texture"},
				"up": {"uv": [6.5, 1.25, 8.75, 3.75], "texture": "#texture"},
				"down": {"uv": [8.5, 1.375, 10.5, 3.375], "texture": "#texture"}
			}
		},
		{
			"name": "screw_3*",
			"from": [5.5, 10.02, 4.625],
			"to": [5.855, 10.375, 5],
			"rotation": {"angle": -45, "axis": "z", "origin": [5.5, 10.375, 4.625]},
			"faces": {
				"north": {"uv": [8.5, 2.375, 11, 4.375], "texture": "#texture"},
				"east": {"uv": [7.125, 1.625, 9.125, 3.625], "texture": "#texture"},
				"south": {"uv": [8.75, 2.5, 10.75, 4.5], "texture": "#texture"},
				"west": {"uv": [8.625, 1.625, 10.625, 3.625], "texture": "#texture"},
				"up": {"uv": [6.5, 1.25, 8.75, 3.75], "texture": "#texture"},
				"down": {"uv": [8.5, 1.375, 10.5, 3.375], "texture": "#texture"}
			}
		},
		{
			"name": "Element",
			"from": [4.25, 9.25, 5.75],
			"to": [4.3125, 13, 10.25],
			"faces": {
				"north": {"uv": [0.875, 12.75, 2.875, 15], "texture": "#texture"},
				"east": {"uv": [1.625, 13.125, 3.125, 14.5], "texture": "#texture"},
				"south": {"uv": [0.375, 14.25, 2.375, 15.125], "texture": "#texture"},
				"west": {"uv": [1.625, 12.75, 3.25, 15.25], "texture": "#texture"},
				"up": {"uv": [1.125, 14, 3.5, 15.375], "texture": "#texture"},
				"down": {"uv": [1, 13.125, 2.5, 15], "texture": "#texture"}
			}
		},
		{
			"name": "rail*",
			"from": [5.25, 9.125, 5.25],
			"to": [7.375, 10.125, 5.75],
			"rotation": {"angle": -45, "axis": "z", "origin": [5.25, 10.125, 5.25]},
			"faces": {
				"north": {"uv": [2, 1.5, 5, 4], "texture": "#texture"},
				"east": {"uv": [1.5, 0.75, 4.5, 3.75], "texture": "#texture"},
				"south": {"uv": [1.5, 1.75, 3.5, 3.75], "texture": "#texture"},
				"west": {"uv": [1, 1, 4, 4], "texture": "#texture"},
				"up": {"uv": [1.5, 1.75, 4.5, 4.75], "texture": "#texture"},
				"down": {"uv": [2.25, 2.5, 4.25, 4.5], "texture": "#texture"}
			}
		},
		{
			"name": "rail*",
			"from": [5.25, 9.125, 10.25],
			"to": [7.375, 10.125, 10.75],
			"rotation": {"angle": -45, "axis": "z", "origin": [5.25, 10.125, 10.25]},
			"faces": {
				"north": {"uv": [2, 1.5, 5, 4], "texture": "#texture"},
				"east": {"uv": [1.5, 0.75, 4.5, 3.75], "texture": "#texture"},
				"south": {"uv": [1.5, 1.75, 3.5, 3.75], "texture": "#texture"},
				"west": {"uv": [1, 1, 4, 4], "texture": "#texture"},
				"up": {"uv": [1.5, 1.75, 4.5, 4.75], "texture": "#texture"},
				"down": {"uv": [2.25, 2.5, 4.25, 4.5], "texture": "#texture"}
			}
		},
		{
			"name": "Element",
			"from": [4.3, 10.25, 7.25],
			"to": [4.3625, 11.75, 8.75],
			"faces": {
				"north": {"uv": [0.875, 12.75, 2.875, 15], "texture": "#dot"},
				"east": {"uv": [3, 2, 12.5, 11.5], "texture": "#dot"},
				"south": {"uv": [0.375, 14.25, 2.375, 15.125], "texture": "#dot"},
				"west": {"uv": [3, 2, 12.5, 11.5], "texture": "#dot"},
				"up": {"uv": [1.125, 14, 3.5, 15.375], "texture": "#dot"},
				"down": {"uv": [1, 13.125, 2.5, 15], "texture": "#dot"}
			}
		}
	],
	"display": {
		"thirdperson_righthand": {
			"rotation": [0, -45, -20],
			"scale": [0.25, 0.25, 0.25]
		},
		"thirdperson_lefthand": {
			"rotation": [0, 135, 20],
			"scale": [0.25, 0.25, 0.25]
		},
		"firstperson_righthand": {
			"rotation": [0, -70, 15],
			"translation": [3, 0, -4],
			"scale": [0.4, 0.4, 0.4]
		},
		"firstperson_lefthand": {
			"rotation": [0, 110, -15],
			"translation": [3, 0, -4],
			"scale": [0.4, 0.4, 0.4]
		},
		"ground": {
			"translation": [0, 0.5, 0],
			"scale": [0.25, 0.25, 0.25]
		},
		"gui": {
			"rotation": [30, 45, 0],
			"translation": [0.25, 0, 0]
		},
		"head": {
			"scale": [0.0001, 0.0001, 0.0001]
		},
		"fixed": {
			"rotation": [0, 180, 0],
			"scale": [0.35, 0.35, 0.35]
		}
	}
}