{
	"credit": "Made by MadstonMagic, using Cubik Pro & Blockbench",
	"textures": {
		"1": "attachments/reflex_1_dot",
		"texture": "attachments/reflex",
		"particle": "attachments/reflex_1_dot"
	},
	"elements": [
		{
			"name": "Element",
			"from": [1, 3, 5.5],
			"to": [13, 5, 10.5],
			"faces": {
				"north": {"uv": [1, 1.5, 4, 4.5], "texture": "#texture"},
				"east": {"uv": [1.5, 2, 4.5, 4], "texture": "#texture"},
				"south": {"uv": [1.5, 2, 4.5, 4.5], "texture": "#texture"},
				"west": {"uv": [1, 1.5, 4, 4], "texture": "#texture"},
				"up": {"uv": [2.5, 1.5, 5, 4.5], "texture": "#texture"},
				"down": {"uv": [1, 1, 4.5, 3.5], "texture": "#texture"}
			}
		},
		{
			"name": "Element",
			"from": [12.75, 3, 6.75],
			"to": [15.8125, 5, 9.25],
			"faces": {
				"north": {"uv": [1, 1.5, 4, 4.5], "texture": "#texture"},
				"east": {"uv": [1.5, 2, 4.5, 4], "texture": "#texture"},
				"south": {"uv": [1.5, 2, 4.5, 4.5], "texture": "#texture"},
				"west": {"uv": [1, 1.5, 4, 4], "texture": "#texture"},
				"up": {"uv": [2.5, 1.5, 5, 4.5], "texture": "#texture"},
				"down": {"uv": [1, 1, 4.5, 3.5], "texture": "#texture"}
			}
		},
		{
			"name": "Element",
			"from": [13, 3, 5.5],
			"to": [15, 5, 6.75],
			"rotation": {"angle": -22.5, "axis": "y", "origin": [13, 3, 5.5]},
			"faces": {
				"north": {"uv": [1, 1.5, 4, 4.5], "texture": "#texture"},
				"east": {"uv": [1.5, 2, 4.5, 4], "texture": "#texture"},
				"south": {"uv": [1.5, 2, 4.5, 4.5], "texture": "#texture"},
				"west": {"uv": [1, 1.5, 4, 4], "texture": "#texture"},
				"up": {"uv": [2.5, 1.5, 5, 4.5], "texture": "#texture"},
				"down": {"uv": [1, 1, 4.5, 3.5], "texture": "#texture"}
			}
		},
		{
			"name": "Element",
			"from": [13, 5, 6.75],
			"to": [14, 6.25, 9.25],
			"faces": {
				"north": {"uv": [1, 1.5, 4, 4.5], "texture": "#texture"},
				"east": {"uv": [1.5, 2, 4.5, 4], "texture": "#texture"},
				"south": {"uv": [1.5, 2, 4.5, 4.5], "texture": "#texture"},
				"west": {"uv": [1, 1.5, 4, 4], "texture": "#texture"},
				"up": {"uv": [2.5, 1.5, 5, 4.5], "texture": "#texture"},
				"down": {"uv": [1, 1, 4.5, 3.5], "texture": "#texture"}
			}
		},
		{
			"name": "Element",
			"from": [14, 4.25, 6.75],
			"to": [15, 6.25, 9.25],
			"rotation": {"angle": -22.5, "axis": "z", "origin": [14, 6.25, 6.75]},
			"faces": {
				"north": {"uv": [1, 1.5, 4, 4.5], "texture": "#texture"},
				"east": {"uv": [1.5, 2, 4.5, 4], "texture": "#texture"},
				"south": {"uv": [1.5, 2, 4.5, 4.5], "texture": "#texture"},
				"west": {"uv": [1, 1.5, 4, 4], "texture": "#texture"},
				"up": {"uv": [2.5, 1.5, 5, 4.5], "texture": "#texture"},
				"down": {"uv": [1, 1, 4.5, 3.5], "texture": "#texture"}
			}
		},
		{
			"name": "Element",
			"from": [11.25, 4.75, 5.5],
			"to": [13, 6, 10.5],
			"faces": {
				"north": {"uv": [1, 1.5, 4, 4.5], "texture": "#texture"},
				"east": {"uv": [1.5, 2, 4.5, 4], "texture": "#texture"},
				"south": {"uv": [1.5, 2, 4.5, 4.5], "texture": "#texture"},
				"west": {"uv": [1, 1.5, 4, 4], "texture": "#texture"},
				"up": {"uv": [2.5, 1.5, 5, 4.5], "texture": "#texture"},
				"down": {"uv": [1, 1, 4.5, 3.5], "texture": "#texture"}
			}
		},
		{
			"name": "Element",
			"from": [8.25, 3.25, 5.5],
			"to": [11.5, 4.75, 7],
			"rotation": {"angle": 22.5, "axis": "z", "origin": [8.25, 4.75, 5.5]},
			"faces": {
				"north": {"uv": [1, 1.5, 4, 4.5], "texture": "#texture"},
				"east": {"uv": [1.5, 2, 4.5, 4], "texture": "#texture"},
				"south": {"uv": [1.5, 2, 4.5, 4.5], "texture": "#texture"},
				"west": {"uv": [1, 1.5, 4, 4], "texture": "#texture"},
				"up": {"uv": [2.5, 1.5, 5, 4.5], "texture": "#texture"},
				"down": {"uv": [1, 1, 4.5, 3.5], "texture": "#texture"}
			}
		},
		{
			"name": "Element",
			"from": [8.25, 3.25, 9],
			"to": [11.5, 4.75, 10.5],
			"rotation": {"angle": 22.5, "axis": "z", "origin": [8.25, 4.75, 9]},
			"faces": {
				"north": {"uv": [1, 1.5, 4, 4.5], "texture": "#texture"},
				"east": {"uv": [1.5, 2, 4.5, 4], "texture": "#texture"},
				"south": {"uv": [1.5, 2, 4.5, 4.5], "texture": "#texture"},
				"west": {"uv": [1, 1.5, 4, 4], "texture": "#texture"},
				"up": {"uv": [2.5, 1.5, 5, 4.5], "texture": "#texture"},
				"down": {"uv": [1, 1, 4.5, 3.5], "texture": "#texture"}
			}
		},
		{
			"name": "Element",
			"from": [14.9375, 3.875, 6.75],
			"to": [16.1875, 5.875, 9.25],
			"rotation": {"angle": -45, "axis": "z", "origin": [14.9375, 5.875, 6.75]},
			"faces": {
				"north": {"uv": [1, 1.5, 4, 4.5], "texture": "#texture"},
				"east": {"uv": [1.5, 2, 4.5, 4], "texture": "#texture"},
				"south": {"uv": [1.5, 2, 4.5, 4.5], "texture": "#texture"},
				"west": {"uv": [1, 1.5, 4, 4], "texture": "#texture"},
				"up": {"uv": [2.5, 1.5, 5, 4.5], "texture": "#texture"},
				"down": {"uv": [1, 1, 4.5, 3.5], "texture": "#texture"}
			}
		},
		{
			"name": "Element",
			"from": [12.52, 3, 9.345],
			"to": [14.52, 5, 10.595],
			"rotation": {"angle": 22.5, "axis": "y", "origin": [12.52, 3, 9.345]},
			"faces": {
				"north": {"uv": [1, 1.5, 4, 4.5], "texture": "#texture"},
				"east": {"uv": [1.5, 2, 4.5, 4], "texture": "#texture"},
				"south": {"uv": [1.5, 2, 4.5, 4.5], "texture": "#texture"},
				"west": {"uv": [1, 1.5, 4, 4], "texture": "#texture"},
				"up": {"uv": [2.5, 1.5, 5, 4.5], "texture": "#texture"},
				"down": {"uv": [1, 1, 4.5, 3.5], "texture": "#texture"}
			}
		},
		{
			"name": "Element",
			"from": [14.8425, 3, 6.26],
			"to": [15.8425, 5, 7.51],
			"rotation": {"angle": -45, "axis": "y", "origin": [14.8425, 3, 6.26]},
			"faces": {
				"north": {"uv": [1, 1.5, 4, 4.5], "texture": "#texture"},
				"east": {"uv": [1.5, 2, 4.5, 4], "texture": "#texture"},
				"south": {"uv": [1.5, 2, 4.5, 4.5], "texture": "#texture"},
				"west": {"uv": [1, 1.5, 4, 4], "texture": "#texture"},
				"up": {"uv": [2.5, 1.5, 5, 4.5], "texture": "#texture"},
				"down": {"uv": [1, 1, 4.5, 3.5], "texture": "#texture"}
			}
		},
		{
			"name": "Element",
			"from": [13.9575, 3, 8.855],
			"to": [14.9575, 5, 10.105],
			"rotation": {"angle": 45, "axis": "y", "origin": [13.9575, 3, 8.855]},
			"faces": {
				"north": {"uv": [1, 1.5, 4, 4.5], "texture": "#texture"},
				"east": {"uv": [1.5, 2, 4.5, 4], "texture": "#texture"},
				"south": {"uv": [1.5, 2, 4.5, 4.5], "texture": "#texture"},
				"west": {"uv": [1, 1.5, 4, 4], "texture": "#texture"},
				"up": {"uv": [2.5, 1.5, 5, 4.5], "texture": "#texture"},
				"down": {"uv": [1, 1, 4.5, 3.5], "texture": "#texture"}
			}
		},
		{
			"name": "Element",
			"from": [11.25, 5.75, 6.6875],
			"to": [13, 6.5, 9.3125],
			"faces": {
				"north": {"uv": [1, 1.5, 4, 4.5], "texture": "#texture"},
				"east": {"uv": [1.5, 2, 4.5, 4], "texture": "#texture"},
				"south": {"uv": [1.5, 2, 4.5, 4.5], "texture": "#texture"},
				"west": {"uv": [1, 1.5, 4, 4], "texture": "#texture"},
				"up": {"uv": [2.5, 1.5, 5, 4.5], "texture": "#texture"},
				"down": {"uv": [1, 1, 4.5, 3.5], "texture": "#texture"}
			}
		},
		{
			"name": "Element",
			"from": [11.25, 5.5, 5.5],
			"to": [13, 6, 6.8125],
			"rotation": {"angle": -22.5, "axis": "x", "origin": [11.25, 6, 5.5]},
			"faces": {
				"north": {"uv": [1, 1.5, 4, 4.5], "texture": "#texture"},
				"east": {"uv": [1.5, 2, 4.5, 4], "texture": "#texture"},
				"south": {"uv": [1.5, 2, 4.5, 4.5], "texture": "#texture"},
				"west": {"uv": [1, 1.5, 4, 4], "texture": "#texture"},
				"up": {"uv": [2.5, 1.5, 5, 4.5], "texture": "#texture"},
				"down": {"uv": [1, 1, 4.5, 3.5], "texture": "#texture"}
			}
		},
		{
			"name": "Element",
			"from": [11.25, 6, 9.29],
			"to": [13, 6.5, 10.6025],
			"rotation": {"angle": 22.5, "axis": "x", "origin": [11.25, 6.5, 9.29]},
			"faces": {
				"north": {"uv": [1, 1.5, 4, 4.5], "texture": "#texture"},
				"east": {"uv": [1.5, 2, 4.5, 4], "texture": "#texture"},
				"south": {"uv": [1.5, 2, 4.5, 4.5], "texture": "#texture"},
				"west": {"uv": [1, 1.5, 4, 4], "texture": "#texture"},
				"up": {"uv": [2.5, 1.5, 5, 4.5], "texture": "#texture"},
				"down": {"uv": [1, 1, 4.5, 3.5], "texture": "#texture"}
			}
		},
		{
			"name": "Element",
			"from": [1, 2.75, 5.75],
			"to": [12.5, 3, 10.25],
			"faces": {
				"north": {"uv": [2.5, 7.75, 5.5, 10.75], "texture": "#texture"},
				"east": {"uv": [1.5, 8.25, 4.5, 10.25], "texture": "#texture"},
				"south": {"uv": [1.25, 7.5, 4.25, 10], "texture": "#texture"},
				"west": {"uv": [1.5, 7.5, 4.5, 10], "texture": "#texture"},
				"up": {"uv": [1.75, 6.75, 4.25, 9.75], "texture": "#texture"},
				"down": {"uv": [1.75, 6.75, 5.25, 9.25], "texture": "#texture"}
			}
		},
		{
			"name": "Element",
			"from": [1, 0.5, 5.25],
			"to": [12.5, 2.75, 5.75],
			"faces": {
				"north": {"uv": [1, 1.5, 4, 4.5], "texture": "#texture"},
				"east": {"uv": [1.5, 2, 4.5, 4], "texture": "#texture"},
				"south": {"uv": [1.5, 2, 4.5, 4.5], "texture": "#texture"},
				"west": {"uv": [1, 1.5, 4, 4], "texture": "#texture"},
				"up": {"uv": [2.5, 1.5, 5, 4.5], "texture": "#texture"},
				"down": {"uv": [1, 1, 4.5, 3.5], "texture": "#texture"}
			}
		},
		{
			"name": "Element",
			"from": [1, 0.5, 10.25],
			"to": [12.5, 2.75, 10.75],
			"faces": {
				"north": {"uv": [1, 1.5, 4, 4.5], "texture": "#texture"},
				"east": {"uv": [1.5, 2, 4.5, 4], "texture": "#texture"},
				"south": {"uv": [1.5, 2, 4.5, 4.5], "texture": "#texture"},
				"west": {"uv": [1, 1.5, 4, 4], "texture": "#texture"},
				"up": {"uv": [2.5, 1.5, 5, 4.5], "texture": "#texture"},
				"down": {"uv": [1, 1, 4.5, 3.5], "texture": "#texture"}
			}
		},
		{
			"name": "Element",
			"from": [1, 2, 5.75],
			"to": [12.5, 2.75, 10.25],
			"faces": {
				"north": {"uv": [1, 1.5, 4, 4.5], "texture": "#texture"},
				"east": {"uv": [1.5, 2, 4.5, 4], "texture": "#texture"},
				"south": {"uv": [1.5, 2, 4.5, 4.5], "texture": "#texture"},
				"west": {"uv": [1, 1.5, 4, 4], "texture": "#texture"},
				"up": {"uv": [2.5, 1.5, 5, 4.5], "texture": "#texture"},
				"down": {"uv": [1, 1, 4.5, 3.5], "texture": "#texture"}
			}
		},
		{
			"name": "Element",
			"from": [1, 0.5, 5.75],
			"to": [12.5, 1, 6.25],
			"faces": {
				"north": {"uv": [1, 1.5, 4, 4.5], "texture": "#texture"},
				"east": {"uv": [1.5, 2, 4.5, 4], "texture": "#texture"},
				"south": {"uv": [1.5, 2, 4.5, 4.5], "texture": "#texture"},
				"west": {"uv": [1, 1.5, 4, 4], "texture": "#texture"},
				"up": {"uv": [2.5, 1.5, 5, 4.5], "texture": "#texture"},
				"down": {"uv": [1, 1, 4.5, 3.5], "texture": "#texture"}
			}
		},
		{
			"name": "Element",
			"from": [1, 0.5, 9.75],
			"to": [12.5, 1, 10.25],
			"faces": {
				"north": {"uv": [1, 1.5, 4, 4.5], "texture": "#texture"},
				"east": {"uv": [1.5, 2, 4.5, 4], "texture": "#texture"},
				"south": {"uv": [1.5, 2, 4.5, 4.5], "texture": "#texture"},
				"west": {"uv": [1, 1.5, 4, 4], "texture": "#texture"},
				"up": {"uv": [2.5, 1.5, 5, 4.5], "texture": "#texture"},
				"down": {"uv": [1, 1, 4.5, 3.5], "texture": "#texture"}
			}
		},
		{
			"name": "Element",
			"from": [1, 0.65, 9.75],
			"to": [12.5, 1, 10.455],
			"rotation": {"angle": -45, "axis": "x", "origin": [1, 1, 9.75]},
			"faces": {
				"north": {"uv": [1, 1.5, 4, 4.5], "texture": "#texture"},
				"east": {"uv": [1.5, 2, 4.5, 4], "texture": "#texture"},
				"south": {"uv": [1.5, 2, 4.5, 4.5], "texture": "#texture"},
				"west": {"uv": [1, 1.5, 4, 4], "texture": "#texture"},
				"up": {"uv": [2.5, 1.5, 5, 4.5], "texture": "#texture"},
				"down": {"uv": [1, 1, 4.5, 3.5], "texture": "#texture"}
			}
		},
		{
			"name": "Element",
			"from": [1, 1.15, 5.75],
			"to": [12.5, 1.5, 6.455],
			"rotation": {"angle": 45, "axis": "x", "origin": [1, 1.5, 5.75]},
			"faces": {
				"north": {"uv": [1, 1.5, 4, 4.5], "texture": "#texture"},
				"east": {"uv": [1.5, 2, 4.5, 4], "texture": "#texture"},
				"south": {"uv": [1.5, 2, 4.5, 4.5], "texture": "#texture"},
				"west": {"uv": [1, 1.5, 4, 4], "texture": "#texture"},
				"up": {"uv": [2.5, 1.5, 5, 4.5], "texture": "#texture"},
				"down": {"uv": [1, 1, 4.5, 3.5], "texture": "#texture"}
			}
		},
		{
			"name": "Element",
			"from": [1, 1.9575, 9.4375],
			"to": [12.5, 2.4575, 10.5625],
			"rotation": {"angle": 22.5, "axis": "x", "origin": [1, 2.4575, 9.4375]},
			"faces": {
				"north": {"uv": [1, 1.5, 4, 4.5], "texture": "#texture"},
				"east": {"uv": [1.5, 2, 4.5, 4], "texture": "#texture"},
				"south": {"uv": [1.5, 2, 4.5, 4.5], "texture": "#texture"},
				"west": {"uv": [1, 1.5, 4, 4], "texture": "#texture"},
				"up": {"uv": [2.5, 1.5, 5, 4.5], "texture": "#texture"},
				"down": {"uv": [1, 1, 4.5, 3.5], "texture": "#texture"}
			}
		},
		{
			"name": "Element",
			"from": [1, 1.5325, 5.51],
			"to": [12.5, 2.0325, 6.635],
			"rotation": {"angle": -22.5, "axis": "x", "origin": [1, 2.0325, 5.51]},
			"faces": {
				"north": {"uv": [1, 1.5, 4, 4.5], "texture": "#texture"},
				"east": {"uv": [1.5, 2, 4.5, 4], "texture": "#texture"},
				"south": {"uv": [1.5, 2, 4.5, 4.5], "texture": "#texture"},
				"west": {"uv": [1, 1.5, 4, 4], "texture": "#texture"},
				"up": {"uv": [2.5, 1.5, 5, 4.5], "texture": "#texture"},
				"down": {"uv": [1, 1, 4.5, 3.5], "texture": "#texture"}
			}
		},
		{
			"name": "Element",
			"from": [5.25, 0.5, 11],
			"to": [8, 2.75, 11.25],
			"faces": {
				"north": {"uv": [1, 1.5, 4, 4.5], "texture": "#texture"},
				"east": {"uv": [1.5, 2, 4.5, 4], "texture": "#texture"},
				"south": {"uv": [1.5, 2, 4.5, 4.5], "texture": "#texture"},
				"west": {"uv": [1, 1.5, 4, 4], "texture": "#texture"},
				"up": {"uv": [2.5, 1.5, 5, 4.5], "texture": "#texture"},
				"down": {"uv": [1, 1, 4.5, 3.5], "texture": "#texture"}
			}
		},
		{
			"name": "Element",
			"from": [5.25, 0.75, 10.75],
			"to": [8, 2.75, 11],
			"faces": {
				"north": {"uv": [1, 1.5, 4, 4.5], "texture": "#texture"},
				"east": {"uv": [1.5, 2, 4.5, 4], "texture": "#texture"},
				"south": {"uv": [1.5, 2, 4.5, 4.5], "texture": "#texture"},
				"west": {"uv": [1, 1.5, 4, 4], "texture": "#texture"},
				"up": {"uv": [2.5, 1.5, 5, 4.5], "texture": "#texture"},
				"down": {"uv": [1, 1, 4.5, 3.5], "texture": "#texture"}
			}
		},
		{
			"name": "Element",
			"from": [5.25, 2.5725, 9.865],
			"to": [8, 3.3225, 11.365],
			"rotation": {"angle": 22.5, "axis": "x", "origin": [5.25, 3.3225, 9.865]},
			"faces": {
				"north": {"uv": [1, 1.5, 4, 4.5], "texture": "#texture"},
				"east": {"uv": [1.5, 2, 4.5, 4], "texture": "#texture"},
				"south": {"uv": [1.5, 2, 4.5, 4.5], "texture": "#texture"},
				"west": {"uv": [1, 1.5, 4, 4], "texture": "#texture"},
				"up": {"uv": [2.5, 1.5, 5, 4.5], "texture": "#texture"},
				"down": {"uv": [1, 1, 4.5, 3.5], "texture": "#texture"}
			}
		},
		{
			"name": "Element",
			"from": [6, 1.25, 11.25],
			"to": [6.25, 2, 12],
			"faces": {
				"north": {"uv": [7.75, 1.25, 10.75, 4.25], "texture": "#texture"},
				"east": {"uv": [7, 1.5, 10, 3.5], "texture": "#texture"},
				"south": {"uv": [8, 1.75, 11, 4.25], "texture": "#texture"},
				"west": {"uv": [7.25, 1.5, 10.25, 4], "texture": "#texture"},
				"up": {"uv": [7.25, 1.75, 9.75, 4.75], "texture": "#texture"},
				"down": {"uv": [7, 1.5, 10.5, 4], "texture": "#texture"}
			}
		},
		{
			"name": "Element",
			"from": [5.75, 1.25, 11.25],
			"to": [7.5, 2, 11.75],
			"faces": {
				"north": {"uv": [7.75, 1.5, 10.75, 4.5], "texture": "#texture"},
				"east": {"uv": [7.25, 1.25, 10.25, 3.25], "texture": "#texture"},
				"south": {"uv": [7.25, 1, 10.25, 3.5], "texture": "#texture"},
				"west": {"uv": [8, 1.25, 11, 3.75], "texture": "#texture"},
				"up": {"uv": [7.25, 1.5, 9.75, 4.5], "texture": "#texture"},
				"down": {"uv": [7, 1.25, 10.5, 3.75], "texture": "#texture"}
			}
		},
		{
			"name": "Element",
			"from": [6.25, 0.75, 11.25],
			"to": [7, 2.5, 11.75],
			"faces": {
				"north": {"uv": [7.75, 1.5, 10.75, 4.5], "texture": "#texture"},
				"east": {"uv": [7.25, 1.25, 10.25, 3.25], "texture": "#texture"},
				"south": {"uv": [7.25, 1, 10.25, 3.5], "texture": "#texture"},
				"west": {"uv": [8, 1.25, 11, 3.75], "texture": "#texture"},
				"up": {"uv": [7.25, 1.5, 9.75, 4.5], "texture": "#texture"},
				"down": {"uv": [7, 1.25, 10.5, 3.75], "texture": "#texture"}
			}
		},
		{
			"name": "Element",
			"from": [7, 1.25, 11.25],
			"to": [7.25, 2, 12],
			"faces": {
				"north": {"uv": [7.75, 1.25, 10.75, 4.25], "texture": "#texture"},
				"east": {"uv": [7, 1.5, 10, 3.5], "texture": "#texture"},
				"south": {"uv": [8, 1.75, 11, 4.25], "texture": "#texture"},
				"west": {"uv": [7.25, 1.5, 10.25, 4], "texture": "#texture"},
				"up": {"uv": [7.25, 1.75, 9.75, 4.75], "texture": "#texture"},
				"down": {"uv": [7, 1.5, 10.5, 4], "texture": "#texture"}
			}
		},
		{
			"name": "Element",
			"from": [6.25, 2, 11.25],
			"to": [7, 2.25, 12],
			"faces": {
				"north": {"uv": [7.75, 1.25, 10.75, 4.25], "texture": "#texture"},
				"east": {"uv": [7, 1.5, 10, 3.5], "texture": "#texture"},
				"south": {"uv": [8, 1.75, 11, 4.25], "texture": "#texture"},
				"west": {"uv": [7.25, 1.5, 10.25, 4], "texture": "#texture"},
				"up": {"uv": [7.25, 1.75, 9.75, 4.75], "texture": "#texture"},
				"down": {"uv": [7, 1.5, 10.5, 4], "texture": "#texture"}
			}
		},
		{
			"name": "Element",
			"from": [6.25, 1, 11.25],
			"to": [7, 1.25, 12],
			"faces": {
				"north": {"uv": [7.75, 1.25, 10.75, 4.25], "texture": "#texture"},
				"east": {"uv": [7, 1.5, 10, 3.5], "texture": "#texture"},
				"south": {"uv": [8, 1.75, 11, 4.25], "texture": "#texture"},
				"west": {"uv": [7.25, 1.5, 10.25, 4], "texture": "#texture"},
				"up": {"uv": [7.25, 1.75, 9.75, 4.75], "texture": "#texture"},
				"down": {"uv": [7, 1.5, 10.5, 4], "texture": "#texture"}
			}
		},
		{
			"name": "Element",
			"from": [5.75, 1.295, 11.25],
			"to": [6.455, 2, 11.75],
			"rotation": {"angle": 45, "axis": "z", "origin": [5.75, 2, 11.25]},
			"faces": {
				"north": {"uv": [7.75, 1.5, 10.75, 4.5], "texture": "#texture"},
				"east": {"uv": [7.25, 1.25, 10.25, 3.25], "texture": "#texture"},
				"south": {"uv": [7.25, 1, 10.25, 3.5], "texture": "#texture"},
				"west": {"uv": [8, 1.25, 11, 3.75], "texture": "#texture"},
				"up": {"uv": [7.25, 1.5, 9.75, 4.5], "texture": "#texture"},
				"down": {"uv": [7, 1.25, 10.5, 3.75], "texture": "#texture"}
			}
		},
		{
			"name": "Element",
			"from": [7, 1.795, 11.25],
			"to": [7.705, 2.5, 11.75],
			"rotation": {"angle": -45, "axis": "z", "origin": [7, 2.5, 11.25]},
			"faces": {
				"north": {"uv": [7.75, 1.5, 10.75, 4.5], "texture": "#texture"},
				"east": {"uv": [7.25, 1.25, 10.25, 3.25], "texture": "#texture"},
				"south": {"uv": [7.25, 1, 10.25, 3.5], "texture": "#texture"},
				"west": {"uv": [8, 1.25, 11, 3.75], "texture": "#texture"},
				"up": {"uv": [7.25, 1.5, 9.75, 4.5], "texture": "#texture"},
				"down": {"uv": [7, 1.25, 10.5, 3.75], "texture": "#texture"}
			}
		},
		{
			"name": "Element",
			"from": [5.75, 0.545, 11.25],
			"to": [6.455, 1.25, 11.75],
			"rotation": {"angle": 45, "axis": "z", "origin": [5.75, 1.25, 11.25]},
			"faces": {
				"north": {"uv": [7.75, 1.5, 10.75, 4.5], "texture": "#texture"},
				"east": {"uv": [7.25, 1.25, 10.25, 3.25], "texture": "#texture"},
				"south": {"uv": [7.25, 1, 10.25, 3.5], "texture": "#texture"},
				"west": {"uv": [8, 1.25, 11, 3.75], "texture": "#texture"},
				"up": {"uv": [7.25, 1.5, 9.75, 4.5], "texture": "#texture"},
				"down": {"uv": [7, 1.25, 10.5, 3.75], "texture": "#texture"}
			}
		},
		{
			"name": "Element",
			"from": [7, 1.045, 11.25],
			"to": [7.705, 1.75, 11.75],
			"rotation": {"angle": -45, "axis": "z", "origin": [7, 1.75, 11.25]},
			"faces": {
				"north": {"uv": [7.75, 1.5, 10.75, 4.5], "texture": "#texture"},
				"east": {"uv": [7.25, 1.25, 10.25, 3.25], "texture": "#texture"},
				"south": {"uv": [7.25, 1, 10.25, 3.5], "texture": "#texture"},
				"west": {"uv": [8, 1.25, 11, 3.75], "texture": "#texture"},
				"up": {"uv": [7.25, 1.5, 9.75, 4.5], "texture": "#texture"},
				"down": {"uv": [7, 1.25, 10.5, 3.75], "texture": "#texture"}
			}
		},
		{
			"name": "Element",
			"from": [6.25, 2.145, 11.75],
			"to": [7, 2.5, 12.105],
			"rotation": {"angle": 45, "axis": "x", "origin": [6.25, 2.5, 11.75]},
			"faces": {
				"north": {"uv": [7.75, 1.25, 10.75, 4.25], "texture": "#texture"},
				"east": {"uv": [7, 1.5, 10, 3.5], "texture": "#texture"},
				"south": {"uv": [8, 1.75, 11, 4.25], "texture": "#texture"},
				"west": {"uv": [7.25, 1.5, 10.25, 4], "texture": "#texture"},
				"up": {"uv": [7.25, 1.75, 9.75, 4.75], "texture": "#texture"},
				"down": {"uv": [7, 1.5, 10.5, 4], "texture": "#texture"}
			}
		},
		{
			"name": "Element",
			"from": [6.25, 0.895, 11.75],
			"to": [7, 1.25, 12.105],
			"rotation": {"angle": 45, "axis": "x", "origin": [6.25, 1.25, 11.75]},
			"faces": {
				"north": {"uv": [7.75, 1.25, 10.75, 4.25], "texture": "#texture"},
				"east": {"uv": [7, 1.5, 10, 3.5], "texture": "#texture"},
				"south": {"uv": [8, 1.75, 11, 4.25], "texture": "#texture"},
				"west": {"uv": [7.25, 1.5, 10.25, 4], "texture": "#texture"},
				"up": {"uv": [7.25, 1.75, 9.75, 4.75], "texture": "#texture"},
				"down": {"uv": [7, 1.5, 10.5, 4], "texture": "#texture"}
			}
		},
		{
			"name": "Element",
			"from": [5.75, 1.25, 11.75],
			"to": [6.105, 2, 12.105],
			"rotation": {"angle": 45, "axis": "y", "origin": [5.75, 1.25, 11.75]},
			"faces": {
				"north": {"uv": [7.75, 1.25, 10.75, 4.25], "texture": "#texture"},
				"east": {"uv": [7, 1.5, 10, 3.5], "texture": "#texture"},
				"south": {"uv": [8, 1.75, 11, 4.25], "texture": "#texture"},
				"west": {"uv": [7.25, 1.5, 10.25, 4], "texture": "#texture"},
				"up": {"uv": [7.25, 1.75, 9.75, 4.75], "texture": "#texture"},
				"down": {"uv": [7, 1.5, 10.5, 4], "texture": "#texture"}
			}
		},
		{
			"name": "Element",
			"from": [7.25, 1.25, 11.5],
			"to": [7.605, 2, 11.855],
			"rotation": {"angle": -45, "axis": "y", "origin": [7.25, 1.25, 11.5]},
			"faces": {
				"north": {"uv": [7.75, 1.25, 10.75, 4.25], "texture": "#texture"},
				"east": {"uv": [7, 1.5, 10, 3.5], "texture": "#texture"},
				"south": {"uv": [8, 1.75, 11, 4.25], "texture": "#texture"},
				"west": {"uv": [7.25, 1.5, 10.25, 4], "texture": "#texture"},
				"up": {"uv": [7.25, 1.75, 9.75, 4.75], "texture": "#texture"},
				"down": {"uv": [7, 1.5, 10.5, 4], "texture": "#texture"}
			}
		},
		{
			"name": "Element",
			"from": [7, 1.145, 11.25],
			"to": [7.355, 1.5, 12],
			"rotation": {"angle": -45, "axis": "z", "origin": [7, 1.5, 11.25]},
			"faces": {
				"north": {"uv": [7.75, 1.25, 10.75, 4.25], "texture": "#texture"},
				"east": {"uv": [7, 1.5, 10, 3.5], "texture": "#texture"},
				"south": {"uv": [8, 1.75, 11, 4.25], "texture": "#texture"},
				"west": {"uv": [7.25, 1.5, 10.25, 4], "texture": "#texture"},
				"up": {"uv": [7.25, 1.75, 9.75, 4.75], "texture": "#texture"},
				"down": {"uv": [7, 1.5, 10.5, 4], "texture": "#texture"}
			}
		},
		{
			"name": "Element",
			"from": [6, 0.895, 11.25],
			"to": [6.355, 1.25, 12],
			"rotation": {"angle": 45, "axis": "z", "origin": [6, 1.25, 11.25]},
			"faces": {
				"north": {"uv": [7.75, 1.25, 10.75, 4.25], "texture": "#texture"},
				"east": {"uv": [7, 1.5, 10, 3.5], "texture": "#texture"},
				"south": {"uv": [8, 1.75, 11, 4.25], "texture": "#texture"},
				"west": {"uv": [7.25, 1.5, 10.25, 4], "texture": "#texture"},
				"up": {"uv": [7.25, 1.75, 9.75, 4.75], "texture": "#texture"},
				"down": {"uv": [7, 1.5, 10.5, 4], "texture": "#texture"}
			}
		},
		{
			"name": "Element",
			"from": [6, 1.645, 11.25],
			"to": [6.355, 2, 12],
			"rotation": {"angle": 45, "axis": "z", "origin": [6, 2, 11.25]},
			"faces": {
				"north": {"uv": [7.75, 1.25, 10.75, 4.25], "texture": "#texture"},
				"east": {"uv": [7, 1.5, 10, 3.5], "texture": "#texture"},
				"south": {"uv": [8, 1.75, 11, 4.25], "texture": "#texture"},
				"west": {"uv": [7.25, 1.5, 10.25, 4], "texture": "#texture"},
				"up": {"uv": [7.25, 1.75, 9.75, 4.75], "texture": "#texture"},
				"down": {"uv": [7, 1.5, 10.5, 4], "texture": "#texture"}
			}
		},
		{
			"name": "Element",
			"from": [7, 1.895, 11.25],
			"to": [7.355, 2.25, 12],
			"rotation": {"angle": -45, "axis": "z", "origin": [7, 2.25, 11.25]},
			"faces": {
				"north": {"uv": [7.75, 1.25, 10.75, 4.25], "texture": "#texture"},
				"east": {"uv": [7, 1.5, 10, 3.5], "texture": "#texture"},
				"south": {"uv": [8, 1.75, 11, 4.25], "texture": "#texture"},
				"west": {"uv": [7.25, 1.5, 10.25, 4], "texture": "#texture"},
				"up": {"uv": [7.25, 1.75, 9.75, 4.75], "texture": "#texture"},
				"down": {"uv": [7, 1.5, 10.5, 4], "texture": "#texture"}
			}
		},
		{
			"name": "Element",
			"from": [6.25, 1.25, 11.75],
			"to": [7.25, 2, 11.8125],
			"faces": {
				"north": {"uv": [1.25, 7.75, 4.25, 10.75], "texture": "#texture"},
				"east": {"uv": [1, 8, 4, 10], "texture": "#texture"},
				"south": {"uv": [1.75, 7.5, 4.75, 10], "texture": "#texture"},
				"west": {"uv": [1.5, 7.75, 4.5, 10.25], "texture": "#texture"},
				"up": {"uv": [1.75, 7.25, 4.25, 10.25], "texture": "#texture"},
				"down": {"uv": [1, 7.5, 4.5, 10], "texture": "#texture"}
			}
		},
		{
			"name": "Element",
			"from": [1.6875, 4.875, 5.5],
			"to": [6.4375, 6.625, 10.5],
			"rotation": {"angle": -22.5, "axis": "z", "origin": [1.6875, 6.625, 5.5]},
			"faces": {
				"north": {"uv": [1, 1.5, 4, 4.5], "texture": "#texture"},
				"east": {"uv": [1.5, 2, 4.5, 4], "texture": "#texture"},
				"south": {"uv": [1.5, 2, 4.5, 4.5], "texture": "#texture"},
				"west": {"uv": [1, 1.5, 4, 4], "texture": "#texture"},
				"up": {"uv": [2.5, 1.5, 5, 4.5], "texture": "#texture"},
				"down": {"uv": [1, 1, 4.5, 3.5], "texture": "#texture"}
			}
		},
		{
			"name": "Element",
			"from": [1.5, 5.5, 5.5],
			"to": [3.25, 6.75, 10.5],
			"faces": {
				"north": {"uv": [1, 1.5, 4, 4.5], "texture": "#texture"},
				"east": {"uv": [1.5, 2, 4.5, 4], "texture": "#texture"},
				"south": {"uv": [1.5, 2, 4.5, 4.5], "texture": "#texture"},
				"west": {"uv": [1, 1.5, 4, 4], "texture": "#texture"},
				"up": {"uv": [2.5, 1.5, 5, 4.5], "texture": "#texture"},
				"down": {"uv": [1, 1, 4.5, 3.5], "texture": "#texture"}
			}
		},
		{
			"name": "Element",
			"from": [3.25, 5.25, 5.5],
			"to": [6.25, 6.75, 10.5],
			"rotation": {"angle": -45, "axis": "z", "origin": [3.25, 6.75, 5.5]},
			"faces": {
				"north": {"uv": [1, 1.5, 4, 4.5], "texture": "#texture"},
				"east": {"uv": [1.5, 2, 4.5, 4], "texture": "#texture"},
				"south": {"uv": [1.5, 2, 4.5, 4.5], "texture": "#texture"},
				"west": {"uv": [1, 1.5, 4, 4], "texture": "#texture"},
				"up": {"uv": [2.5, 1.5, 5, 4.5], "texture": "#texture"},
				"down": {"uv": [1, 1, 4.5, 3.5], "texture": "#texture"}
			}
		},
		{
			"name": "Element",
			"from": [1.5, 6.75, 5.75],
			"to": [3.25, 7, 10.25],
			"faces": {
				"north": {"uv": [1, 1.5, 4, 4.5], "texture": "#texture"},
				"east": {"uv": [1.5, 2, 4.5, 4], "texture": "#texture"},
				"south": {"uv": [1.5, 2, 4.5, 4.5], "texture": "#texture"},
				"west": {"uv": [1, 1.5, 4, 4], "texture": "#texture"},
				"up": {"uv": [2.5, 1.5, 5, 4.5], "texture": "#texture"},
				"down": {"uv": [1, 1, 4.5, 3.5], "texture": "#texture"}
			}
		},
		{
			"name": "Element",
			"from": [1.5, 6.645, 10.25],
			"to": [3.25, 7, 10.605],
			"rotation": {"angle": 45, "axis": "x", "origin": [1.5, 7, 10.25]},
			"faces": {
				"north": {"uv": [1, 1.5, 4, 4.5], "texture": "#texture"},
				"east": {"uv": [1.5, 2, 4.5, 4], "texture": "#texture"},
				"south": {"uv": [1.5, 2, 4.5, 4.5], "texture": "#texture"},
				"west": {"uv": [1, 1.5, 4, 4], "texture": "#texture"},
				"up": {"uv": [2.5, 1.5, 5, 4.5], "texture": "#texture"},
				"down": {"uv": [1, 1, 4.5, 3.5], "texture": "#texture"}
			}
		},
		{
			"name": "Element",
			"from": [1.5, 6.395, 5.5],
			"to": [3.25, 6.75, 5.855],
			"rotation": {"angle": -45, "axis": "x", "origin": [1.5, 6.75, 5.5]},
			"faces": {
				"north": {"uv": [1, 1.5, 4, 4.5], "texture": "#texture"},
				"east": {"uv": [1.5, 2, 4.5, 4], "texture": "#texture"},
				"south": {"uv": [1.5, 2, 4.5, 4.5], "texture": "#texture"},
				"west": {"uv": [1, 1.5, 4, 4], "texture": "#texture"},
				"up": {"uv": [2.5, 1.5, 5, 4.5], "texture": "#texture"},
				"down": {"uv": [1, 1, 4.5, 3.5], "texture": "#texture"}
			}
		},
		{
			"name": "Element",
			"from": [1.5, 8.5, 4.25],
			"to": [3.25, 11.25, 4.75],
			"faces": {
				"north": {"uv": [1, 1.5, 4, 4.5], "texture": "#texture"},
				"east": {"uv": [1.5, 2, 4.5, 4], "texture": "#texture"},
				"south": {"uv": [1.5, 2, 4.5, 4.5], "texture": "#texture"},
				"west": {"uv": [1, 1.5, 4, 4], "texture": "#texture"},
				"up": {"uv": [2.5, 1.5, 5, 4.5], "texture": "#texture"},
				"down": {"uv": [1, 1, 4.5, 3.5], "texture": "#texture"}
			}
		},
		{
			"name": "Element",
			"from": [1.5, 8.5, 11.25],
			"to": [3.25, 11.25, 11.75],
			"faces": {
				"north": {"uv": [1, 1.5, 4, 4.5], "texture": "#texture"},
				"east": {"uv": [1.5, 2, 4.5, 4], "texture": "#texture"},
				"south": {"uv": [1.5, 2, 4.5, 4.5], "texture": "#texture"},
				"west": {"uv": [1, 1.5, 4, 4], "texture": "#texture"},
				"up": {"uv": [2.5, 1.5, 5, 4.5], "texture": "#texture"},
				"down": {"uv": [1, 1, 4.5, 3.5], "texture": "#texture"}
			}
		},
		{
			"name": "Element",
			"from": [1.5, 5.75, 4.25],
			"to": [3.25, 8.5, 4.75],
			"rotation": {"angle": -45, "axis": "x", "origin": [1.5, 8.5, 4.25]},
			"faces": {
				"north": {"uv": [1, 1.5, 4, 4.5], "texture": "#texture"},
				"east": {"uv": [1.5, 2, 4.5, 4], "texture": "#texture"},
				"south": {"uv": [1.5, 2, 4.5, 4.5], "texture": "#texture"},
				"west": {"uv": [1, 1.5, 4, 4], "texture": "#texture"},
				"up": {"uv": [2.5, 1.5, 5, 4.5], "texture": "#texture"},
				"down": {"uv": [1, 1, 4.5, 3.5], "texture": "#texture"}
			}
		},
		{
			"name": "Element",
			"from": [1.5, 6.105, 11.395],
			"to": [3.25, 8.855, 11.895],
			"rotation": {"angle": 45, "axis": "x", "origin": [1.5, 8.855, 11.395]},
			"faces": {
				"north": {"uv": [1, 1.5, 4, 4.5], "texture": "#texture"},
				"east": {"uv": [1.5, 2, 4.5, 4], "texture": "#texture"},
				"south": {"uv": [1.5, 2, 4.5, 4.5], "texture": "#texture"},
				"west": {"uv": [1, 1.5, 4, 4], "texture": "#texture"},
				"up": {"uv": [2.5, 1.5, 5, 4.5], "texture": "#texture"},
				"down": {"uv": [1, 1, 4.5, 3.5], "texture": "#texture"}
			}
		},
		{
			"name": "Element",
			"from": [1.5, 12.25, 6],
			"to": [3.25, 12.75, 10],
			"faces": {
				"north": {"uv": [1, 1.5, 4, 4.5], "texture": "#texture"},
				"east": {"uv": [1.5, 2, 4.5, 4], "texture": "#texture"},
				"south": {"uv": [1.5, 2, 4.5, 4.5], "texture": "#texture"},
				"west": {"uv": [1, 1.5, 4, 4], "texture": "#texture"},
				"up": {"uv": [2.5, 1.5, 5, 4.5], "texture": "#texture"},
				"down": {"uv": [1, 1, 4.5, 3.5], "texture": "#texture"}
			}
		},
		{
			"name": "Element",
			"from": [1.5, 11.1775, 4.635],
			"to": [3.25, 12.1775, 5.135],
			"rotation": {"angle": 22.5, "axis": "x", "origin": [1.5, 12.1775, 4.635]},
			"faces": {
				"north": {"uv": [1, 1.5, 4, 4.5], "texture": "#texture"},
				"east": {"uv": [1.5, 2, 4.5, 4], "texture": "#texture"},
				"south": {"uv": [1.5, 2, 4.5, 4.5], "texture": "#texture"},
				"west": {"uv": [1, 1.5, 4, 4], "texture": "#texture"},
				"up": {"uv": [2.5, 1.5, 5, 4.5], "texture": "#texture"},
				"down": {"uv": [1, 1, 4.5, 3.5], "texture": "#texture"}
			}
		},
		{
			"name": "Element",
			"from": [1.5, 10.98, 10.905],
			"to": [3.25, 11.98, 11.405],
			"rotation": {"angle": -22.5, "axis": "x", "origin": [1.5, 11.98, 10.905]},
			"faces": {
				"north": {"uv": [1, 1.5, 4, 4.5], "texture": "#texture"},
				"east": {"uv": [1.5, 2, 4.5, 4], "texture": "#texture"},
				"south": {"uv": [1.5, 2, 4.5, 4.5], "texture": "#texture"},
				"west": {"uv": [1, 1.5, 4, 4], "texture": "#texture"},
				"up": {"uv": [2.5, 1.5, 5, 4.5], "texture": "#texture"},
				"down": {"uv": [1, 1, 4.5, 3.5], "texture": "#texture"}
			}
		},
		{
			"name": "Element",
			"from": [1.5, 11.6775, 4.635],
			"to": [3.25, 12.1775, 6.135],
			"rotation": {"angle": -22.5, "axis": "x", "origin": [1.5, 12.1775, 4.635]},
			"faces": {
				"north": {"uv": [1, 1.5, 4, 4.5], "texture": "#texture"},
				"east": {"uv": [1.5, 2, 4.5, 4], "texture": "#texture"},
				"south": {"uv": [1.5, 2, 4.5, 4.5], "texture": "#texture"},
				"west": {"uv": [1, 1.5, 4, 4], "texture": "#texture"},
				"up": {"uv": [2.5, 1.5, 5, 4.5], "texture": "#texture"},
				"down": {"uv": [1, 1, 4.5, 3.5], "texture": "#texture"}
			}
		},
		{
			"name": "Element",
			"from": [1.5, 12.25, 9.98],
			"to": [3.25, 12.75, 11.48],
			"rotation": {"angle": 22.5, "axis": "x", "origin": [1.5, 12.75, 9.98]},
			"faces": {
				"north": {"uv": [1, 1.5, 4, 4.5], "texture": "#texture"},
				"east": {"uv": [1.5, 2, 4.5, 4], "texture": "#texture"},
				"south": {"uv": [1.5, 2, 4.5, 4.5], "texture": "#texture"},
				"west": {"uv": [1, 1.5, 4, 4], "texture": "#texture"},
				"up": {"uv": [2.5, 1.5, 5, 4.5], "texture": "#texture"},
				"down": {"uv": [1, 1, 4.5, 3.5], "texture": "#texture"}
			}
		},
		{
			"name": "Element",
			"from": [2.25, 8, 4.75],
			"to": [2.3125, 12, 11.25],
			"faces": {
				"north": {"uv": [1.25, 13.5, 2.75, 15.5], "texture": "#texture"},
				"east": {"uv": [1.5, 13.25, 3, 14.5], "texture": "#texture"},
				"south": {"uv": [1.25, 12.75, 2.75, 14.5], "texture": "#texture"},
				"west": {"uv": [1, 13.25, 2.75, 14.5], "texture": "#texture"},
				"up": {"uv": [5.5, 12.75, 6.75, 13.75], "texture": "#texture"},
				"down": {"uv": [6.25, 12.25, 8.25, 14], "texture": "#texture"}
			}
		},
		{
			"name": "Element",
			"from": [2.25, 7.25, 5.5],
			"to": [2.3125, 8, 10.5],
			"faces": {
				"north": {"uv": [1.25, 13.5, 2.75, 15.5], "texture": "#texture"},
				"east": {"uv": [1.5, 13.25, 3, 14.5], "texture": "#texture"},
				"south": {"uv": [1.25, 12.75, 2.75, 14.5], "texture": "#texture"},
				"west": {"uv": [1, 13.25, 2.75, 14.5], "texture": "#texture"},
				"up": {"uv": [5.5, 12.75, 6.75, 13.75], "texture": "#texture"},
				"down": {"uv": [6.25, 12.25, 8.25, 14], "texture": "#texture"}
			}
		},
		{
			"name": "Element",
			"from": [2.25, 6.75, 6.25],
			"to": [2.3125, 7.25, 9.75],
			"faces": {
				"north": {"uv": [1.25, 13.5, 2.75, 15.5], "texture": "#texture"},
				"east": {"uv": [1.5, 13.25, 3, 14.5], "texture": "#texture"},
				"south": {"uv": [1.25, 12.75, 2.75, 14.5], "texture": "#texture"},
				"west": {"uv": [1, 13.25, 2.75, 14.5], "texture": "#texture"},
				"up": {"uv": [5.5, 12.75, 6.75, 13.75], "texture": "#texture"},
				"down": {"uv": [6.25, 12.25, 8.25, 14], "texture": "#texture"}
			}
		},
		{
			"name": "Element",
			"from": [2.25, 12, 5.5],
			"to": [2.3125, 12.25, 10.5],
			"faces": {
				"north": {"uv": [1.25, 13.5, 2.75, 15.5], "texture": "#texture"},
				"east": {"uv": [1.5, 13.25, 3, 14.5], "texture": "#texture"},
				"south": {"uv": [1.25, 12.75, 2.75, 14.5], "texture": "#texture"},
				"west": {"uv": [1, 13.25, 2.75, 14.5], "texture": "#texture"},
				"up": {"uv": [5.5, 12.75, 6.75, 13.75], "texture": "#texture"},
				"down": {"uv": [6.25, 12.25, 8.25, 14], "texture": "#texture"}
			}
		},
		{
			"name": "Element",
			"from": [2.30469, 8.75, 7],
			"to": [2.3125, 10.75, 9],
			"faces": {
				"north": {"uv": [11, 10, 15, 12], "texture": "#1"},
				"east": {"uv": [0.5, 0.5, 13, 13], "texture": "#1"},
				"south": {"uv": [11, 10, 15, 12], "texture": "#1"},
				"west": {"uv": [0.5, 0.5, 13, 13], "texture": "#1"},
				"up": {"uv": [11, 10, 15, 12], "texture": "#1"},
				"down": {"uv": [11, 10, 15, 12], "texture": "#1"}
			}
		},
		{
			"name": "Element",
			"from": [12.75, 2, 6.75],
			"to": [14.75, 3, 9.25],
			"faces": {
				"north": {"uv": [1, 1.5, 4, 4.5], "texture": "#texture"},
				"east": {"uv": [1.5, 2, 4.5, 4], "texture": "#texture"},
				"south": {"uv": [1.5, 2, 4.5, 4.5], "texture": "#texture"},
				"west": {"uv": [1, 1.5, 4, 4], "texture": "#texture"},
				"up": {"uv": [2.5, 1.5, 5, 4.5], "texture": "#texture"},
				"down": {"uv": [1, 1, 4.5, 3.5], "texture": "#texture"}
			}
		},
		{
			"name": "Element",
			"from": [12.5, 2, 7],
			"to": [15.5, 3, 9],
			"faces": {
				"north": {"uv": [1, 1.5, 4, 4.5], "texture": "#texture"},
				"east": {"uv": [1.5, 2, 4.5, 4], "texture": "#texture"},
				"south": {"uv": [1.5, 2, 4.5, 4.5], "texture": "#texture"},
				"west": {"uv": [1, 1.5, 4, 4], "texture": "#texture"},
				"up": {"uv": [2.5, 1.5, 5, 4.5], "texture": "#texture"},
				"down": {"uv": [1, 1, 4.5, 3.5], "texture": "#texture"}
			}
		},
		{
			"name": "Element",
			"from": [13, 2, 6.5],
			"to": [15, 3, 9.5],
			"faces": {
				"north": {"uv": [1, 1.5, 4, 4.5], "texture": "#texture"},
				"east": {"uv": [1.5, 2, 4.5, 4], "texture": "#texture"},
				"south": {"uv": [1.5, 2, 4.5, 4.5], "texture": "#texture"},
				"west": {"uv": [1, 1.5, 4, 4], "texture": "#texture"},
				"up": {"uv": [2.5, 1.5, 5, 4.5], "texture": "#texture"},
				"down": {"uv": [1, 1, 4.5, 3.5], "texture": "#texture"}
			}
		},
		{
			"name": "Element",
			"from": [15, 2, 6.5],
			"to": [15.705, 3, 7.205],
			"rotation": {"angle": -45, "axis": "y", "origin": [15, 2, 6.5]},
			"faces": {
				"north": {"uv": [1, 1.5, 4, 4.5], "texture": "#texture"},
				"east": {"uv": [1.5, 2, 4.5, 4], "texture": "#texture"},
				"south": {"uv": [1.5, 2, 4.5, 4.5], "texture": "#texture"},
				"west": {"uv": [1, 1.5, 4, 4], "texture": "#texture"},
				"up": {"uv": [2.5, 1.5, 5, 4.5], "texture": "#texture"},
				"down": {"uv": [1, 1, 4.5, 3.5], "texture": "#texture"}
			}
		},
		{
			"name": "Element",
			"from": [12.5, 2, 7],
			"to": [13.205, 3, 7.705],
			"rotation": {"angle": 45, "axis": "y", "origin": [12.5, 2, 7]},
			"faces": {
				"north": {"uv": [1, 1.5, 4, 4.5], "texture": "#texture"},
				"east": {"uv": [1.5, 2, 4.5, 4], "texture": "#texture"},
				"south": {"uv": [1.5, 2, 4.5, 4.5], "texture": "#texture"},
				"west": {"uv": [1, 1.5, 4, 4], "texture": "#texture"},
				"up": {"uv": [2.5, 1.5, 5, 4.5], "texture": "#texture"},
				"down": {"uv": [1, 1, 4.5, 3.5], "texture": "#texture"}
			}
		},
		{
			"name": "Element",
			"from": [12.5, 2, 9],
			"to": [13.205, 3, 9.705],
			"rotation": {"angle": 45, "axis": "y", "origin": [12.5, 2, 9]},
			"faces": {
				"north": {"uv": [1, 1.5, 4, 4.5], "texture": "#texture"},
				"east": {"uv": [1.5, 2, 4.5, 4], "texture": "#texture"},
				"south": {"uv": [1.5, 2, 4.5, 4.5], "texture": "#texture"},
				"west": {"uv": [1, 1.5, 4, 4], "texture": "#texture"},
				"up": {"uv": [2.5, 1.5, 5, 4.5], "texture": "#texture"},
				"down": {"uv": [1, 1, 4.5, 3.5], "texture": "#texture"}
			}
		},
		{
			"name": "Element",
			"from": [15, 2, 8.5],
			"to": [15.705, 3, 9.205],
			"rotation": {"angle": -45, "axis": "y", "origin": [15, 2, 8.5]},
			"faces": {
				"north": {"uv": [1, 1.5, 4, 4.5], "texture": "#texture"},
				"east": {"uv": [1.5, 2, 4.5, 4], "texture": "#texture"},
				"south": {"uv": [1.5, 2, 4.5, 4.5], "texture": "#texture"},
				"west": {"uv": [1, 1.5, 4, 4], "texture": "#texture"},
				"up": {"uv": [2.5, 1.5, 5, 4.5], "texture": "#texture"},
				"down": {"uv": [1, 1, 4.5, 3.5], "texture": "#texture"}
			}
		},
		{
			"name": "Element",
			"from": [14.25, 2.25, 5.5],
			"to": [15.5, 3, 7.25],
			"rotation": {"angle": -22.5, "axis": "y", "origin": [14.25, 2.25, 5.5]},
			"faces": {
				"north": {"uv": [1, 1.5, 4, 4.5], "texture": "#texture"},
				"east": {"uv": [1.5, 2, 4.5, 4], "texture": "#texture"},
				"south": {"uv": [1.5, 2, 4.5, 4.5], "texture": "#texture"},
				"west": {"uv": [1, 1.5, 4, 4], "texture": "#texture"},
				"up": {"uv": [2.5, 1.5, 5, 4.5], "texture": "#texture"},
				"down": {"uv": [1, 1, 4.5, 3.5], "texture": "#texture"}
			}
		},
		{
			"name": "Element",
			"from": [14.375, 2.25, 5.4375],
			"to": [14.625, 3, 6.6875],
			"rotation": {"angle": -22.5, "axis": "y", "origin": [14.375, 2.25, 5.4375]},
			"faces": {
				"north": {"uv": [1, 1.5, 4, 4.5], "texture": "#texture"},
				"east": {"uv": [1.5, 2, 4.5, 4], "texture": "#texture"},
				"south": {"uv": [1.5, 2, 4.5, 4.5], "texture": "#texture"},
				"west": {"uv": [1, 1.5, 4, 4], "texture": "#texture"},
				"up": {"uv": [2.5, 1.5, 5, 4.5], "texture": "#texture"},
				"down": {"uv": [1, 1, 4.5, 3.5], "texture": "#texture"}
			}
		},
		{
			"name": "Element",
			"from": [14.75, 2.25, 5.5625],
			"to": [15, 3, 6.8125],
			"rotation": {"angle": -22.5, "axis": "y", "origin": [14.75, 2.25, 5.5625]},
			"faces": {
				"north": {"uv": [1, 1.5, 4, 4.5], "texture": "#texture"},
				"east": {"uv": [1.5, 2, 4.5, 4], "texture": "#texture"},
				"south": {"uv": [1.5, 2, 4.5, 4.5], "texture": "#texture"},
				"west": {"uv": [1, 1.5, 4, 4], "texture": "#texture"},
				"up": {"uv": [2.5, 1.5, 5, 4.5], "texture": "#texture"},
				"down": {"uv": [1, 1, 4.5, 3.5], "texture": "#texture"}
			}
		},
		{
			"name": "Element",
			"from": [15.125, 2.25, 5.75],
			"to": [15.375, 3, 7],
			"rotation": {"angle": -22.5, "axis": "y", "origin": [15.125, 2.25, 5.75]},
			"faces": {
				"north": {"uv": [1, 1.5, 4, 4.5], "texture": "#texture"},
				"east": {"uv": [1.5, 2, 4.5, 4], "texture": "#texture"},
				"south": {"uv": [1.5, 2, 4.5, 4.5], "texture": "#texture"},
				"west": {"uv": [1, 1.5, 4, 4], "texture": "#texture"},
				"up": {"uv": [2.5, 1.5, 5, 4.5], "texture": "#texture"},
				"down": {"uv": [1, 1, 4.5, 3.5], "texture": "#texture"}
			}
		},
		{
			"name": "Element",
			"from": [5.25, 5, 5.5],
			"to": [8.25, 6, 10.5],
			"faces": {
				"north": {"uv": [7.25, 7, 9.5, 9.5], "texture": "#texture"},
				"east": {"uv": [6.75, 7.25, 9.25, 9.25], "texture": "#texture"},
				"south": {"uv": [7, 7, 9.5, 9.25], "texture": "#texture"},
				"west": {"uv": [7, 6.75, 9.5, 9], "texture": "#texture"},
				"up": {"uv": [7.25, 6.75, 9, 9.25], "texture": "#texture"},
				"down": {"uv": [7, 6.75, 9, 9], "texture": "#texture"}
			}
		},
		{
			"name": "Element",
			"from": [4.25, 5, 6.5],
			"to": [9.25, 6, 9.5],
			"faces": {
				"north": {"uv": [7.25, 7, 9.5, 9.5], "texture": "#texture"},
				"east": {"uv": [6.75, 7.25, 9.25, 9.25], "texture": "#texture"},
				"south": {"uv": [7, 7, 9.5, 9.25], "texture": "#texture"},
				"west": {"uv": [7, 6.75, 9.5, 9], "texture": "#texture"},
				"up": {"uv": [7.25, 6.75, 9, 9.25], "texture": "#texture"},
				"down": {"uv": [7, 6.75, 9, 9], "texture": "#texture"}
			}
		},
		{
			"name": "Element",
			"from": [4.25, 5, 6.5],
			"to": [5.665, 6, 7.915],
			"rotation": {"angle": 45, "axis": "y", "origin": [4.25, 5, 6.5]},
			"faces": {
				"north": {"uv": [7.25, 7, 9.5, 9.5], "texture": "#texture"},
				"east": {"uv": [6.75, 7.25, 9.25, 9.25], "texture": "#texture"},
				"south": {"uv": [7, 7, 9.5, 9.25], "texture": "#texture"},
				"west": {"uv": [7, 6.75, 9.5, 9], "texture": "#texture"},
				"up": {"uv": [7.25, 6.75, 9, 9.25], "texture": "#texture"},
				"down": {"uv": [7, 6.75, 9, 9], "texture": "#texture"}
			}
		},
		{
			"name": "Element",
			"from": [8.25, 5, 8.5],
			"to": [9.665, 6, 9.915],
			"rotation": {"angle": -45, "axis": "y", "origin": [8.25, 5, 8.5]},
			"faces": {
				"north": {"uv": [7.25, 7, 9.5, 9.5], "texture": "#texture"},
				"east": {"uv": [6.75, 7.25, 9.25, 9.25], "texture": "#texture"},
				"south": {"uv": [7, 7, 9.5, 9.25], "texture": "#texture"},
				"west": {"uv": [7, 6.75, 9.5, 9], "texture": "#texture"},
				"up": {"uv": [7.25, 6.75, 9, 9.25], "texture": "#texture"},
				"down": {"uv": [7, 6.75, 9, 9], "texture": "#texture"}
			}
		},
		{
			"name": "Element",
			"from": [4.25, 5, 9.5],
			"to": [5.665, 6, 10.915],
			"rotation": {"angle": 45, "axis": "y", "origin": [4.25, 5, 9.5]},
			"faces": {
				"north": {"uv": [7.25, 7, 9.5, 9.5], "texture": "#texture"},
				"east": {"uv": [6.75, 7.25, 9.25, 9.25], "texture": "#texture"},
				"south": {"uv": [7, 7, 9.5, 9.25], "texture": "#texture"},
				"west": {"uv": [7, 6.75, 9.5, 9], "texture": "#texture"},
				"up": {"uv": [7.25, 6.75, 9, 9.25], "texture": "#texture"},
				"down": {"uv": [7, 6.75, 9, 9], "texture": "#texture"}
			}
		},
		{
			"name": "Element",
			"from": [8.25, 5, 5.5],
			"to": [9.665, 6, 6.915],
			"rotation": {"angle": -45, "axis": "y", "origin": [8.25, 5, 5.5]},
			"faces": {
				"north": {"uv": [7.25, 7, 9.5, 9.5], "texture": "#texture"},
				"east": {"uv": [6.75, 7.25, 9.25, 9.25], "texture": "#texture"},
				"south": {"uv": [7, 7, 9.5, 9.25], "texture": "#texture"},
				"west": {"uv": [7, 6.75, 9.5, 9], "texture": "#texture"},
				"up": {"uv": [7.25, 6.75, 9, 9.25], "texture": "#texture"},
				"down": {"uv": [7, 6.75, 9, 9], "texture": "#texture"}
			}
		},
		{
			"name": "Element",
			"from": [5.25, 5, 5.25],
			"to": [6.5, 6, 10.75],
			"faces": {
				"north": {"uv": [7.25, 7, 9.5, 9.5], "texture": "#texture"},
				"east": {"uv": [6.75, 7.25, 9.25, 9.25], "texture": "#texture"},
				"south": {"uv": [7, 7, 9.5, 9.25], "texture": "#texture"},
				"west": {"uv": [7, 6.75, 9.5, 9], "texture": "#texture"},
				"up": {"uv": [7.25, 6.75, 9, 9.25], "texture": "#texture"},
				"down": {"uv": [7, 6.75, 9, 9], "texture": "#texture"}
			}
		},
		{
			"name": "Element",
			"from": [7, 5, 5.25],
			"to": [8.25, 6, 10.75],
			"faces": {
				"north": {"uv": [7.25, 7, 9.5, 9.5], "texture": "#texture"},
				"east": {"uv": [6.75, 7.25, 9.25, 9.25], "texture": "#texture"},
				"south": {"uv": [7, 7, 9.5, 9.25], "texture": "#texture"},
				"west": {"uv": [7, 6.75, 9.5, 9], "texture": "#texture"},
				"up": {"uv": [7.25, 6.75, 9, 9.25], "texture": "#texture"},
				"down": {"uv": [7, 6.75, 9, 9], "texture": "#texture"}
			}
		},
		{
			"name": "Element",
			"from": [4, 5, 6.5],
			"to": [9.5, 6, 7.75],
			"faces": {
				"north": {"uv": [7.25, 7, 9.5, 9.5], "texture": "#texture"},
				"east": {"uv": [6.75, 7.25, 9.25, 9.25], "texture": "#texture"},
				"south": {"uv": [7, 7, 9.5, 9.25], "texture": "#texture"},
				"west": {"uv": [7, 6.75, 9.5, 9], "texture": "#texture"},
				"up": {"uv": [7.25, 6.75, 9, 9.25], "texture": "#texture"},
				"down": {"uv": [7, 6.75, 9, 9], "texture": "#texture"}
			}
		},
		{
			"name": "Element",
			"from": [4, 5, 8.25],
			"to": [9.5, 6, 9.5],
			"faces": {
				"north": {"uv": [7.25, 7, 9.5, 9.5], "texture": "#texture"},
				"east": {"uv": [6.75, 7.25, 9.25, 9.25], "texture": "#texture"},
				"south": {"uv": [7, 7, 9.5, 9.25], "texture": "#texture"},
				"west": {"uv": [7, 6.75, 9.5, 9], "texture": "#texture"},
				"up": {"uv": [7.25, 6.75, 9, 9.25], "texture": "#texture"},
				"down": {"uv": [7, 6.75, 9, 9], "texture": "#texture"}
			}
		},
		{
			"name": "Element",
			"from": [4.1875, 5, 6.1875],
			"to": [5.1875, 6, 12.3375],
			"rotation": {"angle": 45, "axis": "y", "origin": [4.1875, 5, 6.1875]},
			"faces": {
				"north": {"uv": [7.25, 7, 9.5, 9.5], "texture": "#texture"},
				"east": {"uv": [6.75, 7.25, 9.25, 9.25], "texture": "#texture"},
				"south": {"uv": [7, 7, 9.5, 9.25], "texture": "#texture"},
				"west": {"uv": [7, 6.75, 9.5, 9], "texture": "#texture"},
				"up": {"uv": [7.25, 6.75, 9, 9.25], "texture": "#texture"},
				"down": {"uv": [7, 6.75, 9, 9], "texture": "#texture"}
			}
		},
		{
			"name": "Element",
			"from": [8.5625, 5, 5.5],
			"to": [9.5625, 6, 11.65],
			"rotation": {"angle": -45, "axis": "y", "origin": [8.5625, 5, 5.5]},
			"faces": {
				"north": {"uv": [7.25, 7, 9.5, 9.5], "texture": "#texture"},
				"east": {"uv": [6.75, 7.25, 9.25, 9.25], "texture": "#texture"},
				"south": {"uv": [7, 7, 9.5, 9.25], "texture": "#texture"},
				"west": {"uv": [7, 6.75, 9.5, 9], "texture": "#texture"},
				"up": {"uv": [7.25, 6.75, 9, 9.25], "texture": "#texture"},
				"down": {"uv": [7, 6.75, 9, 9], "texture": "#texture"}
			}
		},
		{
			"name": "Element",
			"from": [5.25, 5.75, 6],
			"to": [6.5, 6.25, 10],
			"faces": {
				"north": {"uv": [1.75, 1.75, 4, 4.25], "texture": "#texture"},
				"east": {"uv": [2.25, 1.5, 4.75, 3.5], "texture": "#texture"},
				"south": {"uv": [2.25, 1.75, 4.75, 4], "texture": "#texture"},
				"west": {"uv": [2.5, 2, 5, 4.25], "texture": "#texture"},
				"up": {"uv": [2.5, 1.75, 4.25, 4.25], "texture": "#texture"},
				"down": {"uv": [2, 2, 4, 4.25], "texture": "#texture"}
			}
		},
		{
			"name": "Element",
			"from": [7, 5.75, 6],
			"to": [8.25, 6.25, 10],
			"faces": {
				"north": {"uv": [1.75, 1.75, 4, 4.25], "texture": "#texture"},
				"east": {"uv": [2.25, 1.5, 4.75, 3.5], "texture": "#texture"},
				"south": {"uv": [2.25, 1.75, 4.75, 4], "texture": "#texture"},
				"west": {"uv": [2.5, 2, 5, 4.25], "texture": "#texture"},
				"up": {"uv": [2.5, 1.75, 4.25, 4.25], "texture": "#texture"},
				"down": {"uv": [2, 2, 4, 4.25], "texture": "#texture"}
			}
		},
		{
			"name": "Element",
			"from": [6.5, 5.75, 6],
			"to": [7, 6.25, 6.5],
			"faces": {
				"north": {"uv": [1.75, 1.75, 4, 4.25], "texture": "#texture"},
				"east": {"uv": [2.25, 1.5, 4.75, 3.5], "texture": "#texture"},
				"south": {"uv": [2.25, 1.75, 4.75, 4], "texture": "#texture"},
				"west": {"uv": [2.5, 2, 5, 4.25], "texture": "#texture"},
				"up": {"uv": [2.5, 1.75, 4.25, 4.25], "texture": "#texture"},
				"down": {"uv": [2, 2, 4, 4.25], "texture": "#texture"}
			}
		},
		{
			"name": "Element",
			"from": [6.5, 5.75, 9.5],
			"to": [7, 6.25, 10],
			"faces": {
				"north": {"uv": [1.75, 1.75, 4, 4.25], "texture": "#texture"},
				"east": {"uv": [2.25, 1.5, 4.75, 3.5], "texture": "#texture"},
				"south": {"uv": [2.25, 1.75, 4.75, 4], "texture": "#texture"},
				"west": {"uv": [2.5, 2, 5, 4.25], "texture": "#texture"},
				"up": {"uv": [2.5, 1.75, 4.25, 4.25], "texture": "#texture"},
				"down": {"uv": [2, 2, 4, 4.25], "texture": "#texture"}
			}
		},
		{
			"name": "Element",
			"from": [4.75, 5.75, 6.5],
			"to": [5.25, 6.25, 9.5],
			"faces": {
				"north": {"uv": [1.75, 1.75, 4, 4.25], "texture": "#texture"},
				"east": {"uv": [2.25, 1.5, 4.75, 3.5], "texture": "#texture"},
				"south": {"uv": [2.25, 1.75, 4.75, 4], "texture": "#texture"},
				"west": {"uv": [2.5, 2, 5, 4.25], "texture": "#texture"},
				"up": {"uv": [2.5, 1.75, 4.25, 4.25], "texture": "#texture"},
				"down": {"uv": [2, 2, 4, 4.25], "texture": "#texture"}
			}
		},
		{
			"name": "Element",
			"from": [8.25, 5.75, 6.5],
			"to": [8.75, 6.25, 9.5],
			"faces": {
				"north": {"uv": [1.75, 1.75, 4, 4.25], "texture": "#texture"},
				"east": {"uv": [2.25, 1.5, 4.75, 3.5], "texture": "#texture"},
				"south": {"uv": [2.25, 1.75, 4.75, 4], "texture": "#texture"},
				"west": {"uv": [2.5, 2, 5, 4.25], "texture": "#texture"},
				"up": {"uv": [2.5, 1.75, 4.25, 4.25], "texture": "#texture"},
				"down": {"uv": [2, 2, 4, 4.25], "texture": "#texture"}
			}
		},
		{
			"name": "Element",
			"from": [4.75, 5.75, 6.5],
			"to": [5.455, 6.25, 7.205],
			"rotation": {"angle": 45, "axis": "y", "origin": [4.75, 5.75, 6.5]},
			"faces": {
				"north": {"uv": [1.75, 1.75, 4, 4.25], "texture": "#texture"},
				"east": {"uv": [2.25, 1.5, 4.75, 3.5], "texture": "#texture"},
				"south": {"uv": [2.25, 1.75, 4.75, 4], "texture": "#texture"},
				"west": {"uv": [2.5, 2, 5, 4.25], "texture": "#texture"},
				"up": {"uv": [2.5, 1.75, 4.25, 4.25], "texture": "#texture"},
				"down": {"uv": [2, 2, 4, 4.25], "texture": "#texture"}
			}
		},
		{
			"name": "Element",
			"from": [8.25, 5.75, 9],
			"to": [8.955, 6.25, 9.705],
			"rotation": {"angle": -45, "axis": "y", "origin": [8.25, 5.75, 9]},
			"faces": {
				"north": {"uv": [1.75, 1.75, 4, 4.25], "texture": "#texture"},
				"east": {"uv": [2.25, 1.5, 4.75, 3.5], "texture": "#texture"},
				"south": {"uv": [2.25, 1.75, 4.75, 4], "texture": "#texture"},
				"west": {"uv": [2.5, 2, 5, 4.25], "texture": "#texture"},
				"up": {"uv": [2.5, 1.75, 4.25, 4.25], "texture": "#texture"},
				"down": {"uv": [2, 2, 4, 4.25], "texture": "#texture"}
			}
		},
		{
			"name": "Element",
			"from": [4.75, 5.75, 9.5],
			"to": [5.455, 6.25, 10.205],
			"rotation": {"angle": 45, "axis": "y", "origin": [4.75, 5.75, 9.5]},
			"faces": {
				"north": {"uv": [1.75, 1.75, 4, 4.25], "texture": "#texture"},
				"east": {"uv": [2.25, 1.5, 4.75, 3.5], "texture": "#texture"},
				"south": {"uv": [2.25, 1.75, 4.75, 4], "texture": "#texture"},
				"west": {"uv": [2.5, 2, 5, 4.25], "texture": "#texture"},
				"up": {"uv": [2.5, 1.75, 4.25, 4.25], "texture": "#texture"},
				"down": {"uv": [2, 2, 4, 4.25], "texture": "#texture"}
			}
		},
		{
			"name": "Element",
			"from": [8.25, 5.75, 6],
			"to": [8.955, 6.25, 6.705],
			"rotation": {"angle": -45, "axis": "y", "origin": [8.25, 5.75, 6]},
			"faces": {
				"north": {"uv": [1.75, 1.75, 4, 4.25], "texture": "#texture"},
				"east": {"uv": [2.25, 1.5, 4.75, 3.5], "texture": "#texture"},
				"south": {"uv": [2.25, 1.75, 4.75, 4], "texture": "#texture"},
				"west": {"uv": [2.5, 2, 5, 4.25], "texture": "#texture"},
				"up": {"uv": [2.5, 1.75, 4.25, 4.25], "texture": "#texture"},
				"down": {"uv": [2, 2, 4, 4.25], "texture": "#texture"}
			}
		},
		{
			"name": "Element",
			"from": [6.5, 5.75, 6.5],
			"to": [7, 6.25, 7.205],
			"rotation": {"angle": 45, "axis": "x", "origin": [6.5, 6.25, 6.5]},
			"faces": {
				"north": {"uv": [1.75, 1.75, 4, 4.25], "texture": "#texture"},
				"east": {"uv": [2.25, 1.5, 4.75, 3.5], "texture": "#texture"},
				"south": {"uv": [2.25, 1.75, 4.75, 4], "texture": "#texture"},
				"west": {"uv": [2.5, 2, 5, 4.25], "texture": "#texture"},
				"up": {"uv": [2.5, 1.75, 4.25, 4.25], "texture": "#texture"},
				"down": {"uv": [2, 2, 4, 4.25], "texture": "#texture"}
			}
		},
		{
			"name": "Element",
			"from": [6.5, 5.25, 9],
			"to": [7, 5.75, 9.705],
			"rotation": {"angle": -45, "axis": "x", "origin": [6.5, 5.75, 9]},
			"faces": {
				"north": {"uv": [1.75, 1.75, 4, 4.25], "texture": "#texture"},
				"east": {"uv": [2.25, 1.5, 4.75, 3.5], "texture": "#texture"},
				"south": {"uv": [2.25, 1.75, 4.75, 4], "texture": "#texture"},
				"west": {"uv": [2.5, 2, 5, 4.25], "texture": "#texture"},
				"up": {"uv": [2.5, 1.75, 4.25, 4.25], "texture": "#texture"},
				"down": {"uv": [2, 2, 4, 4.25], "texture": "#texture"}
			}
		},
		{
			"name": "Element",
			"from": [10.75, 3.25, 5.25],
			"to": [11.5, 5, 10.75],
			"faces": {
				"north": {"uv": [7.25, 7, 9.5, 9.5], "texture": "#texture"},
				"east": {"uv": [6.75, 7.25, 9.25, 9.25], "texture": "#texture"},
				"south": {"uv": [7, 7, 9.5, 9.25], "texture": "#texture"},
				"west": {"uv": [7, 6.75, 9.5, 9], "texture": "#texture"},
				"up": {"uv": [7.25, 6.75, 9, 9.25], "texture": "#texture"},
				"down": {"uv": [7, 6.75, 9, 9], "texture": "#texture"}
			}
		},
		{
			"name": "Element",
			"from": [10.25, 3.75, 5.25],
			"to": [12, 4.5, 10.75],
			"faces": {
				"north": {"uv": [7.25, 7, 9.5, 9.5], "texture": "#texture"},
				"east": {"uv": [6.75, 7.25, 9.25, 9.25], "texture": "#texture"},
				"south": {"uv": [7, 7, 9.5, 9.25], "texture": "#texture"},
				"west": {"uv": [7, 6.75, 9.5, 9], "texture": "#texture"},
				"up": {"uv": [7.25, 6.75, 9, 9.25], "texture": "#texture"},
				"down": {"uv": [7, 6.75, 9, 9], "texture": "#texture"}
			}
		},
		{
			"name": "Element",
			"from": [10.25, 3.795, 5.25],
			"to": [10.955, 4.5, 10.75],
			"rotation": {"angle": 45, "axis": "z", "origin": [10.25, 4.5, 5.25]},
			"faces": {
				"north": {"uv": [7.25, 7, 9.5, 9.5], "texture": "#texture"},
				"east": {"uv": [6.75, 7.25, 9.25, 9.25], "texture": "#texture"},
				"south": {"uv": [7, 7, 9.5, 9.25], "texture": "#texture"},
				"west": {"uv": [7, 6.75, 9.5, 9], "texture": "#texture"},
				"up": {"uv": [7.25, 6.75, 9, 9.25], "texture": "#texture"},
				"down": {"uv": [7, 6.75, 9, 9], "texture": "#texture"}
			}
		},
		{
			"name": "Element",
			"from": [11.5, 4.295, 5.25],
			"to": [12.205, 5, 10.75],
			"rotation": {"angle": -45, "axis": "z", "origin": [11.5, 5, 5.25]},
			"faces": {
				"north": {"uv": [7.25, 7, 9.5, 9.5], "texture": "#texture"},
				"east": {"uv": [6.75, 7.25, 9.25, 9.25], "texture": "#texture"},
				"south": {"uv": [7, 7, 9.5, 9.25], "texture": "#texture"},
				"west": {"uv": [7, 6.75, 9.5, 9], "texture": "#texture"},
				"up": {"uv": [7.25, 6.75, 9, 9.25], "texture": "#texture"},
				"down": {"uv": [7, 6.75, 9, 9], "texture": "#texture"}
			}
		},
		{
			"name": "Element",
			"from": [10.25, 3.045, 5.25],
			"to": [10.955, 3.75, 10.75],
			"rotation": {"angle": 45, "axis": "z", "origin": [10.25, 3.75, 5.25]},
			"faces": {
				"north": {"uv": [7.25, 7, 9.5, 9.5], "texture": "#texture"},
				"east": {"uv": [6.75, 7.25, 9.25, 9.25], "texture": "#texture"},
				"south": {"uv": [7, 7, 9.5, 9.25], "texture": "#texture"},
				"west": {"uv": [7, 6.75, 9.5, 9], "texture": "#texture"},
				"up": {"uv": [7.25, 6.75, 9, 9.25], "texture": "#texture"},
				"down": {"uv": [7, 6.75, 9, 9], "texture": "#texture"}
			}
		},
		{
			"name": "Element",
			"from": [11.5, 3.545, 5.25],
			"to": [12.205, 4.25, 10.75],
			"rotation": {"angle": -45, "axis": "z", "origin": [11.5, 4.25, 5.25]},
			"faces": {
				"north": {"uv": [7.25, 7, 9.5, 9.5], "texture": "#texture"},
				"east": {"uv": [6.75, 7.25, 9.25, 9.25], "texture": "#texture"},
				"south": {"uv": [7, 7, 9.5, 9.25], "texture": "#texture"},
				"west": {"uv": [7, 6.75, 9.5, 9], "texture": "#texture"},
				"up": {"uv": [7.25, 6.75, 9, 9.25], "texture": "#texture"},
				"down": {"uv": [7, 6.75, 9, 9], "texture": "#texture"}
			}
		},
		{
			"name": "screw",
			"from": [9.25, 1.5, 10.5],
			"to": [10.75, 2, 11],
			"faces": {
				"north": {"uv": [7.25, 7, 9.5, 9.5], "texture": "#texture"},
				"east": {"uv": [6.75, 7.25, 9.25, 9.25], "texture": "#texture"},
				"south": {"uv": [7, 7, 9.5, 9.25], "texture": "#texture"},
				"west": {"uv": [7, 6.75, 9.5, 9], "texture": "#texture"},
				"up": {"uv": [7.25, 6.75, 9, 9.25], "texture": "#texture"},
				"down": {"uv": [7, 6.75, 9, 9], "texture": "#texture"}
			}
		},
		{
			"name": "screw",
			"from": [9.75, 1, 10.5],
			"to": [10.25, 2.5, 11],
			"faces": {
				"north": {"uv": [7.25, 7, 9.5, 9.5], "texture": "#texture"},
				"east": {"uv": [6.75, 7.25, 9.25, 9.25], "texture": "#texture"},
				"south": {"uv": [7, 7, 9.5, 9.25], "texture": "#texture"},
				"west": {"uv": [7, 6.75, 9.5, 9], "texture": "#texture"},
				"up": {"uv": [7.25, 6.75, 9, 9.25], "texture": "#texture"},
				"down": {"uv": [7, 6.75, 9, 9], "texture": "#texture"}
			}
		},
		{
			"name": "screw",
			"from": [10.25, 1.295, 10.5],
			"to": [10.955, 2, 11],
			"rotation": {"angle": -45, "axis": "z", "origin": [10.25, 2, 10.5]},
			"faces": {
				"north": {"uv": [7.25, 7, 9.5, 9.5], "texture": "#texture"},
				"east": {"uv": [6.75, 7.25, 9.25, 9.25], "texture": "#texture"},
				"south": {"uv": [7, 7, 9.5, 9.25], "texture": "#texture"},
				"west": {"uv": [7, 6.75, 9.5, 9], "texture": "#texture"},
				"up": {"uv": [7.25, 6.75, 9, 9.25], "texture": "#texture"},
				"down": {"uv": [7, 6.75, 9, 9], "texture": "#texture"}
			}
		},
		{
			"name": "screw",
			"from": [9.25, 0.795, 10.5],
			"to": [9.955, 1.5, 11],
			"rotation": {"angle": 45, "axis": "z", "origin": [9.25, 1.5, 10.5]},
			"faces": {
				"north": {"uv": [7.25, 7, 9.5, 9.5], "texture": "#texture"},
				"east": {"uv": [6.75, 7.25, 9.25, 9.25], "texture": "#texture"},
				"south": {"uv": [7, 7, 9.5, 9.25], "texture": "#texture"},
				"west": {"uv": [7, 6.75, 9.5, 9], "texture": "#texture"},
				"up": {"uv": [7.25, 6.75, 9, 9.25], "texture": "#texture"},
				"down": {"uv": [7, 6.75, 9, 9], "texture": "#texture"}
			}
		},
		{
			"name": "screw",
			"from": [9.25, 1.295, 10.5],
			"to": [9.955, 2, 11],
			"rotation": {"angle": 45, "axis": "z", "origin": [9.25, 2, 10.5]},
			"faces": {
				"north": {"uv": [7.25, 7, 9.5, 9.5], "texture": "#texture"},
				"east": {"uv": [6.75, 7.25, 9.25, 9.25], "texture": "#texture"},
				"south": {"uv": [7, 7, 9.5, 9.25], "texture": "#texture"},
				"west": {"uv": [7, 6.75, 9.5, 9], "texture": "#texture"},
				"up": {"uv": [7.25, 6.75, 9, 9.25], "texture": "#texture"},
				"down": {"uv": [7, 6.75, 9, 9], "texture": "#texture"}
			}
		},
		{
			"name": "screw",
			"from": [10.25, 1.795, 10.5],
			"to": [10.955, 2.5, 11],
			"rotation": {"angle": -45, "axis": "z", "origin": [10.25, 2.5, 10.5]},
			"faces": {
				"north": {"uv": [7.25, 7, 9.5, 9.5], "texture": "#texture"},
				"east": {"uv": [6.75, 7.25, 9.25, 9.25], "texture": "#texture"},
				"south": {"uv": [7, 7, 9.5, 9.25], "texture": "#texture"},
				"west": {"uv": [7, 6.75, 9.5, 9], "texture": "#texture"},
				"up": {"uv": [7.25, 6.75, 9, 9.25], "texture": "#texture"},
				"down": {"uv": [7, 6.75, 9, 9], "texture": "#texture"}
			}
		},
		{
			"name": "screw*",
			"from": [2.25, 1.5, 5],
			"to": [3.75, 2, 5.5],
			"faces": {
				"north": {"uv": [7.25, 7, 9.5, 9.5], "texture": "#texture"},
				"east": {"uv": [6.75, 7.25, 9.25, 9.25], "texture": "#texture"},
				"south": {"uv": [7, 7, 9.5, 9.25], "texture": "#texture"},
				"west": {"uv": [7, 6.75, 9.5, 9], "texture": "#texture"},
				"up": {"uv": [7.25, 6.75, 9, 9.25], "texture": "#texture"},
				"down": {"uv": [7, 6.75, 9, 9], "texture": "#texture"}
			}
		},
		{
			"name": "screw*",
			"from": [2.75, 1, 5],
			"to": [3.25, 2.5, 5.5],
			"faces": {
				"north": {"uv": [7.25, 7, 9.5, 9.5], "texture": "#texture"},
				"east": {"uv": [6.75, 7.25, 9.25, 9.25], "texture": "#texture"},
				"south": {"uv": [7, 7, 9.5, 9.25], "texture": "#texture"},
				"west": {"uv": [7, 6.75, 9.5, 9], "texture": "#texture"},
				"up": {"uv": [7.25, 6.75, 9, 9.25], "texture": "#texture"},
				"down": {"uv": [7, 6.75, 9, 9], "texture": "#texture"}
			}
		},
		{
			"name": "screw*",
			"from": [3.25, 1.295, 5],
			"to": [3.955, 2, 5.5],
			"rotation": {"angle": -45, "axis": "z", "origin": [3.25, 2, 5]},
			"faces": {
				"north": {"uv": [7.25, 7, 9.5, 9.5], "texture": "#texture"},
				"east": {"uv": [6.75, 7.25, 9.25, 9.25], "texture": "#texture"},
				"south": {"uv": [7, 7, 9.5, 9.25], "texture": "#texture"},
				"west": {"uv": [7, 6.75, 9.5, 9], "texture": "#texture"},
				"up": {"uv": [7.25, 6.75, 9, 9.25], "texture": "#texture"},
				"down": {"uv": [7, 6.75, 9, 9], "texture": "#texture"}
			}
		},
		{
			"name": "screw*",
			"from": [2.25, 0.795, 5],
			"to": [2.955, 1.5, 5.5],
			"rotation": {"angle": 45, "axis": "z", "origin": [2.25, 1.5, 5]},
			"faces": {
				"north": {"uv": [7.25, 7, 9.5, 9.5], "texture": "#texture"},
				"east": {"uv": [6.75, 7.25, 9.25, 9.25], "texture": "#texture"},
				"south": {"uv": [7, 7, 9.5, 9.25], "texture": "#texture"},
				"west": {"uv": [7, 6.75, 9.5, 9], "texture": "#texture"},
				"up": {"uv": [7.25, 6.75, 9, 9.25], "texture": "#texture"},
				"down": {"uv": [7, 6.75, 9, 9], "texture": "#texture"}
			}
		},
		{
			"name": "screw*",
			"from": [2.25, 1.295, 5],
			"to": [2.955, 2, 5.5],
			"rotation": {"angle": 45, "axis": "z", "origin": [2.25, 2, 5]},
			"faces": {
				"north": {"uv": [7.25, 7, 9.5, 9.5], "texture": "#texture"},
				"east": {"uv": [6.75, 7.25, 9.25, 9.25], "texture": "#texture"},
				"south": {"uv": [7, 7, 9.5, 9.25], "texture": "#texture"},
				"west": {"uv": [7, 6.75, 9.5, 9], "texture": "#texture"},
				"up": {"uv": [7.25, 6.75, 9, 9.25], "texture": "#texture"},
				"down": {"uv": [7, 6.75, 9, 9], "texture": "#texture"}
			}
		},
		{
			"name": "screw*",
			"from": [3.25, 1.795, 5],
			"to": [3.955, 2.5, 5.5],
			"rotation": {"angle": -45, "axis": "z", "origin": [3.25, 2.5, 5]},
			"faces": {
				"north": {"uv": [7.25, 7, 9.5, 9.5], "texture": "#texture"},
				"east": {"uv": [6.75, 7.25, 9.25, 9.25], "texture": "#texture"},
				"south": {"uv": [7, 7, 9.5, 9.25], "texture": "#texture"},
				"west": {"uv": [7, 6.75, 9.5, 9], "texture": "#texture"},
				"up": {"uv": [7.25, 6.75, 9, 9.25], "texture": "#texture"},
				"down": {"uv": [7, 6.75, 9, 9], "texture": "#texture"}
			}
		},
		{
			"name": "screw*",
			"from": [9.25, 1.5, 5],
			"to": [10.75, 2, 5.5],
			"faces": {
				"north": {"uv": [7.25, 7, 9.5, 9.5], "texture": "#texture"},
				"east": {"uv": [6.75, 7.25, 9.25, 9.25], "texture": "#texture"},
				"south": {"uv": [7, 7, 9.5, 9.25], "texture": "#texture"},
				"west": {"uv": [7, 6.75, 9.5, 9], "texture": "#texture"},
				"up": {"uv": [7.25, 6.75, 9, 9.25], "texture": "#texture"},
				"down": {"uv": [7, 6.75, 9, 9], "texture": "#texture"}
			}
		},
		{
			"name": "screw*",
			"from": [9.75, 1, 5],
			"to": [10.25, 2.5, 5.5],
			"faces": {
				"north": {"uv": [7.25, 7, 9.5, 9.5], "texture": "#texture"},
				"east": {"uv": [6.75, 7.25, 9.25, 9.25], "texture": "#texture"},
				"south": {"uv": [7, 7, 9.5, 9.25], "texture": "#texture"},
				"west": {"uv": [7, 6.75, 9.5, 9], "texture": "#texture"},
				"up": {"uv": [7.25, 6.75, 9, 9.25], "texture": "#texture"},
				"down": {"uv": [7, 6.75, 9, 9], "texture": "#texture"}
			}
		},
		{
			"name": "screw*",
			"from": [10.25, 1.295, 5],
			"to": [10.955, 2, 5.5],
			"rotation": {"angle": -45, "axis": "z", "origin": [10.25, 2, 5]},
			"faces": {
				"north": {"uv": [7.25, 7, 9.5, 9.5], "texture": "#texture"},
				"east": {"uv": [6.75, 7.25, 9.25, 9.25], "texture": "#texture"},
				"south": {"uv": [7, 7, 9.5, 9.25], "texture": "#texture"},
				"west": {"uv": [7, 6.75, 9.5, 9], "texture": "#texture"},
				"up": {"uv": [7.25, 6.75, 9, 9.25], "texture": "#texture"},
				"down": {"uv": [7, 6.75, 9, 9], "texture": "#texture"}
			}
		},
		{
			"name": "screw*",
			"from": [9.25, 0.795, 5],
			"to": [9.955, 1.5, 5.5],
			"rotation": {"angle": 45, "axis": "z", "origin": [9.25, 1.5, 5]},
			"faces": {
				"north": {"uv": [7.25, 7, 9.5, 9.5], "texture": "#texture"},
				"east": {"uv": [6.75, 7.25, 9.25, 9.25], "texture": "#texture"},
				"south": {"uv": [7, 7, 9.5, 9.25], "texture": "#texture"},
				"west": {"uv": [7, 6.75, 9.5, 9], "texture": "#texture"},
				"up": {"uv": [7.25, 6.75, 9, 9.25], "texture": "#texture"},
				"down": {"uv": [7, 6.75, 9, 9], "texture": "#texture"}
			}
		},
		{
			"name": "screw*",
			"from": [9.25, 1.295, 5],
			"to": [9.955, 2, 5.5],
			"rotation": {"angle": 45, "axis": "z", "origin": [9.25, 2, 5]},
			"faces": {
				"north": {"uv": [7.25, 7, 9.5, 9.5], "texture": "#texture"},
				"east": {"uv": [6.75, 7.25, 9.25, 9.25], "texture": "#texture"},
				"south": {"uv": [7, 7, 9.5, 9.25], "texture": "#texture"},
				"west": {"uv": [7, 6.75, 9.5, 9], "texture": "#texture"},
				"up": {"uv": [7.25, 6.75, 9, 9.25], "texture": "#texture"},
				"down": {"uv": [7, 6.75, 9, 9], "texture": "#texture"}
			}
		},
		{
			"name": "screw*",
			"from": [10.25, 1.795, 5],
			"to": [10.955, 2.5, 5.5],
			"rotation": {"angle": -45, "axis": "z", "origin": [10.25, 2.5, 5]},
			"faces": {
				"north": {"uv": [7.25, 7, 9.5, 9.5], "texture": "#texture"},
				"east": {"uv": [6.75, 7.25, 9.25, 9.25], "texture": "#texture"},
				"south": {"uv": [7, 7, 9.5, 9.25], "texture": "#texture"},
				"west": {"uv": [7, 6.75, 9.5, 9], "texture": "#texture"},
				"up": {"uv": [7.25, 6.75, 9, 9.25], "texture": "#texture"},
				"down": {"uv": [7, 6.75, 9, 9], "texture": "#texture"}
			}
		},
		{
			"name": "screw*",
			"from": [2.25, 1.5, 10.5],
			"to": [3.75, 2, 11],
			"faces": {
				"north": {"uv": [7.25, 7, 9.5, 9.5], "texture": "#texture"},
				"east": {"uv": [6.75, 7.25, 9.25, 9.25], "texture": "#texture"},
				"south": {"uv": [7, 7, 9.5, 9.25], "texture": "#texture"},
				"west": {"uv": [7, 6.75, 9.5, 9], "texture": "#texture"},
				"up": {"uv": [7.25, 6.75, 9, 9.25], "texture": "#texture"},
				"down": {"uv": [7, 6.75, 9, 9], "texture": "#texture"}
			}
		},
		{
			"name": "screw*",
			"from": [2.75, 1, 10.5],
			"to": [3.25, 2.5, 11],
			"faces": {
				"north": {"uv": [7.25, 7, 9.5, 9.5], "texture": "#texture"},
				"east": {"uv": [6.75, 7.25, 9.25, 9.25], "texture": "#texture"},
				"south": {"uv": [7, 7, 9.5, 9.25], "texture": "#texture"},
				"west": {"uv": [7, 6.75, 9.5, 9], "texture": "#texture"},
				"up": {"uv": [7.25, 6.75, 9, 9.25], "texture": "#texture"},
				"down": {"uv": [7, 6.75, 9, 9], "texture": "#texture"}
			}
		},
		{
			"name": "screw*",
			"from": [3.25, 1.295, 10.5],
			"to": [3.955, 2, 11],
			"rotation": {"angle": -45, "axis": "z", "origin": [3.25, 2, 10.5]},
			"faces": {
				"north": {"uv": [7.25, 7, 9.5, 9.5], "texture": "#texture"},
				"east": {"uv": [6.75, 7.25, 9.25, 9.25], "texture": "#texture"},
				"south": {"uv": [7, 7, 9.5, 9.25], "texture": "#texture"},
				"west": {"uv": [7, 6.75, 9.5, 9], "texture": "#texture"},
				"up": {"uv": [7.25, 6.75, 9, 9.25], "texture": "#texture"},
				"down": {"uv": [7, 6.75, 9, 9], "texture": "#texture"}
			}
		},
		{
			"name": "screw*",
			"from": [2.25, 0.795, 10.5],
			"to": [2.955, 1.5, 11],
			"rotation": {"angle": 45, "axis": "z", "origin": [2.25, 1.5, 10.5]},
			"faces": {
				"north": {"uv": [7.25, 7, 9.5, 9.5], "texture": "#texture"},
				"east": {"uv": [6.75, 7.25, 9.25, 9.25], "texture": "#texture"},
				"south": {"uv": [7, 7, 9.5, 9.25], "texture": "#texture"},
				"west": {"uv": [7, 6.75, 9.5, 9], "texture": "#texture"},
				"up": {"uv": [7.25, 6.75, 9, 9.25], "texture": "#texture"},
				"down": {"uv": [7, 6.75, 9, 9], "texture": "#texture"}
			}
		},
		{
			"name": "screw*",
			"from": [2.25, 1.295, 10.5],
			"to": [2.955, 2, 11],
			"rotation": {"angle": 45, "axis": "z", "origin": [2.25, 2, 10.5]},
			"faces": {
				"north": {"uv": [7.25, 7, 9.5, 9.5], "texture": "#texture"},
				"east": {"uv": [6.75, 7.25, 9.25, 9.25], "texture": "#texture"},
				"south": {"uv": [7, 7, 9.5, 9.25], "texture": "#texture"},
				"west": {"uv": [7, 6.75, 9.5, 9], "texture": "#texture"},
				"up": {"uv": [7.25, 6.75, 9, 9.25], "texture": "#texture"},
				"down": {"uv": [7, 6.75, 9, 9], "texture": "#texture"}
			}
		},
		{
			"name": "screw*",
			"from": [3.25, 1.795, 10.5],
			"to": [3.955, 2.5, 11],
			"rotation": {"angle": -45, "axis": "z", "origin": [3.25, 2.5, 10.5]},
			"faces": {
				"north": {"uv": [7.25, 7, 9.5, 9.5], "texture": "#texture"},
				"east": {"uv": [6.75, 7.25, 9.25, 9.25], "texture": "#texture"},
				"south": {"uv": [7, 7, 9.5, 9.25], "texture": "#texture"},
				"west": {"uv": [7, 6.75, 9.5, 9], "texture": "#texture"},
				"up": {"uv": [7.25, 6.75, 9, 9.25], "texture": "#texture"},
				"down": {"uv": [7, 6.75, 9, 9], "texture": "#texture"}
			}
		},
		{
			"name": "Element",
			"from": [9.5, 3.25, 7],
			"to": [12.75, 4.75, 9],
			"rotation": {"angle": 22.5, "axis": "z", "origin": [9.5, 4.75, 7]},
			"faces": {
				"north": {"uv": [1, 1.5, 4, 4.5], "texture": "#texture"},
				"east": {"uv": [1.5, 2, 4.5, 4], "texture": "#texture"},
				"south": {"uv": [1.5, 2, 4.5, 4.5], "texture": "#texture"},
				"west": {"uv": [1, 1.5, 4, 4], "texture": "#texture"},
				"up": {"uv": [2.5, 1.5, 5, 4.5], "texture": "#texture"},
				"down": {"uv": [1, 1, 4.5, 3.5], "texture": "#texture"}
			}
		}
	],
	"display": {
		"thirdperson_righthand": {
			"rotation": [0, -45, -20],
			"translation": [0, 1, 1],
			"scale": [0.25, 0.25, 0.25]
		},
		"thirdperson_lefthand": {
			"rotation": [0, 135, 20],
			"translation": [0, 1, 1],
			"scale": [0.25, 0.25, 0.25]
		},
		"firstperson_righthand": {
			"rotation": [0, -70, 15],
			"translation": [3, 0, -4],
			"scale": [0.4, 0.4, 0.4]
		},
		"firstperson_lefthand": {
			"rotation": [0, 110, -15],
			"translation": [3, 0, -4],
			"scale": [0.4, 0.4, 0.4]
		},
		"ground": {
			"translation": [0, 1.25, 0],
			"scale": [0.25, 0.25, 0.25]
		},
		"gui": {
			"rotation": [30, 45, 0],
			"translation": [0.5, 2.5, 0],
			"scale": [0.9, 0.9, 0.9]
		},
		"head": {
			"scale": [0.0001, 0.0001, 0.0001]
		},
		"fixed": {
			"rotation": [0, 180, 0],
			"scale": [0.35, 0.35, 0.35]
		}
	}
}