{
	"credit": "Made by MadstonMagic, using Cubik Pro & Blockbench",
	"textures": {
		"1": "ammunition/9mm_45acp",
		"particle": "ammunition/9mm_45acp",
		"texture": "guns/mk2/mk2"
	},
	"elements": [
		{
			"name": "Element",
			"from": [3.6, 4.6, 7.1],
			"to": [4.5, 5.85, 7.65],
			"faces": {
				"north": {"uv": [0.75, 6.5, 3, 8.25], "texture": "#texture"},
				"east": {"uv": [0, 0, 0, 0], "texture": "#texture"},
				"south": {"uv": [1.5, 6.5, 3.75, 8.75], "texture": "#texture"},
				"west": {"uv": [1.25, 6.25, 2.75, 7.75], "texture": "#texture"},
				"up": {"uv": [12, 10.75, 13.75, 12], "texture": "#texture"},
				"down": {"uv": [11.75, 10.75, 13.5, 12], "texture": "#texture"}
			}
		},
		{
			"name": "Element",
			"from": [3.6, 4.6, 8.35],
			"to": [4.5, 5.85, 8.9],
			"faces": {
				"north": {"uv": [3.75, 6.5, 1.5, 8.75], "texture": "#texture"},
				"east": {"uv": [0, 0, 0, 0], "texture": "#texture"},
				"south": {"uv": [3, 6.5, 0.75, 8.25], "texture": "#texture"},
				"west": {"uv": [2.75, 6.25, 1.25, 7.75], "texture": "#texture"},
				"up": {"uv": [12, 12, 13.75, 10.75], "texture": "#texture"},
				"down": {"uv": [11.75, 12, 13.5, 10.75], "texture": "#texture"}
			}
		},
		{
			"name": "Element",
			"from": [2.89531, 4.95, 7.1],
			"to": [6.975, 5.4, 8.9],
			"rotation": {"angle": -22.5, "axis": "z", "origin": [2.7, 5.4, 7.1]},
			"faces": {
				"north": {"uv": [0.75, 6.5, 3, 8.25], "texture": "#texture"},
				"east": {"uv": [1, 6.75, 2.5, 8.25], "texture": "#texture"},
				"south": {"uv": [1.5, 6.5, 3.75, 8.75], "texture": "#texture"},
				"west": {"uv": [1.25, 6.25, 2.75, 7.75], "texture": "#texture"},
				"up": {"uv": [1, 6.25, 3.5, 8.5], "texture": "#texture"},
				"down": {"uv": [1.5, 6, 3.75, 8.5], "texture": "#texture"}
			}
		},
		{
			"name": "Element",
			"from": [4.5, 4.275, 7.1],
			"to": [5.175, 11.25, 7.4],
			"faces": {
				"north": {"uv": [0.75, 6.5, 3, 8.25], "texture": "#texture"},
				"east": {"uv": [1, 6.75, 2.5, 8.25], "texture": "#texture"},
				"south": {"uv": [1.5, 6.5, 3.75, 8.75], "texture": "#texture"},
				"west": {"uv": [1.25, 6.25, 2.75, 7.75], "texture": "#texture"},
				"up": {"uv": [0.5, 1, 1.5, 2], "texture": "#texture"},
				"down": {"uv": [0, 0, 0, 0], "texture": "#texture"}
			}
		},
		{
			"name": "Element",
			"from": [4.5, 4.275, 8.6],
			"to": [5.175, 11.25, 8.9],
			"faces": {
				"north": {"uv": [0.75, 6.5, 3, 8.25], "texture": "#texture"},
				"east": {"uv": [1, 6.75, 2.5, 8.25], "texture": "#texture"},
				"south": {"uv": [1.5, 6.5, 3.75, 8.75], "texture": "#texture"},
				"west": {"uv": [1.25, 6.25, 2.75, 7.75], "texture": "#texture"},
				"up": {"uv": [0.5, 1, 1.5, 2], "texture": "#texture"},
				"down": {"uv": [0, 0, 0, 0], "texture": "#texture"}
			}
		},
		{
			"name": "Element",
			"from": [5.4, 3.825, 8.6],
			"to": [6.3, 11.25, 8.9],
			"faces": {
				"north": {"uv": [0.75, 6.5, 3, 8.25], "texture": "#texture"},
				"east": {"uv": [1.25, 6.25, 2.75, 7.75], "texture": "#texture"},
				"south": {"uv": [1.5, 6.5, 3.75, 8.75], "texture": "#texture"},
				"west": {"uv": [0.75, 6.25, 2.25, 7.75], "texture": "#texture"},
				"up": {"uv": [0.5, 1, 1.5, 2], "texture": "#texture"},
				"down": {"uv": [0, 0, 0, 0], "texture": "#texture"}
			}
		},
		{
			"name": "Element",
			"from": [5.4, 3.825, 7.1],
			"to": [6.3, 11.25, 7.4],
			"faces": {
				"north": {"uv": [0.75, 6.5, 3, 8.25], "texture": "#texture"},
				"east": {"uv": [1.25, 6.25, 2.75, 7.75], "texture": "#texture"},
				"south": {"uv": [1.5, 6.5, 3.75, 8.75], "texture": "#texture"},
				"west": {"uv": [0.75, 6.25, 2.25, 7.75], "texture": "#texture"},
				"up": {"uv": [0.5, 1, 1.5, 2], "texture": "#texture"},
				"down": {"uv": [0, 0, 0, 0], "texture": "#texture"}
			}
		},
		{
			"name": "Element",
			"from": [5.175, 4.275, 7.1],
			"to": [5.4, 6.3, 8.9],
			"faces": {
				"north": {"uv": [0.75, 6.5, 3, 8.25], "texture": "#texture"},
				"east": {"uv": [0, 0, 0, 0], "texture": "#texture"},
				"south": {"uv": [1.5, 6.5, 3.75, 8.75], "texture": "#texture"},
				"west": {"uv": [0, 0, 0, 0], "texture": "#texture"},
				"up": {"uv": [1, 6.25, 3.5, 8.5], "texture": "#texture"},
				"down": {"uv": [0, 0, 0, 0], "texture": "#texture"}
			}
		},
		{
			"name": "Element",
			"from": [6.3, 3.7, 7.325],
			"to": [6.525, 11.25, 8.675],
			"faces": {
				"north": {"uv": [0.75, 6.5, 3, 8.25], "texture": "#texture"},
				"east": {"uv": [1.25, 6.25, 2.75, 7.75], "texture": "#texture"},
				"south": {"uv": [1.5, 6.5, 3.75, 8.75], "texture": "#texture"},
				"west": {"uv": [1.25, 6.25, 2.75, 7.75], "texture": "#texture"},
				"up": {"uv": [0.5, 1, 1.5, 2], "texture": "#texture"},
				"down": {"uv": [1.5, 6, 3.75, 8.5], "texture": "#texture"}
			}
		},
		{
			"name": "Element",
			"from": [2.925, 4.95, 7.1],
			"to": [3.6, 5.625, 8.9],
			"faces": {
				"north": {"uv": [0.75, 6.5, 3, 8.25], "texture": "#texture"},
				"east": {"uv": [0, 0, 0, 0], "texture": "#texture"},
				"south": {"uv": [1.5, 6.5, 3.75, 8.75], "texture": "#texture"},
				"west": {"uv": [1.25, 6.25, 2.75, 7.75], "texture": "#texture"},
				"up": {"uv": [12, 10.75, 13.75, 12], "texture": "#texture"},
				"down": {"uv": [0, 0, 0, 0], "texture": "#texture"}
			}
		},
		{
			"name": "clip_front3",
			"from": [2.7, 4.90938, 8.675],
			"to": [2.925, 5.625, 8.99],
			"rotation": {"angle": 45, "axis": "y", "origin": [2.7, 5.175, 8.675]},
			"faces": {
				"north": {"uv": [0, 0, 0, 0], "texture": "#texture"},
				"east": {"uv": [0, 0, 0, 0], "texture": "#texture"},
				"south": {"uv": [1.5, 6.5, 3.75, 8.75], "texture": "#texture"},
				"west": {"uv": [1.25, 6.25, 2.75, 7.75], "texture": "#texture"},
				"up": {"uv": [12, 10.75, 13.75, 12], "texture": "#texture"},
				"down": {"uv": [11.75, 10.75, 13.5, 12], "texture": "#texture"}
			}
		},
		{
			"name": "Element",
			"from": [3.15, 4.95, 7.325],
			"to": [4.5, 10.8, 7.675],
			"faces": {
				"north": {"uv": [0.75, 6.5, 3, 8.25], "texture": "#texture"},
				"east": {"uv": [1.25, 6.25, 2.75, 7.75], "texture": "#texture"},
				"south": {"uv": [1.5, 6.5, 3.75, 8.75], "texture": "#texture"},
				"west": {"uv": [1.25, 6.25, 2.75, 7.75], "texture": "#texture"},
				"up": {"uv": [0, 0, 0, 0], "texture": "#texture"},
				"down": {"uv": [0, 0, 0, 0], "texture": "#texture"}
			}
		},
		{
			"name": "Element",
			"from": [3.15, 4.95, 8.325],
			"to": [4.5, 10.8, 8.675],
			"faces": {
				"north": {"uv": [0.75, 6.5, 3, 8.25], "texture": "#texture"},
				"east": {"uv": [1.25, 6.25, 2.75, 7.75], "texture": "#texture"},
				"south": {"uv": [1.5, 6.5, 3.75, 8.75], "texture": "#texture"},
				"west": {"uv": [1.25, 6.25, 2.75, 7.75], "texture": "#texture"},
				"up": {"uv": [0, 0, 0, 0], "texture": "#texture"},
				"down": {"uv": [0, 0, 0, 0], "texture": "#texture"}
			}
		},
		{
			"name": "Element",
			"from": [3.375, 5.175, 7.1],
			"to": [3.69, 5.625, 8.9],
			"rotation": {"angle": 45, "axis": "z", "origin": [3.375, 5.625, 7.1]},
			"faces": {
				"north": {"uv": [0.75, 6.5, 3, 8.25], "texture": "#texture"},
				"east": {"uv": [1.25, 6.25, 2.75, 7.75], "texture": "#texture"},
				"south": {"uv": [1.5, 6.5, 3.75, 8.75], "texture": "#texture"},
				"west": {"uv": [0, 0, 0, 0], "texture": "#texture"},
				"up": {"uv": [12, 10.75, 13.75, 12], "texture": "#texture"},
				"down": {"uv": [0, 0, 0, 0], "texture": "#texture"}
			}
		},
		{
			"name": "Element",
			"from": [2.925, 4.95, 7.55],
			"to": [4.275, 10.8, 7.7],
			"faces": {
				"north": {"uv": [0.75, 6.5, 3, 8.25], "texture": "#texture"},
				"east": {"uv": [0, 0, 0, 0], "texture": "#texture"},
				"south": {"uv": [1.5, 6.5, 3.75, 8.75], "texture": "#texture"},
				"west": {"uv": [1.25, 6.25, 2.75, 7.75], "texture": "#texture"},
				"up": {"uv": [0, 0, 0, 0], "texture": "#texture"},
				"down": {"uv": [0, 0, 0, 0], "texture": "#texture"}
			}
		},
		{
			"name": "Element",
			"from": [2.925, 4.95, 8.3],
			"to": [4.275, 10.8, 8.45],
			"faces": {
				"north": {"uv": [0.75, 6.5, 3, 8.25], "texture": "#texture"},
				"east": {"uv": [0, 0, 0, 0], "texture": "#texture"},
				"south": {"uv": [1.5, 6.5, 3.75, 8.75], "texture": "#texture"},
				"west": {"uv": [1.25, 6.25, 2.75, 7.75], "texture": "#texture"},
				"up": {"uv": [0, 0, 0, 0], "texture": "#texture"},
				"down": {"uv": [0, 0, 0, 0], "texture": "#texture"}
			}
		},
		{
			"name": "Element",
			"from": [2.925, 4.95, 7.675],
			"to": [4.275, 10.8, 8.325],
			"faces": {
				"north": {"uv": [0.75, 6.5, 3, 8.25], "texture": "#texture"},
				"east": {"uv": [1.25, 6.25, 2.75, 7.75], "texture": "#texture"},
				"south": {"uv": [1.5, 6.5, 3.75, 8.75], "texture": "#texture"},
				"west": {"uv": [1.25, 6.25, 2.75, 7.75], "texture": "#texture"},
				"up": {"uv": [0, 0, 0, 0], "texture": "#texture"},
				"down": {"uv": [0, 0, 0, 0], "texture": "#texture"}
			}
		},
		{
			"name": "Element",
			"from": [3.6, 6.75, 7.1],
			"to": [4.5, 7.65, 7.65],
			"faces": {
				"north": {"uv": [0.75, 6.5, 3, 8.25], "texture": "#texture"},
				"east": {"uv": [0, 0, 0, 0], "texture": "#texture"},
				"south": {"uv": [1.5, 6.5, 3.75, 8.75], "texture": "#texture"},
				"west": {"uv": [1.25, 6.25, 2.75, 7.75], "texture": "#texture"},
				"up": {"uv": [12, 10.75, 13.75, 12], "texture": "#texture"},
				"down": {"uv": [11.75, 10.75, 13.5, 12], "texture": "#texture"}
			}
		},
		{
			"name": "Element",
			"from": [3.6, 6.75, 8.35],
			"to": [4.5, 7.65, 8.9],
			"faces": {
				"north": {"uv": [3.75, 6.5, 1.5, 8.75], "texture": "#texture"},
				"east": {"uv": [0, 0, 0, 0], "texture": "#texture"},
				"south": {"uv": [3, 6.5, 0.75, 8.25], "texture": "#texture"},
				"west": {"uv": [2.75, 6.25, 1.25, 7.75], "texture": "#texture"},
				"up": {"uv": [12, 12, 13.75, 10.75], "texture": "#texture"},
				"down": {"uv": [11.75, 12, 13.5, 10.75], "texture": "#texture"}
			}
		},
		{
			"name": "Element",
			"from": [3.375, 6.66, 7.1],
			"to": [3.6, 6.975, 8.9],
			"rotation": {"angle": 45, "axis": "z", "origin": [3.375, 6.975, 7.1]},
			"faces": {
				"north": {"uv": [1.75, 6.25, 3.25, 7.5], "texture": "#texture"},
				"east": {"uv": [0, 0, 0, 0], "texture": "#texture"},
				"south": {"uv": [2.75, 6.75, 3.75, 8], "texture": "#texture"},
				"west": {"uv": [11.75, 10.5, 13.25, 12], "texture": "#texture"},
				"up": {"uv": [0, 0, 0, 0], "texture": "#texture"},
				"down": {"uv": [0.75, 6.5, 2.5, 7.75], "texture": "#texture"}
			}
		},
		{
			"name": "Element",
			"from": [2.925, 6.975, 7.1],
			"to": [3.6, 7.425, 8.9],
			"faces": {
				"north": {"uv": [0.75, 6.5, 3, 8.25], "texture": "#texture"},
				"east": {"uv": [0, 0, 0, 0], "texture": "#texture"},
				"south": {"uv": [1.5, 6.5, 3.75, 8.75], "texture": "#texture"},
				"west": {"uv": [1.25, 6.25, 2.75, 7.75], "texture": "#texture"},
				"up": {"uv": [12, 10.75, 13.75, 12], "texture": "#texture"},
				"down": {"uv": [11.75, 10.75, 13.5, 12], "texture": "#texture"}
			}
		},
		{
			"name": "Element",
			"from": [3.375, 6.975, 7.1],
			"to": [3.69, 7.425, 8.9],
			"rotation": {"angle": 45, "axis": "z", "origin": [3.375, 7.425, 7.1]},
			"faces": {
				"north": {"uv": [0.75, 6.5, 3, 8.25], "texture": "#texture"},
				"east": {"uv": [1.25, 6.25, 2.75, 7.75], "texture": "#texture"},
				"south": {"uv": [1.5, 6.5, 3.75, 8.75], "texture": "#texture"},
				"west": {"uv": [0, 0, 0, 0], "texture": "#texture"},
				"up": {"uv": [12, 10.75, 13.75, 12], "texture": "#texture"},
				"down": {"uv": [0, 0, 0, 0], "texture": "#texture"}
			}
		},
		{
			"name": "Element",
			"from": [5.175, 6.3, 8.59844],
			"to": [5.4, 11.25, 8.675],
			"faces": {
				"north": {"uv": [8.75, 11, 9.75, 12.25], "texture": "#texture"},
				"east": {"uv": [0, 0, 0, 0], "texture": "#texture"},
				"south": {"uv": [8.75, 10.5, 10.25, 12.25], "texture": "#texture"},
				"west": {"uv": [0, 0, 0, 0], "texture": "#texture"},
				"up": {"uv": [0.5, 1, 1.5, 2], "texture": "#texture"},
				"down": {"uv": [0, 0, 0, 0], "texture": "#texture"}
			}
		},
		{
			"name": "Element",
			"from": [5.175, 6.3, 7.325],
			"to": [5.4, 11.25, 7.40156],
			"faces": {
				"north": {"uv": [8.75, 11, 9.75, 12.25], "texture": "#texture"},
				"east": {"uv": [0, 0, 0, 0], "texture": "#texture"},
				"south": {"uv": [8.75, 10.5, 10.25, 12.25], "texture": "#texture"},
				"west": {"uv": [0, 0, 0, 0], "texture": "#texture"},
				"up": {"uv": [0.5, 1, 1.5, 2], "texture": "#texture"},
				"down": {"uv": [0, 0, 0, 0], "texture": "#texture"}
			}
		},
		{
			"name": "clip_front3",
			"from": [2.7, 4.90938, 7.325],
			"to": [2.925, 5.625, 8.675],
			"faces": {
				"north": {"uv": [0, 0, 0, 0], "texture": "#texture"},
				"east": {"uv": [0, 0, 0, 0], "texture": "#texture"},
				"south": {"uv": [0, 0, 0, 0], "texture": "#texture"},
				"west": {"uv": [1.25, 6.25, 2.75, 7.75], "texture": "#texture"},
				"up": {"uv": [12, 10.75, 13.75, 12], "texture": "#texture"},
				"down": {"uv": [0, 0, 0, 0], "texture": "#texture"}
			}
		},
		{
			"name": "clip_front3",
			"from": [2.7, 4.90938, 7.325],
			"to": [3.015, 5.625, 7.55],
			"rotation": {"angle": 45, "axis": "y", "origin": [2.7, 5.175, 7.325]},
			"faces": {
				"north": {"uv": [0.75, 6.5, 3, 8.25], "texture": "#texture"},
				"east": {"uv": [1.25, 6.25, 2.75, 7.75], "texture": "#texture"},
				"south": {"uv": [0, 0, 0, 0], "texture": "#texture"},
				"west": {"uv": [0, 0, 0, 0], "texture": "#texture"},
				"up": {"uv": [12, 10.75, 13.75, 12], "texture": "#texture"},
				"down": {"uv": [11.75, 10.75, 13.5, 12], "texture": "#texture"}
			}
		},
		{
			"name": "clip_front2",
			"from": [2.7, 6.975, 7.325],
			"to": [2.925, 7.425, 8.675],
			"faces": {
				"north": {"uv": [0, 0, 0, 0], "texture": "#texture"},
				"east": {"uv": [0, 0, 0, 0], "texture": "#texture"},
				"south": {"uv": [0, 0, 0, 0], "texture": "#texture"},
				"west": {"uv": [1.25, 6.25, 2.75, 7.75], "texture": "#texture"},
				"up": {"uv": [12, 10.75, 13.75, 12], "texture": "#texture"},
				"down": {"uv": [11.75, 10.75, 13.5, 12], "texture": "#texture"}
			}
		},
		{
			"name": "clip_front2",
			"from": [2.7, 6.975, 8.675],
			"to": [2.925, 7.425, 8.99],
			"rotation": {"angle": 45, "axis": "y", "origin": [2.7, 6.975, 8.675]},
			"faces": {
				"north": {"uv": [0, 0, 0, 0], "texture": "#texture"},
				"east": {"uv": [0, 0, 0, 0], "texture": "#texture"},
				"south": {"uv": [1.5, 6.5, 3.75, 8.75], "texture": "#texture"},
				"west": {"uv": [1.25, 6.25, 2.75, 7.75], "texture": "#texture"},
				"up": {"uv": [12, 10.75, 13.75, 12], "texture": "#texture"},
				"down": {"uv": [11.75, 10.75, 13.5, 12], "texture": "#texture"}
			}
		},
		{
			"name": "clip_front2",
			"from": [2.7, 6.975, 7.325],
			"to": [3.015, 7.425, 7.55],
			"rotation": {"angle": 45, "axis": "y", "origin": [2.7, 6.975, 7.325]},
			"faces": {
				"north": {"uv": [0.75, 6.5, 3, 8.25], "texture": "#texture"},
				"east": {"uv": [1.25, 6.25, 2.75, 7.75], "texture": "#texture"},
				"south": {"uv": [0, 0, 0, 0], "texture": "#texture"},
				"west": {"uv": [0, 0, 0, 0], "texture": "#texture"},
				"up": {"uv": [12, 10.75, 13.75, 12], "texture": "#texture"},
				"down": {"uv": [11.75, 10.75, 13.5, 12], "texture": "#texture"}
			}
		},
		{
			"name": "Element",
			"from": [3.6, 8.55, 7.1],
			"to": [4.5, 9.45, 7.65],
			"faces": {
				"north": {"uv": [0.75, 6.5, 3, 8.25], "texture": "#texture"},
				"east": {"uv": [0, 0, 0, 0], "texture": "#texture"},
				"south": {"uv": [1.5, 6.5, 3.75, 8.75], "texture": "#texture"},
				"west": {"uv": [1.25, 6.25, 2.75, 7.75], "texture": "#texture"},
				"up": {"uv": [12, 10.75, 13.75, 12], "texture": "#texture"},
				"down": {"uv": [11.75, 10.75, 13.5, 12], "texture": "#texture"}
			}
		},
		{
			"name": "Element",
			"from": [3.6, 8.55, 8.35],
			"to": [4.5, 9.45, 8.9],
			"faces": {
				"north": {"uv": [3.75, 6.5, 1.5, 8.75], "texture": "#texture"},
				"east": {"uv": [0, 0, 0, 0], "texture": "#texture"},
				"south": {"uv": [3, 6.5, 0.75, 8.25], "texture": "#texture"},
				"west": {"uv": [2.75, 6.25, 1.25, 7.75], "texture": "#texture"},
				"up": {"uv": [12, 12, 13.75, 10.75], "texture": "#texture"},
				"down": {"uv": [11.75, 12, 13.5, 10.75], "texture": "#texture"}
			}
		},
		{
			"name": "Element",
			"from": [3.375, 8.775, 7.1],
			"to": [3.69, 9.225, 8.9],
			"rotation": {"angle": 45, "axis": "z", "origin": [3.375, 9.225, 7.1]},
			"faces": {
				"north": {"uv": [0.75, 6.5, 3, 8.25], "texture": "#texture"},
				"east": {"uv": [1.25, 6.25, 2.75, 7.75], "texture": "#texture"},
				"south": {"uv": [1.5, 6.5, 3.75, 8.75], "texture": "#texture"},
				"west": {"uv": [0, 0, 0, 0], "texture": "#texture"},
				"up": {"uv": [12, 10.75, 13.75, 12], "texture": "#texture"},
				"down": {"uv": [0, 0, 0, 0], "texture": "#texture"}
			}
		},
		{
			"name": "Element",
			"from": [2.925, 8.775, 7.1],
			"to": [3.6, 9.225, 8.9],
			"faces": {
				"north": {"uv": [0.75, 6.5, 3, 8.25], "texture": "#texture"},
				"east": {"uv": [0, 0, 0, 0], "texture": "#texture"},
				"south": {"uv": [1.5, 6.5, 3.75, 8.75], "texture": "#texture"},
				"west": {"uv": [1.25, 6.25, 2.75, 7.75], "texture": "#texture"},
				"up": {"uv": [12, 10.75, 13.75, 12], "texture": "#texture"},
				"down": {"uv": [11.75, 10.75, 13.5, 12], "texture": "#texture"}
			}
		},
		{
			"name": "Element",
			"from": [3.375, 8.46, 7.1],
			"to": [3.6, 8.775, 8.9],
			"rotation": {"angle": 45, "axis": "z", "origin": [3.375, 8.775, 7.1]},
			"faces": {
				"north": {"uv": [1.75, 6.25, 3.25, 7.5], "texture": "#texture"},
				"east": {"uv": [0, 0, 0, 0], "texture": "#texture"},
				"south": {"uv": [2.75, 6.75, 3.75, 8], "texture": "#texture"},
				"west": {"uv": [11.75, 10.5, 13.25, 12], "texture": "#texture"},
				"up": {"uv": [0, 0, 0, 0], "texture": "#texture"},
				"down": {"uv": [0.75, 6.5, 2.5, 7.75], "texture": "#texture"}
			}
		},
		{
			"name": "clip_front1",
			"from": [2.7, 8.775, 8.675],
			"to": [2.925, 9.225, 8.99],
			"rotation": {"angle": 45, "axis": "y", "origin": [2.7, 8.775, 8.675]},
			"faces": {
				"north": {"uv": [0, 0, 0, 0], "texture": "#texture"},
				"east": {"uv": [0, 0, 0, 0], "texture": "#texture"},
				"south": {"uv": [1.5, 6.5, 3.75, 8.75], "texture": "#texture"},
				"west": {"uv": [1.25, 6.25, 2.75, 7.75], "texture": "#texture"},
				"up": {"uv": [12, 10.75, 13.75, 12], "texture": "#texture"},
				"down": {"uv": [11.75, 10.75, 13.5, 12], "texture": "#texture"}
			}
		},
		{
			"name": "clip_front1",
			"from": [2.7, 8.775, 7.325],
			"to": [2.925, 9.225, 8.675],
			"faces": {
				"north": {"uv": [0, 0, 0, 0], "texture": "#texture"},
				"east": {"uv": [0, 0, 0, 0], "texture": "#texture"},
				"south": {"uv": [0, 0, 0, 0], "texture": "#texture"},
				"west": {"uv": [1.25, 6.25, 2.75, 7.75], "texture": "#texture"},
				"up": {"uv": [12, 10.75, 13.75, 12], "texture": "#texture"},
				"down": {"uv": [11.75, 10.75, 13.5, 12], "texture": "#texture"}
			}
		},
		{
			"name": "clip_front1",
			"from": [2.7, 8.775, 7.325],
			"to": [3.015, 9.225, 7.55],
			"rotation": {"angle": 45, "axis": "y", "origin": [2.7, 8.775, 7.325]},
			"faces": {
				"north": {"uv": [0.75, 6.5, 3, 8.25], "texture": "#texture"},
				"east": {"uv": [1.25, 6.25, 2.75, 7.75], "texture": "#texture"},
				"south": {"uv": [0, 0, 0, 0], "texture": "#texture"},
				"west": {"uv": [0, 0, 0, 0], "texture": "#texture"},
				"up": {"uv": [12, 10.75, 13.75, 12], "texture": "#texture"},
				"down": {"uv": [11.75, 10.75, 13.5, 12], "texture": "#texture"}
			}
		},
		{
			"name": "clip_front",
			"from": [2.7, 10.8, 7.325],
			"to": [3.425, 11.25, 8.675],
			"faces": {
				"north": {"uv": [0, 0, 0, 0], "texture": "#texture"},
				"east": {"uv": [0, 0, 0, 0], "texture": "#texture"},
				"south": {"uv": [0, 0, 0, 0], "texture": "#texture"},
				"west": {"uv": [1.25, 6.25, 2.75, 7.75], "texture": "#texture"},
				"up": {"uv": [0.5, 1, 1.5, 2], "texture": "#texture"},
				"down": {"uv": [11.75, 10.75, 13.5, 12], "texture": "#texture"}
			}
		},
		{
			"name": "clip_front",
			"from": [2.7, 10.8, 7.325],
			"to": [3.015, 11.25, 7.55],
			"rotation": {"angle": 45, "axis": "y", "origin": [2.7, 10.8, 7.325]},
			"faces": {
				"north": {"uv": [0.75, 6.5, 3, 8.25], "texture": "#texture"},
				"east": {"uv": [1.25, 6.25, 2.75, 7.75], "texture": "#texture"},
				"south": {"uv": [0, 0, 0, 0], "texture": "#texture"},
				"west": {"uv": [0, 0, 0, 0], "texture": "#texture"},
				"up": {"uv": [0.5, 1, 1.5, 2], "texture": "#texture"},
				"down": {"uv": [11.75, 10.75, 13.5, 12], "texture": "#texture"}
			}
		},
		{
			"name": "Element",
			"from": [2.925, 10.8, 7.1],
			"to": [3.6, 11.25, 7.4],
			"faces": {
				"north": {"uv": [0.75, 6.5, 3, 8.25], "texture": "#texture"},
				"east": {"uv": [0, 0, 0, 0], "texture": "#texture"},
				"south": {"uv": [1.5, 6.5, 3.75, 8.75], "texture": "#texture"},
				"west": {"uv": [1.25, 6.25, 2.75, 7.75], "texture": "#texture"},
				"up": {"uv": [0.5, 1, 1.5, 2], "texture": "#texture"},
				"down": {"uv": [11.75, 10.75, 13.5, 12], "texture": "#texture"}
			}
		},
		{
			"name": "Element",
			"from": [2.925, 10.8, 8.6],
			"to": [3.6, 11.25, 8.9],
			"faces": {
				"north": {"uv": [0.75, 6.5, 3, 8.25], "texture": "#texture"},
				"east": {"uv": [0, 0, 0, 0], "texture": "#texture"},
				"south": {"uv": [1.5, 6.5, 3.75, 8.75], "texture": "#texture"},
				"west": {"uv": [1.25, 6.25, 2.75, 7.75], "texture": "#texture"},
				"up": {"uv": [0.5, 1, 1.5, 2], "texture": "#texture"},
				"down": {"uv": [11.75, 10.75, 13.5, 12], "texture": "#texture"}
			}
		},
		{
			"name": "Element",
			"from": [3.6, 10.35, 7.1],
			"to": [4.5, 10.75, 7.4],
			"faces": {
				"north": {"uv": [0.75, 6.5, 3, 8.25], "texture": "#texture"},
				"east": {"uv": [0, 0, 0, 0], "texture": "#texture"},
				"south": {"uv": [1.5, 6.5, 3.75, 8.75], "texture": "#texture"},
				"west": {"uv": [1.25, 6.25, 2.75, 7.75], "texture": "#texture"},
				"up": {"uv": [0, 0, 0, 0], "texture": "#texture"},
				"down": {"uv": [11.75, 10.75, 13.5, 12], "texture": "#texture"}
			}
		},
		{
			"name": "Element",
			"from": [3.6, 10.35, 8.6],
			"to": [4.5, 10.75, 8.9],
			"faces": {
				"north": {"uv": [0.75, 6.5, 3, 8.25], "texture": "#texture"},
				"east": {"uv": [0, 0, 0, 0], "texture": "#texture"},
				"south": {"uv": [1.5, 6.5, 3.75, 8.75], "texture": "#texture"},
				"west": {"uv": [1.25, 6.25, 2.75, 7.75], "texture": "#texture"},
				"up": {"uv": [0, 0, 0, 0], "texture": "#texture"},
				"down": {"uv": [11.75, 10.75, 13.5, 12], "texture": "#texture"}
			}
		},
		{
			"name": "Element",
			"from": [3.35, 10.6, 7.1],
			"to": [4.5, 11.25, 8.9],
			"faces": {
				"north": {"uv": [0.75, 6.5, 3, 8.25], "texture": "#texture"},
				"east": {"uv": [1.25, 6.25, 2.75, 7.75], "texture": "#texture"},
				"south": {"uv": [1.5, 6.5, 3.75, 8.75], "texture": "#texture"},
				"west": {"uv": [1.25, 6.25, 2.75, 7.75], "texture": "#texture"},
				"up": {"uv": [0.5, 1, 1.5, 2], "texture": "#texture"},
				"down": {"uv": [11.75, 10.75, 13.5, 12], "texture": "#texture"}
			}
		},
		{
			"name": "clip_front",
			"from": [2.7, 10.8, 8.675],
			"to": [2.925, 11.25, 8.99],
			"rotation": {"angle": 45, "axis": "y", "origin": [2.7, 10.8, 8.675]},
			"faces": {
				"north": {"uv": [0, 0, 0, 0], "texture": "#texture"},
				"east": {"uv": [0, 0, 0, 0], "texture": "#texture"},
				"south": {"uv": [1.5, 6.5, 3.75, 8.75], "texture": "#texture"},
				"west": {"uv": [1.25, 6.25, 2.75, 7.75], "texture": "#texture"},
				"up": {"uv": [0.5, 1, 1.5, 2], "texture": "#texture"},
				"down": {"uv": [11.75, 10.75, 13.5, 12], "texture": "#texture"}
			}
		},
		{
			"name": "Element",
			"from": [3.375, 10.26, 7.1],
			"to": [3.6, 10.61406, 8.9],
			"rotation": {"angle": 45, "axis": "z", "origin": [3.375, 10.575, 7.1]},
			"faces": {
				"north": {"uv": [1.75, 6.25, 3.25, 7.5], "texture": "#texture"},
				"east": {"uv": [11.75, 10.75, 13.25, 12.25], "texture": "#texture"},
				"south": {"uv": [2.75, 6.75, 3.75, 8], "texture": "#texture"},
				"west": {"uv": [11.75, 10.5, 13.25, 12], "texture": "#texture"},
				"up": {"uv": [1.5, 6.75, 3.25, 8], "texture": "#texture"},
				"down": {"uv": [0.75, 6.5, 2.5, 7.75], "texture": "#texture"}
			}
		},
		{
			"name": "Element",
			"from": [6.29999, 3.7, 7.10002],
			"to": [6.61499, 11.25, 7.32502],
			"rotation": {"angle": -45, "axis": "y", "origin": [6.30002, 4.95, 7.10002]},
			"faces": {
				"north": {"uv": [0.75, 6.5, 3, 8.25], "texture": "#texture"},
				"east": {"uv": [1.25, 6.25, 2.75, 7.75], "texture": "#texture"},
				"south": {"uv": [0, 0, 0, 0], "texture": "#texture"},
				"west": {"uv": [1.25, 6.25, 2.75, 7.75], "texture": "#texture"},
				"up": {"uv": [0.5, 1, 1.5, 2], "texture": "#texture"},
				"down": {"uv": [1.5, 6, 3.75, 8.5], "texture": "#texture"}
			}
		},
		{
			"name": "Element",
			"from": [6.29999, 3.7, 8.67498],
			"to": [6.61499, 11.25, 8.89998],
			"rotation": {"angle": 45, "axis": "y", "origin": [6.30002, 4.95, 8.89998]},
			"faces": {
				"north": {"uv": [0, 0, 0, 0], "texture": "#texture"},
				"east": {"uv": [2.75, 6.25, 1.25, 7.75], "texture": "#texture"},
				"south": {"uv": [3, 6.5, 0.75, 8.25], "texture": "#texture"},
				"west": {"uv": [2.75, 6.25, 1.25, 7.75], "texture": "#texture"},
				"up": {"uv": [0.5, 1, 1.5, 2], "texture": "#texture"},
				"down": {"uv": [1.5, 8.5, 3.75, 6], "texture": "#texture"}
			}
		},
		{
			"name": "Element",
			"from": [5.02656, 10.6375, 7.45],
			"to": [5.9, 11.25, 8.05],
			"faces": {
				"north": {"uv": [1.5, 1.5, 3, 3], "texture": "#1"},
				"east": {"uv": [1.5, 1.5, 3, 3], "texture": "#1"},
				"south": {"uv": [1.5, 1.5, 3, 3], "texture": "#1"},
				"west": {"uv": [1.5, 1.5, 3, 3], "texture": "#1"},
				"up": {"uv": [1.5, 1.5, 3, 3], "texture": "#1"},
				"down": {"uv": [1.5, 1.5, 3, 3], "texture": "#1"}
			}
		},
		{
			"name": "Element",
			"from": [5.02656, 10.0125, 7.95],
			"to": [5.9, 10.625, 8.55],
			"faces": {
				"north": {"uv": [1.5, 1.5, 3, 3], "texture": "#1"},
				"east": {"uv": [1.5, 1.5, 3, 3], "texture": "#1"},
				"south": {"uv": [1.5, 1.5, 3, 3], "texture": "#1"},
				"west": {"uv": [1.5, 1.5, 3, 3], "texture": "#1"},
				"up": {"uv": [1.5, 1.5, 3, 3], "texture": "#1"},
				"down": {"uv": [1.5, 1.5, 3, 3], "texture": "#1"}
			}
		},
		{
			"name": "Element",
			"from": [4.76875, 10.6375, 7.45],
			"to": [5.025, 11.25, 8.05],
			"faces": {
				"north": {"uv": [10.5, 3, 11.5, 4], "texture": "#1"},
				"east": {"uv": [10.5, 3, 11.5, 4], "texture": "#1"},
				"south": {"uv": [10.5, 3, 11.5, 4], "texture": "#1"},
				"west": {"uv": [10.5, 3, 11.5, 4], "texture": "#1"},
				"up": {"uv": [10.5, 3, 11.5, 4], "texture": "#1"},
				"down": {"uv": [10.5, 3, 11.5, 4], "texture": "#1"}
			}
		},
		{
			"name": "Element",
			"from": [4.76875, 10.0125, 7.95],
			"to": [5.025, 10.625, 8.55],
			"faces": {
				"north": {"uv": [10.5, 3, 11.5, 4], "texture": "#1"},
				"east": {"uv": [10.5, 3, 11.5, 4], "texture": "#1"},
				"south": {"uv": [10.5, 3, 11.5, 4], "texture": "#1"},
				"west": {"uv": [10.5, 3, 11.5, 4], "texture": "#1"},
				"up": {"uv": [10.5, 3, 11.5, 4], "texture": "#1"},
				"down": {"uv": [10.5, 3, 11.5, 4], "texture": "#1"}
			}
		},
		{
			"name": "Element",
			"from": [6.05, 10.6375, 7.45],
			"to": [6.275, 11.25, 8.05],
			"faces": {
				"north": {"uv": [1.5, 1.5, 3, 3], "texture": "#1"},
				"east": {"uv": [1.5, 1.5, 3, 3], "texture": "#1"},
				"south": {"uv": [1.5, 1.5, 3, 3], "texture": "#1"},
				"west": {"uv": [1.5, 1.5, 3, 3], "texture": "#1"},
				"up": {"uv": [1.5, 1.5, 3, 3], "texture": "#1"},
				"down": {"uv": [1.5, 1.5, 3, 3], "texture": "#1"}
			}
		},
		{
			"name": "Element",
			"from": [6.05, 10.0125, 7.95],
			"to": [6.275, 10.625, 8.55],
			"faces": {
				"north": {"uv": [1.5, 1.5, 3, 3], "texture": "#1"},
				"east": {"uv": [1.5, 1.5, 3, 3], "texture": "#1"},
				"south": {"uv": [1.5, 1.5, 3, 3], "texture": "#1"},
				"west": {"uv": [1.5, 1.5, 3, 3], "texture": "#1"},
				"up": {"uv": [1.5, 1.5, 3, 3], "texture": "#1"},
				"down": {"uv": [1.5, 1.5, 3, 3], "texture": "#1"}
			}
		},
		{
			"name": "Element",
			"from": [5.8, 10.7625, 7.48125],
			"to": [6.15, 11.1875, 8.01875],
			"faces": {
				"north": {"uv": [1.5, 1.5, 3, 3], "texture": "#1"},
				"east": {"uv": [1.5, 1.5, 3, 3], "texture": "#1"},
				"south": {"uv": [1.5, 1.5, 3, 3], "texture": "#1"},
				"west": {"uv": [1.5, 1.5, 3, 3], "texture": "#1"},
				"up": {"uv": [1.5, 1.5, 3, 3], "texture": "#1"},
				"down": {"uv": [1.5, 1.5, 3, 3], "texture": "#1"}
			}
		},
		{
			"name": "Element",
			"from": [5.8, 10.1375, 7.98125],
			"to": [6.15, 10.5625, 8.51875],
			"faces": {
				"north": {"uv": [1.5, 1.5, 3, 3], "texture": "#1"},
				"east": {"uv": [1.5, 1.5, 3, 3], "texture": "#1"},
				"south": {"uv": [1.5, 1.5, 3, 3], "texture": "#1"},
				"west": {"uv": [1.5, 1.5, 3, 3], "texture": "#1"},
				"up": {"uv": [1.5, 1.5, 3, 3], "texture": "#1"},
				"down": {"uv": [1.5, 1.5, 3, 3], "texture": "#1"}
			}
		},
		{
			"name": "Element",
			"from": [4.55, 10.7625, 7.575],
			"to": [4.9, 11.125, 7.925],
			"faces": {
				"north": {"uv": [10.5, 3, 11.5, 4], "texture": "#1"},
				"east": {"uv": [10.5, 3, 11.5, 4], "texture": "#1"},
				"south": {"uv": [10.5, 3, 11.5, 4], "texture": "#1"},
				"west": {"uv": [10.5, 3, 11.5, 4], "texture": "#1"},
				"up": {"uv": [10.5, 3, 11.5, 4], "texture": "#1"},
				"down": {"uv": [10.5, 3, 11.5, 4], "texture": "#1"}
			}
		},
		{
			"name": "Element",
			"from": [4.55, 10.1375, 8.075],
			"to": [4.9, 10.5, 8.425],
			"faces": {
				"north": {"uv": [10.5, 3, 11.5, 4], "texture": "#1"},
				"east": {"uv": [10.5, 3, 11.5, 4], "texture": "#1"},
				"south": {"uv": [10.5, 3, 11.5, 4], "texture": "#1"},
				"west": {"uv": [10.5, 3, 11.5, 4], "texture": "#1"},
				"up": {"uv": [10.5, 3, 11.5, 4], "texture": "#1"},
				"down": {"uv": [10.5, 3, 11.5, 4], "texture": "#1"}
			}
		}
	],
	"display": {
		"thirdperson_righthand": {
			"rotation": [10, -90, 0],
			"translation": [0, -0.75, 2],
			"scale": [0.6, 0.6, 0.6]
		},
		"thirdperson_lefthand": {
			"rotation": [10, -90, 0],
			"translation": [0, -0.75, 2],
			"scale": [-0.6, 0.6, 0.6]
		},
		"firstperson_righthand": {
			"rotation": [2, -90, 0],
			"translation": [-2.25, 1.25, 3]
		},
		"firstperson_lefthand": {
			"rotation": [2, -90, 0],
			"translation": [-2.25, 1.25, 3],
			"scale": [-1, 1, 1]
		},
		"ground": {
			"rotation": [-90, 0, 0],
			"translation": [0.5, 0.25, 0],
			"scale": [0.5, 0.5, 0.5]
		},
		"gui": {
			"rotation": [30, 45, 0],
			"translation": [4, 2.25, 0],
			"scale": [2, 2, 2]
		},
		"head": {
			"scale": [0, 0, 0]
		},
		"fixed": {
			"translation": [3, 0.25, -0.75],
			"scale": [0.75, 0.75, 0.75]
		}
	},
	"groups": [
		{
			"name": "magazine",
			"origin": [6.29033, 4.95, 7.1],
			"children": [0, 1, 2, 3, 4, 5, 6, 7, 8, 9, 10, 11, 12, 13, 14, 15, 16, 17, 18, 19, 20, 21, 22, 23, 24, 25, 26, 27, 28, 29, 30, 31, 32, 33, 34, 35, 36, 37, 38, 39, 40, 41, 42, 43, 44, 45, 46, 47]
		}, 48, 49, 50, 51, 52, 53, 54, 55, 56, 57]
}