{
	"credit": "Made by MadstonMagic, using Cubik Pro & Blockbench",
	"textures": {
		"texture": "guns/ballista/ballista",
		"particle": "ammunition/7.62x51mm"
	},
	"elements": [
		{
			"from": [2, 2, 5],
			"to": [13, 3, 11],
			"faces": {
				"north": {"uv": [5, 5.75, 6.75, 7.25], "texture": "#texture"},
				"east": {"uv": [5, 5, 7.25, 7], "texture": "#texture"},
				"south": {"uv": [5, 5, 6.75, 7], "texture": "#texture"},
				"west": {"uv": [5, 5.25, 6.75, 7], "texture": "#texture"},
				"up": {"uv": [4.75, 5.25, 7.25, 7.25], "texture": "#texture"},
				"down": {"uv": [4.75, 5, 6.75, 6.5], "texture": "#texture"}
			}
		},
		{
			"from": [2, 3, 6],
			"to": [3, 11, 10],
			"faces": {
				"north": {"uv": [5, 5.75, 6.75, 7.25], "texture": "#texture"},
				"east": {"uv": [5, 5, 7.25, 7], "texture": "#texture"},
				"south": {"uv": [5, 5, 6.75, 7], "texture": "#texture"},
				"west": {"uv": [5, 5.25, 6.75, 7], "texture": "#texture"},
				"up": {"uv": [4.75, 5.25, 7.25, 7.25], "texture": "#texture"},
				"down": {"uv": [4.75, 5, 6.75, 6.5], "texture": "#texture"}
			}
		},
		{
			"from": [12, 3, 6],
			"to": [13, 11, 10],
			"faces": {
				"north": {"uv": [5, 5.75, 6.75, 7.25], "texture": "#texture"},
				"east": {"uv": [5, 5, 7.25, 7], "texture": "#texture"},
				"south": {"uv": [5, 5, 6.75, 7], "texture": "#texture"},
				"west": {"uv": [5, 5.25, 6.75, 7], "texture": "#texture"},
				"up": {"uv": [4.75, 5.25, 7.25, 7.25], "texture": "#texture"},
				"down": {"uv": [4.75, 5, 6.75, 6.5], "texture": "#texture"}
			}
		},
		{
			"from": [2, 1.94, 5],
			"to": [13, 3, 6.415],
			"rotation": {"angle": -45, "axis": "x", "origin": [2, 3, 5]},
			"faces": {
				"north": {"uv": [5, 5.75, 6.75, 7.25], "texture": "#texture"},
				"east": {"uv": [5, 5, 7.25, 7], "texture": "#texture"},
				"south": {"uv": [5, 5, 6.75, 7], "texture": "#texture"},
				"west": {"uv": [5, 5.25, 6.75, 7], "texture": "#texture"},
				"up": {"uv": [4.75, 5.25, 7.25, 7.25], "texture": "#texture"},
				"down": {"uv": [4.75, 5, 6.75, 6.5], "texture": "#texture"}
			}
		},
		{
			"from": [2, 2.94, 10],
			"to": [13, 4, 11.415],
			"rotation": {"angle": 45, "axis": "x", "origin": [2, 4, 10]},
			"faces": {
				"north": {"uv": [5, 5.75, 6.75, 7.25], "texture": "#texture"},
				"east": {"uv": [5, 5, 7.25, 7], "texture": "#texture"},
				"south": {"uv": [5, 5, 6.75, 7], "texture": "#texture"},
				"west": {"uv": [5, 5.25, 6.75, 7], "texture": "#texture"},
				"up": {"uv": [4.75, 5.25, 7.25, 7.25], "texture": "#texture"},
				"down": {"uv": [4.75, 5, 6.75, 6.5], "texture": "#texture"}
			}
		},
		{
			"from": [3, 2.75, 6],
			"to": [12, 13, 6.5],
			"faces": {
				"north": {"uv": [5, 5.75, 6.75, 7.25], "texture": "#texture"},
				"east": {"uv": [5, 5, 7.25, 7], "texture": "#texture"},
				"south": {"uv": [5, 5, 6.75, 7], "texture": "#texture"},
				"west": {"uv": [5, 5.25, 6.75, 7], "texture": "#texture"},
				"up": {"uv": [4.75, 5.25, 7.25, 7.25], "texture": "#texture"},
				"down": {"uv": [4.75, 5, 6.75, 6.5], "texture": "#texture"}
			}
		},
		{
			"from": [3, 3, 9.5],
			"to": [12, 13, 10],
			"faces": {
				"north": {"uv": [5, 5.75, 6.75, 7.25], "texture": "#texture"},
				"east": {"uv": [5, 5, 7.25, 7], "texture": "#texture"},
				"south": {"uv": [5, 5, 6.75, 7], "texture": "#texture"},
				"west": {"uv": [5, 5.25, 6.75, 7], "texture": "#texture"},
				"up": {"uv": [4.75, 5.25, 7.25, 7.25], "texture": "#texture"},
				"down": {"uv": [4.75, 5, 6.75, 6.5], "texture": "#texture"}
			}
		},
		{
			"name": "bullet",
			"from": [7.5, 9.75, 6.875],
			"to": [10.75, 12, 9.125],
			"faces": {
				"north": {"uv": [3.75, 2.75, 6.5, 6.5], "texture": "#particle"},
				"east": {"uv": [2.25, 2, 5.25, 4], "texture": "#particle"},
				"south": {"uv": [3.5, 3.25, 6.25, 5.5], "texture": "#particle"},
				"west": {"uv": [2.5, 2, 5, 6], "texture": "#particle"},
				"up": {"uv": [1.75, 2.75, 4.75, 5.75], "texture": "#particle"},
				"down": {"uv": [2, 1.5, 5.25, 4.5], "texture": "#particle"}
			}
		},
		{
			"name": "bullet",
			"from": [6.25, 9.75, 6.875],
			"to": [7.5, 12, 9.125],
			"faces": {
				"north": {"uv": [11, 2.75, 13.75, 6.5], "texture": "#particle"},
				"east": {"uv": [11, 2.5, 14, 4.5], "texture": "#particle"},
				"south": {"uv": [10.25, 2.75, 13, 5], "texture": "#particle"},
				"west": {"uv": [9.25, 2.5, 11.75, 6.5], "texture": "#particle"},
				"up": {"uv": [9, 2.5, 12, 5.5], "texture": "#particle"},
				"down": {"uv": [10, 2, 13.25, 5], "texture": "#particle"}
			}
		},
		{
			"name": "bullet",
			"from": [11.5, 9.75, 6.875],
			"to": [12, 12, 9.125],
			"faces": {
				"north": {"uv": [3.75, 2.75, 6.5, 6.5], "texture": "#particle"},
				"east": {"uv": [2.25, 2, 5.25, 4], "texture": "#particle"},
				"south": {"uv": [3.5, 3.25, 6.25, 5.5], "texture": "#particle"},
				"west": {"uv": [2.5, 2, 5, 6], "texture": "#particle"},
				"up": {"uv": [1.75, 2.75, 4.75, 5.75], "texture": "#particle"},
				"down": {"uv": [2, 1.5, 5.25, 4.5], "texture": "#particle"}
			}
		},
		{
			"name": "bullet",
			"from": [10.75, 9.875, 7],
			"to": [11.5, 11.875, 9],
			"faces": {
				"north": {"uv": [3.75, 2.75, 6.5, 6.5], "texture": "#particle"},
				"east": {"uv": [2.25, 2, 5.25, 4], "texture": "#particle"},
				"south": {"uv": [3.5, 3.25, 6.25, 5.5], "texture": "#particle"},
				"west": {"uv": [2.5, 2, 5, 6], "texture": "#particle"},
				"up": {"uv": [1.75, 2.75, 4.75, 5.75], "texture": "#particle"},
				"down": {"uv": [2, 1.5, 5.25, 4.5], "texture": "#particle"}
			}
		},
		{
			"from": [2, 3, 5.5],
			"to": [3, 13, 10.5],
			"faces": {
				"north": {"uv": [5, 5.75, 6.75, 7.25], "texture": "#texture"},
				"east": {"uv": [5, 5, 7.25, 7], "texture": "#texture"},
				"south": {"uv": [5, 5, 6.75, 7], "texture": "#texture"},
				"west": {"uv": [5, 5.25, 6.75, 7], "texture": "#texture"},
				"up": {"uv": [4.75, 5.25, 7.25, 7.25], "texture": "#texture"},
				"down": {"uv": [4.75, 5, 6.75, 6.5], "texture": "#texture"}
			}
		},
		{
			"from": [12, 3, 5.5],
			"to": [13, 13, 10.5],
			"faces": {
				"north": {"uv": [5, 5.75, 6.75, 7.25], "texture": "#texture"},
				"east": {"uv": [5, 5, 7.25, 7], "texture": "#texture"},
				"south": {"uv": [5, 5, 6.75, 7], "texture": "#texture"},
				"west": {"uv": [5, 5.25, 6.75, 7], "texture": "#texture"},
				"up": {"uv": [4.75, 5.25, 7.25, 7.25], "texture": "#texture"},
				"down": {"uv": [4.75, 5, 6.75, 6.5], "texture": "#texture"}
			}
		},
		{
			"from": [3, 9.25, 5.5],
			"to": [12, 10.25, 10.5],
			"faces": {
				"north": {"uv": [5, 5.75, 6.75, 7.25], "texture": "#texture"},
				"east": {"uv": [5, 5, 7.25, 7], "texture": "#texture"},
				"south": {"uv": [5, 5, 6.75, 7], "texture": "#texture"},
				"west": {"uv": [5, 5.25, 6.75, 7], "texture": "#texture"},
				"up": {"uv": [4.75, 5.25, 7.25, 7.25], "texture": "#texture"},
				"down": {"uv": [4.75, 5, 6.75, 6.5], "texture": "#texture"}
			}
		},
		{
			"from": [3, 5.25, 5.5],
			"to": [12, 6.25, 10.5],
			"faces": {
				"north": {"uv": [5, 5.75, 6.75, 7.25], "texture": "#texture"},
				"east": {"uv": [5, 5, 7.25, 7], "texture": "#texture"},
				"south": {"uv": [5, 5, 6.75, 7], "texture": "#texture"},
				"west": {"uv": [5, 5.25, 6.75, 7], "texture": "#texture"},
				"up": {"uv": [4.75, 5.25, 7.25, 7.25], "texture": "#texture"},
				"down": {"uv": [4.75, 5, 6.75, 6.5], "texture": "#texture"}
			}
		},
		{
			"name": "bullet",
			"from": [5.25, 10, 7.125],
			"to": [6.5, 11.75, 8.875],
			"faces": {
				"north": {"uv": [11, 2.75, 13.75, 6.5], "texture": "#particle"},
				"east": {"uv": [11, 2.5, 14, 4.5], "texture": "#particle"},
				"south": {"uv": [10.25, 2.75, 13, 5], "texture": "#particle"},
				"west": {"uv": [9.25, 2.5, 11.75, 6.5], "texture": "#particle"},
				"up": {"uv": [9, 2.5, 12, 5.5], "texture": "#particle"},
				"down": {"uv": [10, 2, 13.25, 5], "texture": "#particle"}
			}
		},
		{
			"name": "bullet",
			"from": [4.25, 10.25, 7.375],
			"to": [5.25, 11.5, 8.625],
			"faces": {
				"north": {"uv": [11, 2.75, 13.75, 6.5], "texture": "#particle"},
				"east": {"uv": [11, 2.5, 14, 4.5], "texture": "#particle"},
				"south": {"uv": [10.25, 2.75, 13, 5], "texture": "#particle"},
				"west": {"uv": [9.25, 2.5, 11.75, 6.5], "texture": "#particle"},
				"up": {"uv": [9, 2.5, 12, 5.5], "texture": "#particle"},
				"down": {"uv": [10, 2, 13.25, 5], "texture": "#particle"}
			}
		},
		{
			"name": "bullet",
			"from": [3.25, 10.5, 7.625],
			"to": [4.25, 11.25, 8.375],
			"faces": {
				"north": {"uv": [11, 2.75, 13.75, 6.5], "texture": "#particle"},
				"east": {"uv": [11, 2.5, 14, 4.5], "texture": "#particle"},
				"south": {"uv": [10.25, 2.75, 13, 5], "texture": "#particle"},
				"west": {"uv": [9.25, 2.5, 11.75, 6.5], "texture": "#particle"},
				"up": {"uv": [9, 2.5, 12, 5.5], "texture": "#particle"},
				"down": {"uv": [10, 2, 13.25, 5], "texture": "#particle"}
			}
		},
		{
			"from": [12.25, 13, 7.5],
			"to": [12.75, 13.5, 8.5],
			"faces": {
				"north": {"uv": [5, 5.75, 6.75, 7.25], "texture": "#texture"},
				"east": {"uv": [5, 5, 7.25, 7], "texture": "#texture"},
				"south": {"uv": [5, 5, 6.75, 7], "texture": "#texture"},
				"west": {"uv": [5, 5.25, 6.75, 7], "texture": "#texture"},
				"up": {"uv": [4.75, 5.25, 7.25, 7.25], "texture": "#texture"},
				"down": {"uv": [4.75, 5, 6.75, 6.5], "texture": "#texture"}
			}
		},
		{
			"from": [12.25, 13, 7.5],
			"to": [13.25, 13.5, 8.5],
			"rotation": {"angle": 45, "axis": "z", "origin": [12.25, 13.5, 7.5]},
			"faces": {
				"north": {"uv": [5, 5.75, 6.75, 7.25], "texture": "#texture"},
				"east": {"uv": [5, 5, 7.25, 7], "texture": "#texture"},
				"south": {"uv": [5, 5, 6.75, 7], "texture": "#texture"},
				"west": {"uv": [5, 5.25, 6.75, 7], "texture": "#texture"},
				"up": {"uv": [4.75, 5.25, 7.25, 7.25], "texture": "#texture"},
				"down": {"uv": [4.75, 5, 6.75, 6.5], "texture": "#texture"}
			}
		}
	],
	"display": {
		"thirdperson_righthand": {
			"rotation": [22.5, -60, 0],
			"scale": [0.35, 0.35, 0.35]
		},
		"thirdperson_lefthand": {
			"rotation": [22.5, -60, 0],
			"scale": [-0.35, 0.35, 0.35]
		},
		"firstperson_righthand": {
			"rotation": [0, -92, -10],
			"translation": [0, 1.75, 0],
			"scale": [0.35, 0.35, 0.35]
		},
		"firstperson_lefthand": {
			"rotation": [0, -92, -10],
			"translation": [0, 1.75, 0],
			"scale": [-0.35, 0.35, 0.35]
		},
		"ground": {
			"translation": [0, 0.75, 0],
			"scale": [0.25, 0.25, 0.25]
		},
		"gui": {
			"rotation": [30, 45, 0],
			"translation": [0, 0.25, 0],
			"scale": [0.9, 0.9, 0.9]
		},
		"head": {
			"translation": [-4.25, -24.5, 4],
			"scale": [0.35, 0.35, 0.35]
		},
		"fixed": {
			"translation": [0, 0.75, -0.75],
			"scale": [0.35, 0.35, 0.35]
		}
	}
}