{
	"credit": "Made by MadstonMagic, using Cubik Pro & Blockbench",
	"textures": {
		"texture": "guns/mac10/mac-10",
		"particle": "ammunition/9mm_45acp"
	},
	"elements": [
		{
			"name": "Element",
			"from": [7.5, 1.375, 7.25],
			"to": [7.8, 9.5, 7.875],
			"rotation": {"angle": 0, "axis": "y", "origin": [8, 14, 8]},
			"faces": {
				"north": {"uv": [1, 1, 3.5, 3], "texture": "#texture"},
				"east": {"uv": [1, 1, 2.5, 2.5], "texture": "#texture"},
				"south": {"uv": [0.5, 1.5, 3.5, 3.5], "texture": "#texture"},
				"west": {"uv": [1.5, 1.5, 3.5, 3], "texture": "#texture"},
				"up": {"uv": [1, 1, 3, 3], "texture": "#texture"},
				"down": {"uv": [1, 1, 3, 3.5], "texture": "#texture"}
			}
		},
		{
			"name": "Element",
			"from": [10.2, 1.375, 7.25],
			"to": [10.5, 9.5, 7.875],
			"rotation": {"angle": 0, "axis": "y", "origin": [10.7, 14, 8]},
			"faces": {
				"north": {"uv": [1, 1, 3.5, 3], "texture": "#texture"},
				"east": {"uv": [1, 1, 2.5, 2.5], "texture": "#texture"},
				"south": {"uv": [0.5, 1.5, 3.5, 3.5], "texture": "#texture"},
				"west": {"uv": [1.5, 1.5, 3.5, 3], "texture": "#texture"},
				"up": {"uv": [1, 1, 3, 3], "texture": "#texture"},
				"down": {"uv": [1, 1, 3, 3.5], "texture": "#texture"}
			}
		},
		{
			"name": "Element",
			"from": [7.5, 1.375, 8.125],
			"to": [7.8, 9.5, 8.75],
			"rotation": {"angle": 0, "axis": "y", "origin": [8, 14, 8]},
			"faces": {
				"north": {"uv": [1, 1, 3.5, 3], "texture": "#texture"},
				"east": {"uv": [1, 1, 2.5, 2.5], "texture": "#texture"},
				"south": {"uv": [0.5, 1.5, 3.5, 3.5], "texture": "#texture"},
				"west": {"uv": [1.5, 1.5, 3.5, 3], "texture": "#texture"},
				"up": {"uv": [1, 1, 3, 3], "texture": "#texture"},
				"down": {"uv": [1, 1, 3, 3.5], "texture": "#texture"}
			}
		},
		{
			"name": "Element",
			"from": [10.2, 1.375, 8.125],
			"to": [10.5, 9.5, 8.75],
			"rotation": {"angle": 0, "axis": "y", "origin": [10.7, 14, 8]},
			"faces": {
				"north": {"uv": [1, 1, 3.5, 3], "texture": "#texture"},
				"east": {"uv": [1, 1, 2.5, 2.5], "texture": "#texture"},
				"south": {"uv": [0.5, 1.5, 3.5, 3.5], "texture": "#texture"},
				"west": {"uv": [1.5, 1.5, 3.5, 3], "texture": "#texture"},
				"up": {"uv": [1, 1, 3, 3], "texture": "#texture"},
				"down": {"uv": [1, 1, 3, 3.5], "texture": "#texture"}
			}
		},
		{
			"name": "Element",
			"from": [7.5, 1.125, 6.875],
			"to": [10.5, 1.375, 9.125],
			"rotation": {"angle": 0, "axis": "y", "origin": [8, 14, 8]},
			"faces": {
				"north": {"uv": [1, 1, 3.5, 3], "texture": "#texture"},
				"east": {"uv": [1, 1, 2.5, 2.5], "texture": "#texture"},
				"south": {"uv": [0.5, 1.5, 3.5, 3.5], "texture": "#texture"},
				"west": {"uv": [1.5, 1.5, 3.5, 3], "texture": "#texture"},
				"up": {"uv": [1, 1, 3, 3], "texture": "#texture"},
				"down": {"uv": [1, 1, 3, 3.5], "texture": "#texture"}
			}
		},
		{
			"name": "Element",
			"from": [7.75, 1.375, 8.75],
			"to": [10.25, 9.5, 9],
			"rotation": {"angle": 0, "axis": "y", "origin": [8, 14, 8]},
			"faces": {
				"north": {"uv": [1, 1, 3.5, 3], "texture": "#texture"},
				"east": {"uv": [1, 1, 2.5, 2.5], "texture": "#texture"},
				"south": {"uv": [0.5, 1.5, 3.5, 3.5], "texture": "#texture"},
				"west": {"uv": [1.5, 1.5, 3.5, 3], "texture": "#texture"},
				"up": {"uv": [1, 1, 3, 3], "texture": "#texture"},
				"down": {"uv": [1, 1, 3, 3.5], "texture": "#texture"}
			}
		},
		{
			"name": "Element",
			"from": [7.75, 1.375, 7],
			"to": [10.25, 9.5, 7.25],
			"rotation": {"angle": 0, "axis": "y", "origin": [8, 14, 8]},
			"faces": {
				"north": {"uv": [1, 1, 3.5, 3], "texture": "#texture"},
				"east": {"uv": [1, 1, 2.5, 2.5], "texture": "#texture"},
				"south": {"uv": [0.5, 1.5, 3.5, 3.5], "texture": "#texture"},
				"west": {"uv": [1.5, 1.5, 3.5, 3], "texture": "#texture"},
				"up": {"uv": [1, 1, 3, 3], "texture": "#texture"},
				"down": {"uv": [1, 1, 3, 3.5], "texture": "#texture"}
			}
		},
		{
			"name": "Element",
			"from": [7.5, 1.375, 7.25],
			"to": [7.855, 9.5, 7.605],
			"rotation": {"angle": 45, "axis": "y", "origin": [7.5, 1.375, 7.25]},
			"faces": {
				"north": {"uv": [1, 1, 3.5, 3], "texture": "#texture"},
				"east": {"uv": [1, 1, 2.5, 2.5], "texture": "#texture"},
				"south": {"uv": [0.5, 1.5, 3.5, 3.5], "texture": "#texture"},
				"west": {"uv": [1.5, 1.5, 3.5, 3], "texture": "#texture"},
				"up": {"uv": [1, 1, 3, 3], "texture": "#texture"},
				"down": {"uv": [1, 1, 3, 3.5], "texture": "#texture"}
			}
		},
		{
			"name": "Element",
			"from": [7.5, 1.375, 8.75],
			"to": [7.855, 9.5, 9.105],
			"rotation": {"angle": 45, "axis": "y", "origin": [7.5, 1.375, 8.75]},
			"faces": {
				"north": {"uv": [1, 1, 3.5, 3], "texture": "#texture"},
				"east": {"uv": [1, 1, 2.5, 2.5], "texture": "#texture"},
				"south": {"uv": [0.5, 1.5, 3.5, 3.5], "texture": "#texture"},
				"west": {"uv": [1.5, 1.5, 3.5, 3], "texture": "#texture"},
				"up": {"uv": [1, 1, 3, 3], "texture": "#texture"},
				"down": {"uv": [1, 1, 3, 3.5], "texture": "#texture"}
			}
		},
		{
			"name": "Element",
			"from": [10.25, 1.375, 7],
			"to": [10.605, 9.5, 7.355],
			"rotation": {"angle": -45, "axis": "y", "origin": [10.25, 1.375, 7]},
			"faces": {
				"north": {"uv": [1, 1, 3.5, 3], "texture": "#texture"},
				"east": {"uv": [1, 1, 2.5, 2.5], "texture": "#texture"},
				"south": {"uv": [0.5, 1.5, 3.5, 3.5], "texture": "#texture"},
				"west": {"uv": [1.5, 1.5, 3.5, 3], "texture": "#texture"},
				"up": {"uv": [1, 1, 3, 3], "texture": "#texture"},
				"down": {"uv": [1, 1, 3, 3.5], "texture": "#texture"}
			}
		},
		{
			"name": "Element",
			"from": [10.25, 1.375, 8.5],
			"to": [10.605, 9.5, 8.855],
			"rotation": {"angle": -45, "axis": "y", "origin": [10.25, 1.375, 8.5]},
			"faces": {
				"north": {"uv": [1, 1, 3.5, 3], "texture": "#texture"},
				"east": {"uv": [1, 1, 2.5, 2.5], "texture": "#texture"},
				"south": {"uv": [0.5, 1.5, 3.5, 3.5], "texture": "#texture"},
				"west": {"uv": [1.5, 1.5, 3.5, 3], "texture": "#texture"},
				"up": {"uv": [1, 1, 3, 3], "texture": "#texture"},
				"down": {"uv": [1, 1, 3, 3.5], "texture": "#texture"}
			}
		},
		{
			"name": "Element",
			"from": [7.75, 1.125, 6.625],
			"to": [10.25, 1.375, 9.375],
			"rotation": {"angle": 0, "axis": "y", "origin": [8, 14, 8]},
			"faces": {
				"north": {"uv": [1, 1, 3.5, 3], "texture": "#texture"},
				"east": {"uv": [1, 1, 2.5, 2.5], "texture": "#texture"},
				"south": {"uv": [0.5, 1.5, 3.5, 3.5], "texture": "#texture"},
				"west": {"uv": [1.5, 1.5, 3.5, 3], "texture": "#texture"},
				"up": {"uv": [1, 1, 3, 3], "texture": "#texture"},
				"down": {"uv": [1, 1, 3, 3.5], "texture": "#texture"}
			}
		},
		{
			"name": "Element",
			"from": [7.5, 1.125, 6.875],
			"to": [7.855, 1.375, 7.23],
			"rotation": {"angle": 45, "axis": "y", "origin": [7.5, 1.125, 6.875]},
			"faces": {
				"north": {"uv": [1, 1, 3.5, 3], "texture": "#texture"},
				"east": {"uv": [1, 1, 2.5, 2.5], "texture": "#texture"},
				"south": {"uv": [0.5, 1.5, 3.5, 3.5], "texture": "#texture"},
				"west": {"uv": [1.5, 1.5, 3.5, 3], "texture": "#texture"},
				"up": {"uv": [1, 1, 3, 3], "texture": "#texture"},
				"down": {"uv": [1, 1, 3, 3.5], "texture": "#texture"}
			}
		},
		{
			"name": "Element",
			"from": [7.5, 1.125, 9.125],
			"to": [7.855, 1.375, 9.48],
			"rotation": {"angle": 45, "axis": "y", "origin": [7.5, 1.125, 9.125]},
			"faces": {
				"north": {"uv": [1, 1, 3.5, 3], "texture": "#texture"},
				"east": {"uv": [1, 1, 2.5, 2.5], "texture": "#texture"},
				"south": {"uv": [0.5, 1.5, 3.5, 3.5], "texture": "#texture"},
				"west": {"uv": [1.5, 1.5, 3.5, 3], "texture": "#texture"},
				"up": {"uv": [1, 1, 3, 3], "texture": "#texture"},
				"down": {"uv": [1, 1, 3, 3.5], "texture": "#texture"}
			}
		},
		{
			"name": "Element",
			"from": [10.25, 1.125, 6.625],
			"to": [10.605, 1.375, 6.98],
			"rotation": {"angle": -45, "axis": "y", "origin": [10.25, 1.125, 6.625]},
			"faces": {
				"north": {"uv": [1, 1, 3.5, 3], "texture": "#texture"},
				"east": {"uv": [1, 1, 2.5, 2.5], "texture": "#texture"},
				"south": {"uv": [0.5, 1.5, 3.5, 3.5], "texture": "#texture"},
				"west": {"uv": [1.5, 1.5, 3.5, 3], "texture": "#texture"},
				"up": {"uv": [1, 1, 3, 3], "texture": "#texture"},
				"down": {"uv": [1, 1, 3, 3.5], "texture": "#texture"}
			}
		},
		{
			"name": "Element",
			"from": [10.25, 1.125, 8.875],
			"to": [10.605, 1.375, 9.23],
			"rotation": {"angle": -45, "axis": "y", "origin": [10.25, 1.125, 8.875]},
			"faces": {
				"north": {"uv": [1, 1, 3.5, 3], "texture": "#texture"},
				"east": {"uv": [1, 1, 2.5, 2.5], "texture": "#texture"},
				"south": {"uv": [0.5, 1.5, 3.5, 3.5], "texture": "#texture"},
				"west": {"uv": [1.5, 1.5, 3.5, 3], "texture": "#texture"},
				"up": {"uv": [1, 1, 3, 3], "texture": "#texture"},
				"down": {"uv": [1, 1, 3, 3.5], "texture": "#texture"}
			}
		},
		{
			"name": "Element",
			"from": [8.625, 1.125, 6.375],
			"to": [9.375, 1.25, 9.625],
			"rotation": {"angle": 0, "axis": "y", "origin": [8, 14, 8]},
			"faces": {
				"north": {"uv": [1, 1, 3.5, 3], "texture": "#texture"},
				"east": {"uv": [1, 1, 2.5, 2.5], "texture": "#texture"},
				"south": {"uv": [0.5, 1.5, 3.5, 3.5], "texture": "#texture"},
				"west": {"uv": [1.5, 1.5, 3.5, 3], "texture": "#texture"},
				"up": {"uv": [1, 1, 3, 3], "texture": "#texture"},
				"down": {"uv": [1, 1, 3, 3.5], "texture": "#texture"}
			}
		},
		{
			"name": "Element",
			"from": [8.375, 1.125, 6.625],
			"to": [8.73, 1.25, 6.98],
			"rotation": {"angle": 45, "axis": "y", "origin": [8.375, 1.125, 6.625]},
			"faces": {
				"north": {"uv": [1, 1, 3.5, 3], "texture": "#texture"},
				"east": {"uv": [1, 1, 2.5, 2.5], "texture": "#texture"},
				"south": {"uv": [0.5, 1.5, 3.5, 3.5], "texture": "#texture"},
				"west": {"uv": [1.5, 1.5, 3.5, 3], "texture": "#texture"},
				"up": {"uv": [1, 1, 3, 3], "texture": "#texture"},
				"down": {"uv": [1, 1, 3, 3.5], "texture": "#texture"}
			}
		},
		{
			"name": "Element",
			"from": [9.375, 1.125, 6.375],
			"to": [9.73, 1.25, 6.73],
			"rotation": {"angle": -45, "axis": "y", "origin": [9.375, 1.125, 6.375]},
			"faces": {
				"north": {"uv": [1, 1, 3.5, 3], "texture": "#texture"},
				"east": {"uv": [1, 1, 2.5, 2.5], "texture": "#texture"},
				"south": {"uv": [0.5, 1.5, 3.5, 3.5], "texture": "#texture"},
				"west": {"uv": [1.5, 1.5, 3.5, 3], "texture": "#texture"},
				"up": {"uv": [1, 1, 3, 3], "texture": "#texture"},
				"down": {"uv": [1, 1, 3, 3.5], "texture": "#texture"}
			}
		},
		{
			"name": "Element",
			"from": [8.375, 1.125, 9.375],
			"to": [8.73, 1.25, 9.73],
			"rotation": {"angle": 45, "axis": "y", "origin": [8.375, 1.125, 9.375]},
			"faces": {
				"north": {"uv": [1, 1, 3.5, 3], "texture": "#texture"},
				"east": {"uv": [1, 1, 2.5, 2.5], "texture": "#texture"},
				"south": {"uv": [0.5, 1.5, 3.5, 3.5], "texture": "#texture"},
				"west": {"uv": [1.5, 1.5, 3.5, 3], "texture": "#texture"},
				"up": {"uv": [1, 1, 3, 3], "texture": "#texture"},
				"down": {"uv": [1, 1, 3, 3.5], "texture": "#texture"}
			}
		},
		{
			"name": "Element",
			"from": [9.375, 1.125, 9.125],
			"to": [9.73, 1.25, 9.48],
			"rotation": {"angle": -45, "axis": "y", "origin": [9.375, 1.125, 9.125]},
			"faces": {
				"north": {"uv": [1, 1, 3.5, 3], "texture": "#texture"},
				"east": {"uv": [1, 1, 2.5, 2.5], "texture": "#texture"},
				"south": {"uv": [0.5, 1.5, 3.5, 3.5], "texture": "#texture"},
				"west": {"uv": [1.5, 1.5, 3.5, 3], "texture": "#texture"},
				"up": {"uv": [1, 1, 3, 3], "texture": "#texture"},
				"down": {"uv": [1, 1, 3, 3.5], "texture": "#texture"}
			}
		},
		{
			"name": "Element",
			"from": [7.5, 8.75, 7.875],
			"to": [10.5, 8.875, 8.125],
			"rotation": {"angle": 0, "axis": "y", "origin": [8, 14.5, 8]},
			"faces": {
				"north": {"uv": [11.75, 2.125, 14.25, 4.125], "texture": "#texture"},
				"east": {"uv": [12.875, 1.25, 14.375, 2.75], "texture": "#texture"},
				"south": {"uv": [11.375, 1.125, 14.375, 3.125], "texture": "#texture"},
				"west": {"uv": [11.875, 2.625, 13.875, 4.125], "texture": "#texture"},
				"up": {"uv": [12.375, 0.75, 14.375, 2.75], "texture": "#texture"},
				"down": {"uv": [12.5, 0.625, 14.5, 3.125], "texture": "#texture"}
			}
		},
		{
			"name": "bullet_1",
			"from": [8.5, 8.85, 8.075],
			"to": [9.9, 9.375, 8.625],
			"rotation": {"angle": 0, "axis": "y", "origin": [8, 14, 8]},
			"faces": {
				"north": {"uv": [3, 2.5, 5, 4.5], "texture": "#particle"},
				"east": {"uv": [3, 2.5, 5, 4.5], "texture": "#particle"},
				"south": {"uv": [3, 2.5, 5, 4.5], "texture": "#particle"},
				"west": {"uv": [3, 2.5, 5, 4.5], "texture": "#particle"},
				"up": {"uv": [3, 2.5, 5, 4.5], "texture": "#particle"},
				"down": {"uv": [3, 2.5, 5, 4.5], "texture": "#particle"}
			}
		},
		{
			"name": "bullet_2",
			"from": [8.5, 8.45, 7.375],
			"to": [9.9, 8.975, 7.925],
			"rotation": {"angle": 0, "axis": "y", "origin": [8, 13.6, 7.3]},
			"faces": {
				"north": {"uv": [3, 2.5, 5.5, 4.5], "texture": "#particle"},
				"east": {"uv": [3, 2.5, 5.5, 4.5], "texture": "#particle"},
				"south": {"uv": [3, 2.5, 5.5, 4.5], "texture": "#particle"},
				"west": {"uv": [3, 2.5, 5.5, 4.5], "texture": "#particle"},
				"up": {"uv": [3, 2.5, 5.5, 4.5], "texture": "#particle"},
				"down": {"uv": [3, 2.5, 5.5, 4.5], "texture": "#particle"}
			}
		},
		{
			"name": "bullet_3",
			"from": [8.5, 7.95, 8.075],
			"to": [9.9, 8.475, 8.625],
			"rotation": {"angle": 0, "axis": "y", "origin": [8, 13.1, 8]},
			"faces": {
				"north": {"uv": [3, 2.5, 5, 4.5], "texture": "#particle"},
				"east": {"uv": [3, 2.5, 5, 4.5], "texture": "#particle"},
				"south": {"uv": [3, 2.5, 5, 4.5], "texture": "#particle"},
				"west": {"uv": [3, 2.5, 5, 4.5], "texture": "#particle"},
				"up": {"uv": [3, 2.5, 5, 4.5], "texture": "#particle"},
				"down": {"uv": [3, 2.5, 5, 4.5], "texture": "#particle"}
			}
		},
		{
			"name": "bullet_4",
			"from": [8.5, 7.45, 7.375],
			"to": [9.9, 7.975, 7.925],
			"rotation": {"angle": 0, "axis": "y", "origin": [8, 12.6, 7.3]},
			"faces": {
				"north": {"uv": [3, 2.5, 5.5, 4.5], "texture": "#particle"},
				"east": {"uv": [3, 2.5, 5.5, 4.5], "texture": "#particle"},
				"south": {"uv": [3, 2.5, 5.5, 4.5], "texture": "#particle"},
				"west": {"uv": [3, 2.5, 5.5, 4.5], "texture": "#particle"},
				"up": {"uv": [3, 2.5, 5.5, 4.5], "texture": "#particle"},
				"down": {"uv": [3, 2.5, 5.5, 4.5], "texture": "#particle"}
			}
		},
		{
			"name": "bullet_5",
			"from": [8.5, 6.95, 8.075],
			"to": [9.9, 7.475, 8.625],
			"rotation": {"angle": 0, "axis": "y", "origin": [8, 12.1, 8]},
			"faces": {
				"north": {"uv": [3, 2.5, 5, 4.5], "texture": "#particle"},
				"east": {"uv": [3, 2.5, 5, 4.5], "texture": "#particle"},
				"south": {"uv": [3, 2.5, 5, 4.5], "texture": "#particle"},
				"west": {"uv": [3, 2.5, 5, 4.5], "texture": "#particle"},
				"up": {"uv": [3, 2.5, 5, 4.5], "texture": "#particle"},
				"down": {"uv": [3, 2.5, 5, 4.5], "texture": "#particle"}
			}
		},
		{
			"name": "bullet_6",
			"from": [8.5, 6.45, 7.375],
			"to": [9.9, 6.975, 7.925],
			"rotation": {"angle": 0, "axis": "y", "origin": [8, 11.6, 7.3]},
			"faces": {
				"north": {"uv": [3, 2.5, 5.5, 4.5], "texture": "#particle"},
				"east": {"uv": [3, 2.5, 5.5, 4.5], "texture": "#particle"},
				"south": {"uv": [3, 2.5, 5.5, 4.5], "texture": "#particle"},
				"west": {"uv": [3, 2.5, 5.5, 4.5], "texture": "#particle"},
				"up": {"uv": [3, 2.5, 5.5, 4.5], "texture": "#particle"},
				"down": {"uv": [3, 2.5, 5.5, 4.5], "texture": "#particle"}
			}
		},
		{
			"name": "bullet_7",
			"from": [8.5, 5.85, 8.075],
			"to": [9.9, 6.375, 8.625],
			"rotation": {"angle": 0, "axis": "y", "origin": [8, 11, 8]},
			"faces": {
				"north": {"uv": [3, 3, 5, 5], "texture": "#particle"},
				"east": {"uv": [3, 3, 5, 5], "texture": "#particle"},
				"south": {"uv": [3, 3, 5, 5], "texture": "#particle"},
				"west": {"uv": [3, 3, 5, 5], "texture": "#particle"},
				"up": {"uv": [3, 3, 5, 5], "texture": "#particle"},
				"down": {"uv": [3, 3, 5, 5], "texture": "#particle"}
			}
		},
		{
			"name": "bullet_8",
			"from": [8.5, 5.35, 7.375],
			"to": [9.9, 5.875, 7.925],
			"rotation": {"angle": 0, "axis": "y", "origin": [8, 10.5, 7.3]},
			"faces": {
				"north": {"uv": [3, 2.5, 5.5, 4.5], "texture": "#particle"},
				"east": {"uv": [3, 2.5, 5.5, 4.5], "texture": "#particle"},
				"south": {"uv": [3, 2.5, 5.5, 4.5], "texture": "#particle"},
				"west": {"uv": [3, 2.5, 5.5, 4.5], "texture": "#particle"},
				"up": {"uv": [3, 2.5, 5.5, 4.5], "texture": "#particle"},
				"down": {"uv": [3, 2.5, 5.5, 4.5], "texture": "#particle"}
			}
		},
		{
			"name": "bullet_9",
			"from": [8.5, 4.85, 8.075],
			"to": [9.9, 5.375, 8.625],
			"rotation": {"angle": 0, "axis": "y", "origin": [8, 10, 8]},
			"faces": {
				"north": {"uv": [3, 2.5, 5, 4.5], "texture": "#particle"},
				"east": {"uv": [3, 2.5, 5, 4.5], "texture": "#particle"},
				"south": {"uv": [3, 2.5, 5, 4.5], "texture": "#particle"},
				"west": {"uv": [3, 2.5, 5, 4.5], "texture": "#particle"},
				"up": {"uv": [3, 2.5, 5, 4.5], "texture": "#particle"},
				"down": {"uv": [3, 2.5, 5, 4.5], "texture": "#particle"}
			}
		},
		{
			"name": "bullet_10",
			"from": [8.5, 4.35, 7.375],
			"to": [9.9, 4.875, 7.925],
			"rotation": {"angle": 0, "axis": "y", "origin": [8, 9.5, 7.3]},
			"faces": {
				"north": {"uv": [3, 2.5, 5.5, 4.5], "texture": "#particle"},
				"east": {"uv": [3, 2.5, 5.5, 4.5], "texture": "#particle"},
				"south": {"uv": [3, 2.5, 5.5, 4.5], "texture": "#particle"},
				"west": {"uv": [3, 2.5, 5.5, 4.5], "texture": "#particle"},
				"up": {"uv": [3, 2.5, 5.5, 4.5], "texture": "#particle"},
				"down": {"uv": [3, 2.5, 5.5, 4.5], "texture": "#particle"}
			}
		},
		{
			"name": "bullet_11",
			"from": [8.5, 3.85, 8.075],
			"to": [9.9, 4.375, 8.625],
			"rotation": {"angle": 0, "axis": "y", "origin": [8, 9, 8]},
			"faces": {
				"north": {"uv": [3, 2.5, 5, 4.5], "texture": "#particle"},
				"east": {"uv": [3, 2.5, 5, 4.5], "texture": "#particle"},
				"south": {"uv": [3, 2.5, 5, 4.5], "texture": "#particle"},
				"west": {"uv": [3, 2.5, 5, 4.5], "texture": "#particle"},
				"up": {"uv": [3, 2.5, 5, 4.5], "texture": "#particle"},
				"down": {"uv": [3, 2.5, 5, 4.5], "texture": "#particle"}
			}
		},
		{
			"name": "bullet_12",
			"from": [8.5, 3.35, 7.375],
			"to": [9.9, 3.875, 7.925],
			"rotation": {"angle": 0, "axis": "y", "origin": [8, 8.5, 7.3]},
			"faces": {
				"north": {"uv": [3, 2.5, 5.5, 4.5], "texture": "#particle"},
				"east": {"uv": [3, 2.5, 5.5, 4.5], "texture": "#particle"},
				"south": {"uv": [3, 2.5, 5.5, 4.5], "texture": "#particle"},
				"west": {"uv": [3, 2.5, 5.5, 4.5], "texture": "#particle"},
				"up": {"uv": [3, 2.5, 5.5, 4.5], "texture": "#particle"},
				"down": {"uv": [3, 2.5, 5.5, 4.5], "texture": "#particle"}
			}
		},
		{
			"name": "bullet_13",
			"from": [8.5, 2.85, 8.075],
			"to": [9.9, 3.375, 8.625],
			"rotation": {"angle": 0, "axis": "y", "origin": [8, 8, 8]},
			"faces": {
				"north": {"uv": [3, 2.5, 5, 4.5], "texture": "#particle"},
				"east": {"uv": [3, 2.5, 5, 4.5], "texture": "#particle"},
				"south": {"uv": [3, 2.5, 5, 4.5], "texture": "#particle"},
				"west": {"uv": [3, 2.5, 5, 4.5], "texture": "#particle"},
				"up": {"uv": [3, 2.5, 5, 4.5], "texture": "#particle"},
				"down": {"uv": [3, 2.5, 5, 4.5], "texture": "#particle"}
			}
		},
		{
			"name": "bullet_14",
			"from": [8.5, 2.35, 7.375],
			"to": [9.9, 2.875, 7.925],
			"rotation": {"angle": 0, "axis": "y", "origin": [8, 7.5, 7.3]},
			"faces": {
				"north": {"uv": [3, 2.5, 5.5, 4.5], "texture": "#particle"},
				"east": {"uv": [3, 2.5, 5.5, 4.5], "texture": "#particle"},
				"south": {"uv": [3, 2.5, 5.5, 4.5], "texture": "#particle"},
				"west": {"uv": [3, 2.5, 5.5, 4.5], "texture": "#particle"},
				"up": {"uv": [3, 2.5, 5.5, 4.5], "texture": "#particle"},
				"down": {"uv": [3, 2.5, 5.5, 4.5], "texture": "#particle"}
			}
		},
		{
			"name": "bullet_15",
			"from": [8.5, 1.85, 8.075],
			"to": [9.9, 2.375, 8.625],
			"rotation": {"angle": 0, "axis": "y", "origin": [8, 7, 8]},
			"faces": {
				"north": {"uv": [3, 2.5, 5, 4.5], "texture": "#particle"},
				"east": {"uv": [3, 2.5, 5, 4.5], "texture": "#particle"},
				"south": {"uv": [3, 2.5, 5, 4.5], "texture": "#particle"},
				"west": {"uv": [3, 2.5, 5, 4.5], "texture": "#particle"},
				"up": {"uv": [3, 2.5, 5, 4.5], "texture": "#particle"},
				"down": {"uv": [3, 2.5, 5, 4.5], "texture": "#particle"}
			}
		},
		{
			"name": "bullet_16",
			"from": [8.5, 1.35, 7.375],
			"to": [9.9, 1.875, 7.925],
			"rotation": {"angle": 0, "axis": "y", "origin": [8, 6.5, 7.3]},
			"faces": {
				"north": {"uv": [3, 2.5, 5.5, 4.5], "texture": "#particle"},
				"east": {"uv": [3, 2.5, 5.5, 4.5], "texture": "#particle"},
				"south": {"uv": [3, 2.5, 5.5, 4.5], "texture": "#particle"},
				"west": {"uv": [3, 2.5, 5.5, 4.5], "texture": "#particle"},
				"up": {"uv": [3, 2.5, 5.5, 4.5], "texture": "#particle"},
				"down": {"uv": [3, 2.5, 5.5, 4.5], "texture": "#particle"}
			}
		},
		{
			"name": "bullet_1",
			"from": [10, 8.85, 8.075],
			"to": [10.1, 9.375, 8.625],
			"rotation": {"angle": 0, "axis": "y", "origin": [7.9, 14, 8]},
			"faces": {
				"north": {"uv": [3, 2.5, 5, 4.5], "texture": "#particle"},
				"east": {"uv": [3, 2.5, 5, 4.5], "texture": "#particle"},
				"south": {"uv": [3, 2.5, 5, 4.5], "texture": "#particle"},
				"west": {"uv": [3, 2.5, 5, 4.5], "texture": "#particle"},
				"up": {"uv": [3, 2.5, 5, 4.5], "texture": "#particle"},
				"down": {"uv": [3, 2.5, 5, 4.5], "texture": "#particle"}
			}
		},
		{
			"name": "bullet_2",
			"from": [10, 8.45, 7.375],
			"to": [10.1, 8.975, 7.925],
			"rotation": {"angle": 0, "axis": "y", "origin": [7.9, 13.6, 7.3]},
			"faces": {
				"north": {"uv": [3, 2.5, 5.5, 4.5], "texture": "#particle"},
				"east": {"uv": [3, 2.5, 5.5, 4.5], "texture": "#particle"},
				"south": {"uv": [3, 2.5, 5.5, 4.5], "texture": "#particle"},
				"west": {"uv": [3, 2.5, 5.5, 4.5], "texture": "#particle"},
				"up": {"uv": [3, 2.5, 5.5, 4.5], "texture": "#particle"},
				"down": {"uv": [3, 2.5, 5.5, 4.5], "texture": "#particle"}
			}
		},
		{
			"name": "bullet_3",
			"from": [10, 7.95, 8.075],
			"to": [10.1, 8.475, 8.625],
			"rotation": {"angle": 0, "axis": "y", "origin": [7.9, 13.1, 8]},
			"faces": {
				"north": {"uv": [3, 2.5, 5, 4.5], "texture": "#particle"},
				"east": {"uv": [3, 2.5, 5, 4.5], "texture": "#particle"},
				"south": {"uv": [3, 2.5, 5, 4.5], "texture": "#particle"},
				"west": {"uv": [3, 2.5, 5, 4.5], "texture": "#particle"},
				"up": {"uv": [3, 2.5, 5, 4.5], "texture": "#particle"},
				"down": {"uv": [3, 2.5, 5, 4.5], "texture": "#particle"}
			}
		},
		{
			"name": "bullet_4",
			"from": [10, 7.45, 7.375],
			"to": [10.1, 7.975, 7.925],
			"rotation": {"angle": 0, "axis": "y", "origin": [7.9, 12.6, 7.3]},
			"faces": {
				"north": {"uv": [3, 2.5, 5.5, 4.5], "texture": "#particle"},
				"east": {"uv": [3, 2.5, 5.5, 4.5], "texture": "#particle"},
				"south": {"uv": [3, 2.5, 5.5, 4.5], "texture": "#particle"},
				"west": {"uv": [3, 2.5, 5.5, 4.5], "texture": "#particle"},
				"up": {"uv": [3, 2.5, 5.5, 4.5], "texture": "#particle"},
				"down": {"uv": [3, 2.5, 5.5, 4.5], "texture": "#particle"}
			}
		},
		{
			"name": "bullet_5",
			"from": [10, 6.95, 8.075],
			"to": [10.1, 7.475, 8.625],
			"rotation": {"angle": 0, "axis": "y", "origin": [7.9, 12.1, 8]},
			"faces": {
				"north": {"uv": [3, 2.5, 5, 4.5], "texture": "#particle"},
				"east": {"uv": [3, 2.5, 5, 4.5], "texture": "#particle"},
				"south": {"uv": [3, 2.5, 5, 4.5], "texture": "#particle"},
				"west": {"uv": [3, 2.5, 5, 4.5], "texture": "#particle"},
				"up": {"uv": [3, 2.5, 5, 4.5], "texture": "#particle"},
				"down": {"uv": [3, 2.5, 5, 4.5], "texture": "#particle"}
			}
		},
		{
			"name": "bullet_6",
			"from": [10, 6.45, 7.375],
			"to": [10.1, 6.975, 7.925],
			"rotation": {"angle": 0, "axis": "y", "origin": [7.9, 11.6, 7.3]},
			"faces": {
				"north": {"uv": [3, 2.5, 5.5, 4.5], "texture": "#particle"},
				"east": {"uv": [3, 2.5, 5.5, 4.5], "texture": "#particle"},
				"south": {"uv": [3, 2.5, 5.5, 4.5], "texture": "#particle"},
				"west": {"uv": [3, 2.5, 5.5, 4.5], "texture": "#particle"},
				"up": {"uv": [3, 2.5, 5.5, 4.5], "texture": "#particle"},
				"down": {"uv": [3, 2.5, 5.5, 4.5], "texture": "#particle"}
			}
		},
		{
			"name": "bullet_7",
			"from": [10, 5.85, 8.075],
			"to": [10.1, 6.375, 8.625],
			"rotation": {"angle": 0, "axis": "y", "origin": [7.9, 11, 8]},
			"faces": {
				"north": {"uv": [3, 3, 5, 5], "texture": "#particle"},
				"east": {"uv": [3, 3, 5, 5], "texture": "#particle"},
				"south": {"uv": [3, 3, 5, 5], "texture": "#particle"},
				"west": {"uv": [3, 3, 5, 5], "texture": "#particle"},
				"up": {"uv": [3, 3, 5, 5], "texture": "#particle"},
				"down": {"uv": [3, 3, 5, 5], "texture": "#particle"}
			}
		},
		{
			"name": "bullet_8",
			"from": [10, 5.35, 7.375],
			"to": [10.1, 5.875, 7.925],
			"rotation": {"angle": 0, "axis": "y", "origin": [7.9, 10.5, 7.3]},
			"faces": {
				"north": {"uv": [3, 2.5, 5.5, 4.5], "texture": "#particle"},
				"east": {"uv": [3, 2.5, 5.5, 4.5], "texture": "#particle"},
				"south": {"uv": [3, 2.5, 5.5, 4.5], "texture": "#particle"},
				"west": {"uv": [3, 2.5, 5.5, 4.5], "texture": "#particle"},
				"up": {"uv": [3, 2.5, 5.5, 4.5], "texture": "#particle"},
				"down": {"uv": [3, 2.5, 5.5, 4.5], "texture": "#particle"}
			}
		},
		{
			"name": "bullet_9",
			"from": [10, 4.85, 8.075],
			"to": [10.1, 5.375, 8.625],
			"rotation": {"angle": 0, "axis": "y", "origin": [7.9, 10, 8]},
			"faces": {
				"north": {"uv": [3, 2.5, 5, 4.5], "texture": "#particle"},
				"east": {"uv": [3, 2.5, 5, 4.5], "texture": "#particle"},
				"south": {"uv": [3, 2.5, 5, 4.5], "texture": "#particle"},
				"west": {"uv": [3, 2.5, 5, 4.5], "texture": "#particle"},
				"up": {"uv": [3, 2.5, 5, 4.5], "texture": "#particle"},
				"down": {"uv": [3, 2.5, 5, 4.5], "texture": "#particle"}
			}
		},
		{
			"name": "bullet_10",
			"from": [10, 4.35, 7.375],
			"to": [10.1, 4.875, 7.925],
			"rotation": {"angle": 0, "axis": "y", "origin": [7.9, 9.5, 7.3]},
			"faces": {
				"north": {"uv": [3, 2.5, 5.5, 4.5], "texture": "#particle"},
				"east": {"uv": [3, 2.5, 5.5, 4.5], "texture": "#particle"},
				"south": {"uv": [3, 2.5, 5.5, 4.5], "texture": "#particle"},
				"west": {"uv": [3, 2.5, 5.5, 4.5], "texture": "#particle"},
				"up": {"uv": [3, 2.5, 5.5, 4.5], "texture": "#particle"},
				"down": {"uv": [3, 2.5, 5.5, 4.5], "texture": "#particle"}
			}
		},
		{
			"name": "bullet_11",
			"from": [10, 3.85, 8.075],
			"to": [10.1, 4.375, 8.625],
			"rotation": {"angle": 0, "axis": "y", "origin": [7.9, 9, 8]},
			"faces": {
				"north": {"uv": [3, 2.5, 5, 4.5], "texture": "#particle"},
				"east": {"uv": [3, 2.5, 5, 4.5], "texture": "#particle"},
				"south": {"uv": [3, 2.5, 5, 4.5], "texture": "#particle"},
				"west": {"uv": [3, 2.5, 5, 4.5], "texture": "#particle"},
				"up": {"uv": [3, 2.5, 5, 4.5], "texture": "#particle"},
				"down": {"uv": [3, 2.5, 5, 4.5], "texture": "#particle"}
			}
		},
		{
			"name": "bullet_12",
			"from": [10, 3.35, 7.375],
			"to": [10.1, 3.875, 7.925],
			"rotation": {"angle": 0, "axis": "y", "origin": [7.9, 8.5, 7.3]},
			"faces": {
				"north": {"uv": [3, 2.5, 5.5, 4.5], "texture": "#particle"},
				"east": {"uv": [3, 2.5, 5.5, 4.5], "texture": "#particle"},
				"south": {"uv": [3, 2.5, 5.5, 4.5], "texture": "#particle"},
				"west": {"uv": [3, 2.5, 5.5, 4.5], "texture": "#particle"},
				"up": {"uv": [3, 2.5, 5.5, 4.5], "texture": "#particle"},
				"down": {"uv": [3, 2.5, 5.5, 4.5], "texture": "#particle"}
			}
		},
		{
			"name": "bullet_13",
			"from": [10, 2.85, 8.075],
			"to": [10.1, 3.375, 8.625],
			"rotation": {"angle": 0, "axis": "y", "origin": [7.9, 8, 8]},
			"faces": {
				"north": {"uv": [3, 2.5, 5, 4.5], "texture": "#particle"},
				"east": {"uv": [3, 2.5, 5, 4.5], "texture": "#particle"},
				"south": {"uv": [3, 2.5, 5, 4.5], "texture": "#particle"},
				"west": {"uv": [3, 2.5, 5, 4.5], "texture": "#particle"},
				"up": {"uv": [3, 2.5, 5, 4.5], "texture": "#particle"},
				"down": {"uv": [3, 2.5, 5, 4.5], "texture": "#particle"}
			}
		},
		{
			"name": "bullet_14",
			"from": [10, 2.35, 7.375],
			"to": [10.1, 2.875, 7.925],
			"rotation": {"angle": 0, "axis": "y", "origin": [7.9, 7.5, 7.3]},
			"faces": {
				"north": {"uv": [3, 2.5, 5.5, 4.5], "texture": "#particle"},
				"east": {"uv": [3, 2.5, 5.5, 4.5], "texture": "#particle"},
				"south": {"uv": [3, 2.5, 5.5, 4.5], "texture": "#particle"},
				"west": {"uv": [3, 2.5, 5.5, 4.5], "texture": "#particle"},
				"up": {"uv": [3, 2.5, 5.5, 4.5], "texture": "#particle"},
				"down": {"uv": [3, 2.5, 5.5, 4.5], "texture": "#particle"}
			}
		},
		{
			"name": "bullet_15",
			"from": [10, 1.85, 8.075],
			"to": [10.1, 2.375, 8.625],
			"rotation": {"angle": 0, "axis": "y", "origin": [7.9, 7, 8]},
			"faces": {
				"north": {"uv": [3, 2.5, 5, 4.5], "texture": "#particle"},
				"east": {"uv": [3, 2.5, 5, 4.5], "texture": "#particle"},
				"south": {"uv": [3, 2.5, 5, 4.5], "texture": "#particle"},
				"west": {"uv": [3, 2.5, 5, 4.5], "texture": "#particle"},
				"up": {"uv": [3, 2.5, 5, 4.5], "texture": "#particle"},
				"down": {"uv": [3, 2.5, 5, 4.5], "texture": "#particle"}
			}
		},
		{
			"name": "bullet_16",
			"from": [10, 1.35, 7.375],
			"to": [10.1, 1.875, 7.925],
			"rotation": {"angle": 0, "axis": "y", "origin": [7.9, 6.5, 7.3]},
			"faces": {
				"north": {"uv": [3, 2.5, 5.5, 4.5], "texture": "#particle"},
				"east": {"uv": [3, 2.5, 5.5, 4.5], "texture": "#particle"},
				"south": {"uv": [3, 2.5, 5.5, 4.5], "texture": "#particle"},
				"west": {"uv": [3, 2.5, 5.5, 4.5], "texture": "#particle"},
				"up": {"uv": [3, 2.5, 5.5, 4.5], "texture": "#particle"},
				"down": {"uv": [3, 2.5, 5.5, 4.5], "texture": "#particle"}
			}
		},
		{
			"name": "bullet_1",
			"from": [8, 8.85, 8.075],
			"to": [8.5, 9.375, 8.625],
			"rotation": {"angle": 0, "axis": "y", "origin": [8, 14, 8]},
			"faces": {
				"north": {"uv": [10, 3, 12, 5], "texture": "#particle"},
				"east": {"uv": [10, 3, 12, 5], "texture": "#particle"},
				"south": {"uv": [10, 3, 12, 5], "texture": "#particle"},
				"west": {"uv": [10, 3, 12, 5], "texture": "#particle"},
				"up": {"uv": [10, 3, 12, 5], "texture": "#particle"},
				"down": {"uv": [10, 3, 12, 5], "texture": "#particle"}
			}
		},
		{
			"name": "bullet_2",
			"from": [8, 8.45, 7.375],
			"to": [8.5, 8.975, 7.925],
			"rotation": {"angle": 0, "axis": "y", "origin": [8, 13.6, 7.3]},
			"faces": {
				"north": {"uv": [10, 3, 12, 5], "texture": "#particle"},
				"east": {"uv": [10, 3, 12, 5], "texture": "#particle"},
				"south": {"uv": [10, 3, 12, 5], "texture": "#particle"},
				"west": {"uv": [10, 3, 12, 5], "texture": "#particle"},
				"up": {"uv": [10, 3, 12, 5], "texture": "#particle"},
				"down": {"uv": [10, 3, 12, 5], "texture": "#particle"}
			}
		},
		{
			"name": "bullet_3",
			"from": [8, 7.95, 8.075],
			"to": [8.5, 8.475, 8.625],
			"rotation": {"angle": 0, "axis": "y", "origin": [8, 13.1, 8]},
			"faces": {
				"north": {"uv": [10, 3, 12, 5], "texture": "#particle"},
				"east": {"uv": [10, 3, 12, 5], "texture": "#particle"},
				"south": {"uv": [10, 3, 12, 5], "texture": "#particle"},
				"west": {"uv": [10, 3, 12, 5], "texture": "#particle"},
				"up": {"uv": [10, 3, 12, 5], "texture": "#particle"},
				"down": {"uv": [10, 3, 12, 5], "texture": "#particle"}
			}
		},
		{
			"name": "bullet_4",
			"from": [8, 7.45, 7.375],
			"to": [8.5, 7.975, 7.925],
			"rotation": {"angle": 0, "axis": "y", "origin": [8, 12.6, 7.3]},
			"faces": {
				"north": {"uv": [10, 3, 12, 5], "texture": "#particle"},
				"east": {"uv": [10, 3, 12, 5], "texture": "#particle"},
				"south": {"uv": [10, 3, 12, 5], "texture": "#particle"},
				"west": {"uv": [10, 3, 12, 5], "texture": "#particle"},
				"up": {"uv": [10, 3, 12, 5], "texture": "#particle"},
				"down": {"uv": [10, 3, 12, 5], "texture": "#particle"}
			}
		},
		{
			"name": "bullet_5",
			"from": [8, 6.95, 8.075],
			"to": [8.5, 7.475, 8.625],
			"rotation": {"angle": 0, "axis": "y", "origin": [8, 12.1, 8]},
			"faces": {
				"north": {"uv": [10, 3, 12, 5], "texture": "#particle"},
				"east": {"uv": [10, 3, 12, 5], "texture": "#particle"},
				"south": {"uv": [10, 3, 12, 5], "texture": "#particle"},
				"west": {"uv": [10, 3, 12, 5], "texture": "#particle"},
				"up": {"uv": [10, 3, 12, 5], "texture": "#particle"},
				"down": {"uv": [10, 3, 12, 5], "texture": "#particle"}
			}
		},
		{
			"name": "bullet_6",
			"from": [8, 6.45, 7.375],
			"to": [8.5, 6.975, 7.925],
			"rotation": {"angle": 0, "axis": "y", "origin": [8, 11.6, 7.3]},
			"faces": {
				"north": {"uv": [10, 3, 12, 5], "texture": "#particle"},
				"east": {"uv": [10, 3, 12, 5], "texture": "#particle"},
				"south": {"uv": [10, 3, 12, 5], "texture": "#particle"},
				"west": {"uv": [10, 3, 12, 5], "texture": "#particle"},
				"up": {"uv": [10, 3, 12, 5], "texture": "#particle"},
				"down": {"uv": [10, 3, 12, 5], "texture": "#particle"}
			}
		},
		{
			"name": "bullet_7",
			"from": [8, 5.85, 8.075],
			"to": [8.5, 6.375, 8.625],
			"rotation": {"angle": 0, "axis": "y", "origin": [8, 11, 8]},
			"faces": {
				"north": {"uv": [10, 3, 12, 5], "texture": "#particle"},
				"east": {"uv": [10, 3, 12, 5], "texture": "#particle"},
				"south": {"uv": [10, 3, 12, 5], "texture": "#particle"},
				"west": {"uv": [10, 3, 12, 5], "texture": "#particle"},
				"up": {"uv": [10, 3, 12, 5], "texture": "#particle"},
				"down": {"uv": [10, 3, 12, 5], "texture": "#particle"}
			}
		},
		{
			"name": "bullet_8",
			"from": [8, 5.35, 7.375],
			"to": [8.5, 5.875, 7.925],
			"rotation": {"angle": 0, "axis": "y", "origin": [8, 10.5, 7.3]},
			"faces": {
				"north": {"uv": [10, 3, 12, 5], "texture": "#particle"},
				"east": {"uv": [10, 3, 12, 5], "texture": "#particle"},
				"south": {"uv": [10, 3, 12, 5], "texture": "#particle"},
				"west": {"uv": [10, 3, 12, 5], "texture": "#particle"},
				"up": {"uv": [10, 3, 12, 5], "texture": "#particle"},
				"down": {"uv": [10, 3, 12, 5], "texture": "#particle"}
			}
		},
		{
			"name": "bullet_9",
			"from": [8, 4.85, 8.075],
			"to": [8.5, 5.375, 8.625],
			"rotation": {"angle": 0, "axis": "y", "origin": [8, 10, 8]},
			"faces": {
				"north": {"uv": [10, 3, 12, 5], "texture": "#particle"},
				"east": {"uv": [10, 3, 12, 5], "texture": "#particle"},
				"south": {"uv": [10, 3, 12, 5], "texture": "#particle"},
				"west": {"uv": [10, 3, 12, 5], "texture": "#particle"},
				"up": {"uv": [10, 3, 12, 5], "texture": "#particle"},
				"down": {"uv": [10, 3, 12, 5], "texture": "#particle"}
			}
		},
		{
			"name": "bullet_10",
			"from": [8, 4.35, 7.375],
			"to": [8.5, 4.875, 7.925],
			"rotation": {"angle": 0, "axis": "y", "origin": [8, 9.5, 7.3]},
			"faces": {
				"north": {"uv": [10, 3, 12, 5], "texture": "#particle"},
				"east": {"uv": [10, 3, 12, 5], "texture": "#particle"},
				"south": {"uv": [10, 3, 12, 5], "texture": "#particle"},
				"west": {"uv": [10, 3, 12, 5], "texture": "#particle"},
				"up": {"uv": [10, 3, 12, 5], "texture": "#particle"},
				"down": {"uv": [10, 3, 12, 5], "texture": "#particle"}
			}
		},
		{
			"name": "bullet_11",
			"from": [8, 3.85, 8.075],
			"to": [8.5, 4.375, 8.625],
			"rotation": {"angle": 0, "axis": "y", "origin": [8, 9, 8]},
			"faces": {
				"north": {"uv": [10, 3, 12, 5], "texture": "#particle"},
				"east": {"uv": [10, 3, 12, 5], "texture": "#particle"},
				"south": {"uv": [10, 3, 12, 5], "texture": "#particle"},
				"west": {"uv": [10, 3, 12, 5], "texture": "#particle"},
				"up": {"uv": [10, 3, 12, 5], "texture": "#particle"},
				"down": {"uv": [10, 3, 12, 5], "texture": "#particle"}
			}
		},
		{
			"name": "bullet_12",
			"from": [8, 3.35, 7.375],
			"to": [8.5, 3.875, 7.925],
			"rotation": {"angle": 0, "axis": "y", "origin": [8, 8.5, 7.3]},
			"faces": {
				"north": {"uv": [10, 3, 12, 5], "texture": "#particle"},
				"east": {"uv": [10, 3, 12, 5], "texture": "#particle"},
				"south": {"uv": [10, 3, 12, 5], "texture": "#particle"},
				"west": {"uv": [10, 3, 12, 5], "texture": "#particle"},
				"up": {"uv": [10, 3, 12, 5], "texture": "#particle"},
				"down": {"uv": [10, 3, 12, 5], "texture": "#particle"}
			}
		},
		{
			"name": "bullet_13",
			"from": [8, 2.85, 8.075],
			"to": [8.5, 3.375, 8.625],
			"rotation": {"angle": 0, "axis": "y", "origin": [8, 8, 8]},
			"faces": {
				"north": {"uv": [10, 3, 12, 5], "texture": "#particle"},
				"east": {"uv": [10, 3, 12, 5], "texture": "#particle"},
				"south": {"uv": [10, 3, 12, 5], "texture": "#particle"},
				"west": {"uv": [10, 3, 12, 5], "texture": "#particle"},
				"up": {"uv": [10, 3, 12, 5], "texture": "#particle"},
				"down": {"uv": [10, 3, 12, 5], "texture": "#particle"}
			}
		},
		{
			"name": "bullet_14",
			"from": [8, 2.35, 7.375],
			"to": [8.5, 2.875, 7.925],
			"rotation": {"angle": 0, "axis": "y", "origin": [8, 7.5, 7.3]},
			"faces": {
				"north": {"uv": [10, 3, 12, 5], "texture": "#particle"},
				"east": {"uv": [10, 3, 12, 5], "texture": "#particle"},
				"south": {"uv": [10, 3, 12, 5], "texture": "#particle"},
				"west": {"uv": [10, 3, 12, 5], "texture": "#particle"},
				"up": {"uv": [10, 3, 12, 5], "texture": "#particle"},
				"down": {"uv": [10, 3, 12, 5], "texture": "#particle"}
			}
		},
		{
			"name": "bullet_15",
			"from": [8, 1.85, 8.075],
			"to": [8.5, 2.375, 8.625],
			"rotation": {"angle": 0, "axis": "y", "origin": [8, 7, 8]},
			"faces": {
				"north": {"uv": [10, 3, 12, 5], "texture": "#particle"},
				"east": {"uv": [10, 3, 12, 5], "texture": "#particle"},
				"south": {"uv": [10, 3, 12, 5], "texture": "#particle"},
				"west": {"uv": [10, 3, 12, 5], "texture": "#particle"},
				"up": {"uv": [10, 3, 12, 5], "texture": "#particle"},
				"down": {"uv": [10, 3, 12, 5], "texture": "#particle"}
			}
		},
		{
			"name": "bullet_16",
			"from": [8, 1.35, 7.375],
			"to": [8.5, 1.875, 7.925],
			"rotation": {"angle": 0, "axis": "y", "origin": [8, 6.5, 7.3]},
			"faces": {
				"north": {"uv": [10, 3, 12, 5], "texture": "#particle"},
				"east": {"uv": [10, 3, 12, 5], "texture": "#particle"},
				"south": {"uv": [10, 3, 12, 5], "texture": "#particle"},
				"west": {"uv": [10, 3, 12, 5], "texture": "#particle"},
				"up": {"uv": [10, 3, 12, 5], "texture": "#particle"},
				"down": {"uv": [10, 3, 12, 5], "texture": "#particle"}
			}
		},
		{
			"name": "bullet_1",
			"from": [7.9, 8.95, 8.175],
			"to": [8, 9.275, 8.525],
			"rotation": {"angle": 0, "axis": "y", "origin": [8, 14, 8]},
			"faces": {
				"north": {"uv": [10, 3, 12, 5], "texture": "#particle"},
				"east": {"uv": [10, 3, 12, 5], "texture": "#particle"},
				"south": {"uv": [10, 3, 12, 5], "texture": "#particle"},
				"west": {"uv": [10, 3, 12, 5], "texture": "#particle"},
				"up": {"uv": [10, 3, 12, 5], "texture": "#particle"},
				"down": {"uv": [10, 3, 12, 5], "texture": "#particle"}
			}
		},
		{
			"name": "bullet_2",
			"from": [7.9, 8.55, 7.475],
			"to": [8, 8.875, 7.825],
			"rotation": {"angle": 0, "axis": "y", "origin": [8, 13.6, 7.3]},
			"faces": {
				"north": {"uv": [10, 3, 12, 5], "texture": "#particle"},
				"east": {"uv": [10, 3, 12, 5], "texture": "#particle"},
				"south": {"uv": [10, 3, 12, 5], "texture": "#particle"},
				"west": {"uv": [10, 3, 12, 5], "texture": "#particle"},
				"up": {"uv": [10, 3, 12, 5], "texture": "#particle"},
				"down": {"uv": [10, 3, 12, 5], "texture": "#particle"}
			}
		},
		{
			"name": "bullet_3",
			"from": [7.9, 8.05, 8.175],
			"to": [8, 8.375, 8.525],
			"rotation": {"angle": 0, "axis": "y", "origin": [8, 13.1, 8]},
			"faces": {
				"north": {"uv": [10, 3, 12, 5], "texture": "#particle"},
				"east": {"uv": [10, 3, 12, 5], "texture": "#particle"},
				"south": {"uv": [10, 3, 12, 5], "texture": "#particle"},
				"west": {"uv": [10, 3, 12, 5], "texture": "#particle"},
				"up": {"uv": [10, 3, 12, 5], "texture": "#particle"},
				"down": {"uv": [10, 3, 12, 5], "texture": "#particle"}
			}
		},
		{
			"name": "bullet_4",
			"from": [7.9, 7.55, 7.475],
			"to": [8, 7.875, 7.825],
			"rotation": {"angle": 0, "axis": "y", "origin": [8, 12.6, 7.3]},
			"faces": {
				"north": {"uv": [10, 3, 12, 5], "texture": "#particle"},
				"east": {"uv": [10, 3, 12, 5], "texture": "#particle"},
				"south": {"uv": [10, 3, 12, 5], "texture": "#particle"},
				"west": {"uv": [10, 3, 12, 5], "texture": "#particle"},
				"up": {"uv": [10, 3, 12, 5], "texture": "#particle"},
				"down": {"uv": [10, 3, 12, 5], "texture": "#particle"}
			}
		},
		{
			"name": "bullet_5",
			"from": [7.9, 7.05, 8.175],
			"to": [8, 7.375, 8.525],
			"rotation": {"angle": 0, "axis": "y", "origin": [8, 12.1, 8]},
			"faces": {
				"north": {"uv": [10, 3, 12, 5], "texture": "#particle"},
				"east": {"uv": [10, 3, 12, 5], "texture": "#particle"},
				"south": {"uv": [10, 3, 12, 5], "texture": "#particle"},
				"west": {"uv": [10, 3, 12, 5], "texture": "#particle"},
				"up": {"uv": [10, 3, 12, 5], "texture": "#particle"},
				"down": {"uv": [10, 3, 12, 5], "texture": "#particle"}
			}
		},
		{
			"name": "bullet_6",
			"from": [7.9, 6.55, 7.475],
			"to": [8, 6.875, 7.825],
			"rotation": {"angle": 0, "axis": "y", "origin": [8, 11.6, 7.3]},
			"faces": {
				"north": {"uv": [10, 3, 12, 5], "texture": "#particle"},
				"east": {"uv": [10, 3, 12, 5], "texture": "#particle"},
				"south": {"uv": [10, 3, 12, 5], "texture": "#particle"},
				"west": {"uv": [10, 3, 12, 5], "texture": "#particle"},
				"up": {"uv": [10, 3, 12, 5], "texture": "#particle"},
				"down": {"uv": [10, 3, 12, 5], "texture": "#particle"}
			}
		},
		{
			"name": "bullet_7",
			"from": [7.9, 5.95, 8.175],
			"to": [8, 6.275, 8.525],
			"rotation": {"angle": 0, "axis": "y", "origin": [8, 11, 8]},
			"faces": {
				"north": {"uv": [10, 3, 12, 5], "texture": "#particle"},
				"east": {"uv": [10, 3, 12, 5], "texture": "#particle"},
				"south": {"uv": [10, 3, 12, 5], "texture": "#particle"},
				"west": {"uv": [10, 3, 12, 5], "texture": "#particle"},
				"up": {"uv": [10, 3, 12, 5], "texture": "#particle"},
				"down": {"uv": [10, 3, 12, 5], "texture": "#particle"}
			}
		},
		{
			"name": "bullet_8",
			"from": [7.9, 5.45, 7.475],
			"to": [8, 5.775, 7.825],
			"rotation": {"angle": 0, "axis": "y", "origin": [8, 10.5, 7.3]},
			"faces": {
				"north": {"uv": [10, 3, 12, 5], "texture": "#particle"},
				"east": {"uv": [10, 3, 12, 5], "texture": "#particle"},
				"south": {"uv": [10, 3, 12, 5], "texture": "#particle"},
				"west": {"uv": [10, 3, 12, 5], "texture": "#particle"},
				"up": {"uv": [10, 3, 12, 5], "texture": "#particle"},
				"down": {"uv": [10, 3, 12, 5], "texture": "#particle"}
			}
		},
		{
			"name": "bullet_9",
			"from": [7.9, 4.95, 8.175],
			"to": [8, 5.275, 8.525],
			"rotation": {"angle": 0, "axis": "y", "origin": [8, 10, 8]},
			"faces": {
				"north": {"uv": [10, 3, 12, 5], "texture": "#particle"},
				"east": {"uv": [10, 3, 12, 5], "texture": "#particle"},
				"south": {"uv": [10, 3, 12, 5], "texture": "#particle"},
				"west": {"uv": [10, 3, 12, 5], "texture": "#particle"},
				"up": {"uv": [10, 3, 12, 5], "texture": "#particle"},
				"down": {"uv": [10, 3, 12, 5], "texture": "#particle"}
			}
		},
		{
			"name": "bullet_10",
			"from": [7.9, 4.45, 7.475],
			"to": [8, 4.775, 7.825],
			"rotation": {"angle": 0, "axis": "y", "origin": [8, 9.5, 7.3]},
			"faces": {
				"north": {"uv": [10, 3, 12, 5], "texture": "#particle"},
				"east": {"uv": [10, 3, 12, 5], "texture": "#particle"},
				"south": {"uv": [10, 3, 12, 5], "texture": "#particle"},
				"west": {"uv": [10, 3, 12, 5], "texture": "#particle"},
				"up": {"uv": [10, 3, 12, 5], "texture": "#particle"},
				"down": {"uv": [10, 3, 12, 5], "texture": "#particle"}
			}
		},
		{
			"name": "bullet_11",
			"from": [7.9, 3.95, 8.175],
			"to": [8, 4.275, 8.525],
			"rotation": {"angle": 0, "axis": "y", "origin": [8, 9, 8]},
			"faces": {
				"north": {"uv": [10, 3, 12, 5], "texture": "#particle"},
				"east": {"uv": [10, 3, 12, 5], "texture": "#particle"},
				"south": {"uv": [10, 3, 12, 5], "texture": "#particle"},
				"west": {"uv": [10, 3, 12, 5], "texture": "#particle"},
				"up": {"uv": [10, 3, 12, 5], "texture": "#particle"},
				"down": {"uv": [10, 3, 12, 5], "texture": "#particle"}
			}
		},
		{
			"name": "bullet_12",
			"from": [7.9, 3.45, 7.475],
			"to": [8, 3.775, 7.825],
			"rotation": {"angle": 0, "axis": "y", "origin": [8, 8.5, 7.3]},
			"faces": {
				"north": {"uv": [10, 3, 12, 5], "texture": "#particle"},
				"east": {"uv": [10, 3, 12, 5], "texture": "#particle"},
				"south": {"uv": [10, 3, 12, 5], "texture": "#particle"},
				"west": {"uv": [10, 3, 12, 5], "texture": "#particle"},
				"up": {"uv": [10, 3, 12, 5], "texture": "#particle"},
				"down": {"uv": [10, 3, 12, 5], "texture": "#particle"}
			}
		},
		{
			"name": "bullet_13",
			"from": [7.9, 2.95, 8.175],
			"to": [8, 3.275, 8.525],
			"rotation": {"angle": 0, "axis": "y", "origin": [8, 8, 8]},
			"faces": {
				"north": {"uv": [10, 3, 12, 5], "texture": "#particle"},
				"east": {"uv": [10, 3, 12, 5], "texture": "#particle"},
				"south": {"uv": [10, 3, 12, 5], "texture": "#particle"},
				"west": {"uv": [10, 3, 12, 5], "texture": "#particle"},
				"up": {"uv": [10, 3, 12, 5], "texture": "#particle"},
				"down": {"uv": [10, 3, 12, 5], "texture": "#particle"}
			}
		},
		{
			"name": "bullet_14",
			"from": [7.9, 2.45, 7.475],
			"to": [8, 2.775, 7.825],
			"rotation": {"angle": 0, "axis": "y", "origin": [8, 7.5, 7.3]},
			"faces": {
				"north": {"uv": [10, 3, 12, 5], "texture": "#particle"},
				"east": {"uv": [10, 3, 12, 5], "texture": "#particle"},
				"south": {"uv": [10, 3, 12, 5], "texture": "#particle"},
				"west": {"uv": [10, 3, 12, 5], "texture": "#particle"},
				"up": {"uv": [10, 3, 12, 5], "texture": "#particle"},
				"down": {"uv": [10, 3, 12, 5], "texture": "#particle"}
			}
		},
		{
			"name": "bullet_15",
			"from": [7.9, 1.95, 8.175],
			"to": [8, 2.275, 8.525],
			"rotation": {"angle": 0, "axis": "y", "origin": [8, 7, 8]},
			"faces": {
				"north": {"uv": [10, 3, 12, 5], "texture": "#particle"},
				"east": {"uv": [10, 3, 12, 5], "texture": "#particle"},
				"south": {"uv": [10, 3, 12, 5], "texture": "#particle"},
				"west": {"uv": [10, 3, 12, 5], "texture": "#particle"},
				"up": {"uv": [10, 3, 12, 5], "texture": "#particle"},
				"down": {"uv": [10, 3, 12, 5], "texture": "#particle"}
			}
		},
		{
			"name": "bullet_16",
			"from": [7.9, 1.45, 7.475],
			"to": [8, 1.775, 7.825],
			"rotation": {"angle": 0, "axis": "y", "origin": [8, 6.5, 7.3]},
			"faces": {
				"north": {"uv": [10, 3, 12, 5], "texture": "#particle"},
				"east": {"uv": [10, 3, 12, 5], "texture": "#particle"},
				"south": {"uv": [10, 3, 12, 5], "texture": "#particle"},
				"west": {"uv": [10, 3, 12, 5], "texture": "#particle"},
				"up": {"uv": [10, 3, 12, 5], "texture": "#particle"},
				"down": {"uv": [10, 3, 12, 5], "texture": "#particle"}
			}
		},
		{
			"name": "bullet_1",
			"from": [9.9, 8.95, 8.175],
			"to": [10, 9.275, 8.525],
			"rotation": {"angle": 0, "axis": "y", "origin": [7.9, 14, 8]},
			"faces": {
				"north": {"uv": [3, 2.5, 5, 4.5], "texture": "#particle"},
				"east": {"uv": [3, 2.5, 5, 4.5], "texture": "#particle"},
				"south": {"uv": [3, 2.5, 5, 4.5], "texture": "#particle"},
				"west": {"uv": [3, 2.5, 5, 4.5], "texture": "#particle"},
				"up": {"uv": [3, 2.5, 5, 4.5], "texture": "#particle"},
				"down": {"uv": [3, 2.5, 5, 4.5], "texture": "#particle"}
			}
		},
		{
			"name": "bullet_2",
			"from": [9.9, 8.55, 7.475],
			"to": [10, 8.875, 7.825],
			"rotation": {"angle": 0, "axis": "y", "origin": [7.9, 13.6, 7.3]},
			"faces": {
				"north": {"uv": [3, 2.5, 5.5, 4.5], "texture": "#particle"},
				"east": {"uv": [3, 2.5, 5.5, 4.5], "texture": "#particle"},
				"south": {"uv": [3, 2.5, 5.5, 4.5], "texture": "#particle"},
				"west": {"uv": [3, 2.5, 5.5, 4.5], "texture": "#particle"},
				"up": {"uv": [3, 2.5, 5.5, 4.5], "texture": "#particle"},
				"down": {"uv": [3, 2.5, 5.5, 4.5], "texture": "#particle"}
			}
		},
		{
			"name": "bullet_3",
			"from": [9.9, 8.05, 8.175],
			"to": [10, 8.375, 8.525],
			"rotation": {"angle": 0, "axis": "y", "origin": [7.9, 13.1, 8]},
			"faces": {
				"north": {"uv": [3, 2.5, 5, 4.5], "texture": "#particle"},
				"east": {"uv": [3, 2.5, 5, 4.5], "texture": "#particle"},
				"south": {"uv": [3, 2.5, 5, 4.5], "texture": "#particle"},
				"west": {"uv": [3, 2.5, 5, 4.5], "texture": "#particle"},
				"up": {"uv": [3, 2.5, 5, 4.5], "texture": "#particle"},
				"down": {"uv": [3, 2.5, 5, 4.5], "texture": "#particle"}
			}
		},
		{
			"name": "bullet_4",
			"from": [9.9, 7.55, 7.475],
			"to": [10, 7.875, 7.825],
			"rotation": {"angle": 0, "axis": "y", "origin": [7.9, 12.6, 7.3]},
			"faces": {
				"north": {"uv": [3, 2.5, 5.5, 4.5], "texture": "#particle"},
				"east": {"uv": [3, 2.5, 5.5, 4.5], "texture": "#particle"},
				"south": {"uv": [3, 2.5, 5.5, 4.5], "texture": "#particle"},
				"west": {"uv": [3, 2.5, 5.5, 4.5], "texture": "#particle"},
				"up": {"uv": [3, 2.5, 5.5, 4.5], "texture": "#particle"},
				"down": {"uv": [3, 2.5, 5.5, 4.5], "texture": "#particle"}
			}
		},
		{
			"name": "bullet_5",
			"from": [9.9, 7.05, 8.175],
			"to": [10, 7.375, 8.525],
			"rotation": {"angle": 0, "axis": "y", "origin": [7.9, 12.1, 8]},
			"faces": {
				"north": {"uv": [3, 2.5, 5, 4.5], "texture": "#particle"},
				"east": {"uv": [3, 2.5, 5, 4.5], "texture": "#particle"},
				"south": {"uv": [3, 2.5, 5, 4.5], "texture": "#particle"},
				"west": {"uv": [3, 2.5, 5, 4.5], "texture": "#particle"},
				"up": {"uv": [3, 2.5, 5, 4.5], "texture": "#particle"},
				"down": {"uv": [3, 2.5, 5, 4.5], "texture": "#particle"}
			}
		},
		{
			"name": "bullet_6",
			"from": [9.9, 6.55, 7.475],
			"to": [10, 6.875, 7.825],
			"rotation": {"angle": 0, "axis": "y", "origin": [7.9, 11.6, 7.3]},
			"faces": {
				"north": {"uv": [3, 2.5, 5.5, 4.5], "texture": "#particle"},
				"east": {"uv": [3, 2.5, 5.5, 4.5], "texture": "#particle"},
				"south": {"uv": [3, 2.5, 5.5, 4.5], "texture": "#particle"},
				"west": {"uv": [3, 2.5, 5.5, 4.5], "texture": "#particle"},
				"up": {"uv": [3, 2.5, 5.5, 4.5], "texture": "#particle"},
				"down": {"uv": [3, 2.5, 5.5, 4.5], "texture": "#particle"}
			}
		},
		{
			"name": "bullet_7",
			"from": [9.9, 5.95, 8.175],
			"to": [10, 6.275, 8.525],
			"rotation": {"angle": 0, "axis": "y", "origin": [7.9, 11, 8]},
			"faces": {
				"north": {"uv": [3, 3, 5, 5], "texture": "#particle"},
				"east": {"uv": [3, 3, 5, 5], "texture": "#particle"},
				"south": {"uv": [3, 3, 5, 5], "texture": "#particle"},
				"west": {"uv": [3, 3, 5, 5], "texture": "#particle"},
				"up": {"uv": [3, 3, 5, 5], "texture": "#particle"},
				"down": {"uv": [3, 3, 5, 5], "texture": "#particle"}
			}
		},
		{
			"name": "bullet_8",
			"from": [9.9, 5.45, 7.475],
			"to": [10, 5.775, 7.825],
			"rotation": {"angle": 0, "axis": "y", "origin": [7.9, 10.5, 7.3]},
			"faces": {
				"north": {"uv": [3, 2.5, 5.5, 4.5], "texture": "#particle"},
				"east": {"uv": [3, 2.5, 5.5, 4.5], "texture": "#particle"},
				"south": {"uv": [3, 2.5, 5.5, 4.5], "texture": "#particle"},
				"west": {"uv": [3, 2.5, 5.5, 4.5], "texture": "#particle"},
				"up": {"uv": [3, 2.5, 5.5, 4.5], "texture": "#particle"},
				"down": {"uv": [3, 2.5, 5.5, 4.5], "texture": "#particle"}
			}
		},
		{
			"name": "bullet_9",
			"from": [9.9, 4.95, 8.175],
			"to": [10, 5.275, 8.525],
			"rotation": {"angle": 0, "axis": "y", "origin": [7.9, 10, 8]},
			"faces": {
				"north": {"uv": [3, 2.5, 5, 4.5], "texture": "#particle"},
				"east": {"uv": [3, 2.5, 5, 4.5], "texture": "#particle"},
				"south": {"uv": [3, 2.5, 5, 4.5], "texture": "#particle"},
				"west": {"uv": [3, 2.5, 5, 4.5], "texture": "#particle"},
				"up": {"uv": [3, 2.5, 5, 4.5], "texture": "#particle"},
				"down": {"uv": [3, 2.5, 5, 4.5], "texture": "#particle"}
			}
		},
		{
			"name": "bullet_10",
			"from": [9.9, 4.45, 7.475],
			"to": [10, 4.775, 7.825],
			"rotation": {"angle": 0, "axis": "y", "origin": [7.9, 9.5, 7.3]},
			"faces": {
				"north": {"uv": [3, 2.5, 5.5, 4.5], "texture": "#particle"},
				"east": {"uv": [3, 2.5, 5.5, 4.5], "texture": "#particle"},
				"south": {"uv": [3, 2.5, 5.5, 4.5], "texture": "#particle"},
				"west": {"uv": [3, 2.5, 5.5, 4.5], "texture": "#particle"},
				"up": {"uv": [3, 2.5, 5.5, 4.5], "texture": "#particle"},
				"down": {"uv": [3, 2.5, 5.5, 4.5], "texture": "#particle"}
			}
		},
		{
			"name": "bullet_11",
			"from": [9.9, 3.95, 8.175],
			"to": [10, 4.275, 8.525],
			"rotation": {"angle": 0, "axis": "y", "origin": [7.9, 9, 8]},
			"faces": {
				"north": {"uv": [3, 2.5, 5, 4.5], "texture": "#particle"},
				"east": {"uv": [3, 2.5, 5, 4.5], "texture": "#particle"},
				"south": {"uv": [3, 2.5, 5, 4.5], "texture": "#particle"},
				"west": {"uv": [3, 2.5, 5, 4.5], "texture": "#particle"},
				"up": {"uv": [3, 2.5, 5, 4.5], "texture": "#particle"},
				"down": {"uv": [3, 2.5, 5, 4.5], "texture": "#particle"}
			}
		},
		{
			"name": "bullet_12",
			"from": [9.9, 3.45, 7.475],
			"to": [10, 3.775, 7.825],
			"rotation": {"angle": 0, "axis": "y", "origin": [7.9, 8.5, 7.3]},
			"faces": {
				"north": {"uv": [3, 2.5, 5.5, 4.5], "texture": "#particle"},
				"east": {"uv": [3, 2.5, 5.5, 4.5], "texture": "#particle"},
				"south": {"uv": [3, 2.5, 5.5, 4.5], "texture": "#particle"},
				"west": {"uv": [3, 2.5, 5.5, 4.5], "texture": "#particle"},
				"up": {"uv": [3, 2.5, 5.5, 4.5], "texture": "#particle"},
				"down": {"uv": [3, 2.5, 5.5, 4.5], "texture": "#particle"}
			}
		},
		{
			"name": "bullet_13",
			"from": [9.9, 2.95, 8.175],
			"to": [10, 3.275, 8.525],
			"rotation": {"angle": 0, "axis": "y", "origin": [7.9, 8, 8]},
			"faces": {
				"north": {"uv": [3, 2.5, 5, 4.5], "texture": "#particle"},
				"east": {"uv": [3, 2.5, 5, 4.5], "texture": "#particle"},
				"south": {"uv": [3, 2.5, 5, 4.5], "texture": "#particle"},
				"west": {"uv": [3, 2.5, 5, 4.5], "texture": "#particle"},
				"up": {"uv": [3, 2.5, 5, 4.5], "texture": "#particle"},
				"down": {"uv": [3, 2.5, 5, 4.5], "texture": "#particle"}
			}
		},
		{
			"name": "bullet_14",
			"from": [9.9, 2.45, 7.475],
			"to": [10, 2.775, 7.825],
			"rotation": {"angle": 0, "axis": "y", "origin": [7.9, 7.5, 7.3]},
			"faces": {
				"north": {"uv": [3, 2.5, 5.5, 4.5], "texture": "#particle"},
				"east": {"uv": [3, 2.5, 5.5, 4.5], "texture": "#particle"},
				"south": {"uv": [3, 2.5, 5.5, 4.5], "texture": "#particle"},
				"west": {"uv": [3, 2.5, 5.5, 4.5], "texture": "#particle"},
				"up": {"uv": [3, 2.5, 5.5, 4.5], "texture": "#particle"},
				"down": {"uv": [3, 2.5, 5.5, 4.5], "texture": "#particle"}
			}
		},
		{
			"name": "bullet_15",
			"from": [9.9, 1.95, 8.175],
			"to": [10, 2.275, 8.525],
			"rotation": {"angle": 0, "axis": "y", "origin": [7.9, 7, 8]},
			"faces": {
				"north": {"uv": [3, 2.5, 5, 4.5], "texture": "#particle"},
				"east": {"uv": [3, 2.5, 5, 4.5], "texture": "#particle"},
				"south": {"uv": [3, 2.5, 5, 4.5], "texture": "#particle"},
				"west": {"uv": [3, 2.5, 5, 4.5], "texture": "#particle"},
				"up": {"uv": [3, 2.5, 5, 4.5], "texture": "#particle"},
				"down": {"uv": [3, 2.5, 5, 4.5], "texture": "#particle"}
			}
		},
		{
			"name": "bullet_16",
			"from": [9.9, 1.45, 7.475],
			"to": [10, 1.775, 7.825],
			"rotation": {"angle": 0, "axis": "y", "origin": [7.9, 6.5, 7.3]},
			"faces": {
				"north": {"uv": [3, 2.5, 5.5, 4.5], "texture": "#particle"},
				"east": {"uv": [3, 2.5, 5.5, 4.5], "texture": "#particle"},
				"south": {"uv": [3, 2.5, 5.5, 4.5], "texture": "#particle"},
				"west": {"uv": [3, 2.5, 5.5, 4.5], "texture": "#particle"},
				"up": {"uv": [3, 2.5, 5.5, 4.5], "texture": "#particle"},
				"down": {"uv": [3, 2.5, 5.5, 4.5], "texture": "#particle"}
			}
		},
		{
			"name": "Element",
			"from": [7.5, 8.5, 7.875],
			"to": [10.5, 8.625, 8.125],
			"rotation": {"angle": 0, "axis": "y", "origin": [8, 14.5, 8]},
			"faces": {
				"north": {"uv": [11.75, 2.125, 14.25, 4.125], "texture": "#texture"},
				"east": {"uv": [12.875, 1.25, 14.375, 2.75], "texture": "#texture"},
				"south": {"uv": [11.375, 1.125, 14.375, 3.125], "texture": "#texture"},
				"west": {"uv": [11.875, 2.625, 13.875, 4.125], "texture": "#texture"},
				"up": {"uv": [12.375, 0.75, 14.375, 2.75], "texture": "#texture"},
				"down": {"uv": [12.5, 0.625, 14.5, 3.125], "texture": "#texture"}
			}
		},
		{
			"name": "Element",
			"from": [7.5, 8.25, 7.875],
			"to": [10.5, 8.375, 8.125],
			"rotation": {"angle": 0, "axis": "y", "origin": [8, 14.5, 8]},
			"faces": {
				"north": {"uv": [11.75, 2.125, 14.25, 4.125], "texture": "#texture"},
				"east": {"uv": [12.875, 1.25, 14.375, 2.75], "texture": "#texture"},
				"south": {"uv": [11.375, 1.125, 14.375, 3.125], "texture": "#texture"},
				"west": {"uv": [11.875, 2.625, 13.875, 4.125], "texture": "#texture"},
				"up": {"uv": [12.375, 0.75, 14.375, 2.75], "texture": "#texture"},
				"down": {"uv": [12.5, 0.625, 14.5, 3.125], "texture": "#texture"}
			}
		},
		{
			"name": "Element",
			"from": [8.5, 1.35, 7.975],
			"to": [9.7, 9.175, 8.025],
			"rotation": {"angle": 0, "axis": "y", "origin": [8, 14.5, 8]},
			"faces": {
				"north": {"uv": [11.75, 2.125, 14.25, 4.125], "texture": "#texture"},
				"east": {"uv": [12.875, 1.25, 14.375, 2.75], "texture": "#texture"},
				"south": {"uv": [11.375, 1.125, 14.375, 3.125], "texture": "#texture"},
				"west": {"uv": [11.875, 2.625, 13.875, 4.125], "texture": "#texture"},
				"up": {"uv": [12.375, 0.75, 14.375, 2.75], "texture": "#texture"},
				"down": {"uv": [12.5, 0.625, 14.5, 3.125], "texture": "#texture"}
			}
		},
		{
			"name": "Element",
			"from": [7.5, 6.625, 7.875],
			"to": [10.5, 6.75, 8.125],
			"rotation": {"angle": 0, "axis": "y", "origin": [8, 14, 8]},
			"faces": {
				"north": {"uv": [11.75, 2.125, 14.25, 4.125], "texture": "#texture"},
				"east": {"uv": [12.875, 1.25, 14.375, 2.75], "texture": "#texture"},
				"south": {"uv": [11.375, 1.125, 14.375, 3.125], "texture": "#texture"},
				"west": {"uv": [11.875, 2.625, 13.875, 4.125], "texture": "#texture"},
				"up": {"uv": [12.375, 0.75, 14.375, 2.75], "texture": "#texture"},
				"down": {"uv": [12.5, 0.625, 14.5, 3.125], "texture": "#texture"}
			}
		},
		{
			"name": "Element",
			"from": [7.5, 6.375, 7.875],
			"to": [10.5, 6.5, 8.125],
			"rotation": {"angle": 0, "axis": "y", "origin": [8, 14, 8]},
			"faces": {
				"north": {"uv": [11.75, 2.125, 14.25, 4.125], "texture": "#texture"},
				"east": {"uv": [12.875, 1.25, 14.375, 2.75], "texture": "#texture"},
				"south": {"uv": [11.375, 1.125, 14.375, 3.125], "texture": "#texture"},
				"west": {"uv": [11.875, 2.625, 13.875, 4.125], "texture": "#texture"},
				"up": {"uv": [12.375, 0.75, 14.375, 2.75], "texture": "#texture"},
				"down": {"uv": [12.5, 0.625, 14.5, 3.125], "texture": "#texture"}
			}
		},
		{
			"name": "Element",
			"from": [7.5, 6.125, 7.875],
			"to": [10.5, 6.25, 8.125],
			"rotation": {"angle": 0, "axis": "y", "origin": [8, 14, 8]},
			"faces": {
				"north": {"uv": [11.75, 2.125, 14.25, 4.125], "texture": "#texture"},
				"east": {"uv": [12.875, 1.25, 14.375, 2.75], "texture": "#texture"},
				"south": {"uv": [11.375, 1.125, 14.375, 3.125], "texture": "#texture"},
				"west": {"uv": [11.875, 2.625, 13.875, 4.125], "texture": "#texture"},
				"up": {"uv": [12.375, 0.75, 14.375, 2.75], "texture": "#texture"},
				"down": {"uv": [12.5, 0.625, 14.5, 3.125], "texture": "#texture"}
			}
		},
		{
			"name": "Element",
			"from": [7.5, 4.625, 7.875],
			"to": [10.5, 4.75, 8.125],
			"rotation": {"angle": 0, "axis": "y", "origin": [8, 14, 8]},
			"faces": {
				"north": {"uv": [11.75, 2.125, 14.25, 4.125], "texture": "#texture"},
				"east": {"uv": [12.875, 1.25, 14.375, 2.75], "texture": "#texture"},
				"south": {"uv": [11.375, 1.125, 14.375, 3.125], "texture": "#texture"},
				"west": {"uv": [11.875, 2.625, 13.875, 4.125], "texture": "#texture"},
				"up": {"uv": [12.375, 0.75, 14.375, 2.75], "texture": "#texture"},
				"down": {"uv": [12.5, 0.625, 14.5, 3.125], "texture": "#texture"}
			}
		},
		{
			"name": "Element",
			"from": [7.5, 4.375, 7.875],
			"to": [10.5, 4.5, 8.125],
			"rotation": {"angle": 0, "axis": "y", "origin": [8, 14, 8]},
			"faces": {
				"north": {"uv": [11.75, 2.125, 14.25, 4.125], "texture": "#texture"},
				"east": {"uv": [12.875, 1.25, 14.375, 2.75], "texture": "#texture"},
				"south": {"uv": [11.375, 1.125, 14.375, 3.125], "texture": "#texture"},
				"west": {"uv": [11.875, 2.625, 13.875, 4.125], "texture": "#texture"},
				"up": {"uv": [12.375, 0.75, 14.375, 2.75], "texture": "#texture"},
				"down": {"uv": [12.5, 0.625, 14.5, 3.125], "texture": "#texture"}
			}
		},
		{
			"name": "Element",
			"from": [7.5, 4.125, 7.875],
			"to": [10.5, 4.25, 8.125],
			"rotation": {"angle": 0, "axis": "y", "origin": [8, 14, 8]},
			"faces": {
				"north": {"uv": [11.75, 2.125, 14.25, 4.125], "texture": "#texture"},
				"east": {"uv": [12.875, 1.25, 14.375, 2.75], "texture": "#texture"},
				"south": {"uv": [11.375, 1.125, 14.375, 3.125], "texture": "#texture"},
				"west": {"uv": [11.875, 2.625, 13.875, 4.125], "texture": "#texture"},
				"up": {"uv": [12.375, 0.75, 14.375, 2.75], "texture": "#texture"},
				"down": {"uv": [12.5, 0.625, 14.5, 3.125], "texture": "#texture"}
			}
		},
		{
			"name": "Element",
			"from": [7.5, 2.625, 7.875],
			"to": [10.5, 2.75, 8.125],
			"rotation": {"angle": 0, "axis": "y", "origin": [8, 14, 8]},
			"faces": {
				"north": {"uv": [11.75, 2.125, 14.25, 4.125], "texture": "#texture"},
				"east": {"uv": [12.875, 1.25, 14.375, 2.75], "texture": "#texture"},
				"south": {"uv": [11.375, 1.125, 14.375, 3.125], "texture": "#texture"},
				"west": {"uv": [11.875, 2.625, 13.875, 4.125], "texture": "#texture"},
				"up": {"uv": [12.375, 0.75, 14.375, 2.75], "texture": "#texture"},
				"down": {"uv": [12.5, 0.625, 14.5, 3.125], "texture": "#texture"}
			}
		},
		{
			"name": "Element",
			"from": [7.5, 2.375, 7.875],
			"to": [10.5, 2.5, 8.125],
			"rotation": {"angle": 0, "axis": "y", "origin": [8, 14, 8]},
			"faces": {
				"north": {"uv": [11.75, 2.125, 14.25, 4.125], "texture": "#texture"},
				"east": {"uv": [12.875, 1.25, 14.375, 2.75], "texture": "#texture"},
				"south": {"uv": [11.375, 1.125, 14.375, 3.125], "texture": "#texture"},
				"west": {"uv": [11.875, 2.625, 13.875, 4.125], "texture": "#texture"},
				"up": {"uv": [12.375, 0.75, 14.375, 2.75], "texture": "#texture"},
				"down": {"uv": [12.5, 0.625, 14.5, 3.125], "texture": "#texture"}
			}
		},
		{
			"name": "Element",
			"from": [7.5, 2.125, 7.875],
			"to": [10.5, 2.25, 8.125],
			"rotation": {"angle": 0, "axis": "y", "origin": [8, 14, 8]},
			"faces": {
				"north": {"uv": [11.75, 2.125, 14.25, 4.125], "texture": "#texture"},
				"east": {"uv": [12.875, 1.25, 14.375, 2.75], "texture": "#texture"},
				"south": {"uv": [11.375, 1.125, 14.375, 3.125], "texture": "#texture"},
				"west": {"uv": [11.875, 2.625, 13.875, 4.125], "texture": "#texture"},
				"up": {"uv": [12.375, 0.75, 14.375, 2.75], "texture": "#texture"},
				"down": {"uv": [12.5, 0.625, 14.5, 3.125], "texture": "#texture"}
			}
		}
	],
	"display": {
		"thirdperson_righthand": {
			"rotation": [0, -90, -10],
			"translation": [0, 1.805, 0],
			"scale": [0.5, 0.5, 0.5]
		},
		"thirdperson_lefthand": {
			"rotation": [0, -90, -10],
			"translation": [0, 1.805, 0],
			"scale": [-0.5, 0.5, 0.5]
		},
		"firstperson_righthand": {
			"rotation": [-5, 35, 0],
			"translation": [3.25, 2, -3.5]
		},
		"firstperson_lefthand": {
			"rotation": [-5, 35, 0],
			"translation": [3.25, 2, -3.5],
			"scale": [-1, 1, 1]
		},
		"ground": {
			"rotation": [-90, 0, 0],
			"translation": [-0.25, 0, -1],
			"scale": [0.4, 0.4, 0.4]
		},
		"gui": {
			"rotation": [30, 45, 0],
			"translation": [-1, 3.25, 0],
			"scale": [1.5, 1.5, 1.5]
		},
		"head": {
			"translation": [-6.25, -23.25, 3.75],
			"scale": [0.75, 0.75, 0.75]
		},
		"fixed": {
			"rotation": [0, 180, 0],
			"translation": [0.5, 2.5, -0.75],
			"scale": [0.6, 0.6, 0.6]
		}
	}
}