{
	"credit": "Made by MadstonMagic, using Cubik Pro & Blockbench",
	"textures": {
		"texture": "guns/m1a/m1a",
		"particle": "ammunition/7.62x51mm"
	},
	"elements": [
		{
			"name": "Element",
			"from": [8.25, 6, 7.5],
			"to": [10.75, 8.25, 7.55],
			"rotation": {"angle": 0, "axis": "y", "origin": [9.50152, 7.12763, 7.99586]},
			"faces": {
				"north": {"uv": [12, 1.5, 15, 3], "texture": "#texture"},
				"east": {"uv": [12, 1.25, 14.5, 3.75], "texture": "#texture"},
				"south": {"uv": [13.25, 1.5, 15.25, 4], "texture": "#texture"},
				"west": {"uv": [12.25, 1, 14.75, 3], "texture": "#texture"},
				"up": {"uv": [12, 1.25, 14.5, 3.75], "texture": "#texture"},
				"down": {"uv": [12, 1, 14.5, 3.5], "texture": "#texture"}
			}
		},
		{
			"name": "Element",
			"from": [8.25, 6, 8.45],
			"to": [10.75, 8.25, 8.5],
			"rotation": {"angle": 0, "axis": "y", "origin": [9.50235, 7.1268, 8.47086]},
			"faces": {
				"north": {"uv": [12, 1.5, 15, 3], "texture": "#texture"},
				"east": {"uv": [12, 1.25, 14.5, 3.75], "texture": "#texture"},
				"south": {"uv": [13.25, 1.5, 15.25, 4], "texture": "#texture"},
				"west": {"uv": [12.25, 1, 14.75, 3], "texture": "#texture"},
				"up": {"uv": [12, 1.25, 14.5, 3.75], "texture": "#texture"},
				"down": {"uv": [12, 1, 14.5, 3.5], "texture": "#texture"}
			}
		},
		{
			"name": "Element",
			"from": [8.3, 6.75, 7.925],
			"to": [10.7, 8.025, 8.025],
			"rotation": {"angle": 0, "axis": "y", "origin": [9.50235, 7.1268, 8.47086]},
			"faces": {
				"north": {"uv": [12, 1.5, 15, 3], "texture": "#texture"},
				"east": {"uv": [12, 1.25, 14.5, 3.75], "texture": "#texture"},
				"south": {"uv": [13.25, 1.5, 15.25, 4], "texture": "#texture"},
				"west": {"uv": [12.25, 1, 14.75, 3], "texture": "#texture"},
				"up": {"uv": [12, 1.25, 14.5, 3.75], "texture": "#texture"},
				"down": {"uv": [12, 1, 14.5, 3.5], "texture": "#texture"}
			}
		},
		{
			"name": "Element",
			"from": [8.25, 6, 7.55],
			"to": [8.3, 8.25, 8.45],
			"rotation": {"angle": 0, "axis": "y", "origin": [8.27653, 7.12548, 7.99799]},
			"faces": {
				"north": {"uv": [12, 1.5, 15, 3], "texture": "#texture"},
				"east": {"uv": [12, 1.25, 14.5, 3.75], "texture": "#texture"},
				"south": {"uv": [13.25, 1.5, 15.25, 4], "texture": "#texture"},
				"west": {"uv": [12.25, 1, 14.75, 3], "texture": "#texture"},
				"up": {"uv": [12, 1.25, 14.5, 3.75], "texture": "#texture"},
				"down": {"uv": [12, 1, 14.5, 3.5], "texture": "#texture"}
			}
		},
		{
			"name": "Element",
			"from": [10.7, 6, 7.55],
			"to": [10.75, 8.25, 8.45],
			"rotation": {"angle": 0, "axis": "y", "origin": [10.72652, 7.12977, 7.99372]},
			"faces": {
				"north": {"uv": [12, 1.5, 15, 3], "texture": "#texture"},
				"east": {"uv": [12, 1.25, 14.5, 3.75], "texture": "#texture"},
				"south": {"uv": [13.25, 1.5, 15.25, 4], "texture": "#texture"},
				"west": {"uv": [12.25, 1, 14.75, 3], "texture": "#texture"},
				"up": {"uv": [12, 1.25, 14.5, 3.75], "texture": "#texture"},
				"down": {"uv": [12, 1, 14.5, 3.5], "texture": "#texture"}
			}
		},
		{
			"name": "Element",
			"from": [8.3, 6, 7.55],
			"to": [10.7, 6.75, 8.45],
			"rotation": {"angle": 0, "axis": "y", "origin": [10.72652, 7.12977, 7.99372]},
			"faces": {
				"north": {"uv": [12, 1.5, 15, 3], "texture": "#texture"},
				"east": {"uv": [12, 1.25, 14.5, 3.75], "texture": "#texture"},
				"south": {"uv": [13.25, 1.5, 15.25, 4], "texture": "#texture"},
				"west": {"uv": [12.25, 1, 14.75, 3], "texture": "#texture"},
				"up": {"uv": [12, 1.25, 14.5, 3.75], "texture": "#texture"},
				"down": {"uv": [12, 1, 14.5, 3.5], "texture": "#texture"}
			}
		},
		{
			"name": "Element",
			"from": [8.5625, 5.9375, 7.5],
			"to": [10.9375, 6.6875, 8.5],
			"rotation": {"angle": -22.5, "axis": "z", "origin": [8.5625, 6.6875, 7.5]},
			"faces": {
				"north": {"uv": [12, 1.5, 15, 3], "texture": "#texture"},
				"east": {"uv": [12, 1.25, 14.5, 3.75], "texture": "#texture"},
				"south": {"uv": [13.25, 1.5, 15.25, 4], "texture": "#texture"},
				"west": {"uv": [12.25, 1, 14.75, 3], "texture": "#texture"},
				"up": {"uv": [12, 1.25, 14.5, 3.75], "texture": "#texture"},
				"down": {"uv": [12, 1, 14.5, 3.5], "texture": "#texture"}
			}
		},
		{
			"name": "Element",
			"from": [10, 5.5, 7.5],
			"to": [10.75, 6, 8.5],
			"faces": {
				"north": {"uv": [12, 1.5, 15, 3], "texture": "#texture"},
				"east": {"uv": [12, 1.25, 14.5, 3.75], "texture": "#texture"},
				"south": {"uv": [13.25, 1.5, 15.25, 4], "texture": "#texture"},
				"west": {"uv": [12.25, 1, 14.75, 3], "texture": "#texture"},
				"up": {"uv": [12, 1.25, 14.5, 3.75], "texture": "#texture"},
				"down": {"uv": [12, 1, 14.5, 3.5], "texture": "#texture"}
			}
		},
		{
			"name": "Element",
			"from": [10.5, 5.25, 7.5],
			"to": [10.75, 5.5, 8.5],
			"faces": {
				"north": {"uv": [12, 1.5, 15, 3], "texture": "#texture"},
				"east": {"uv": [12, 1.25, 14.5, 3.75], "texture": "#texture"},
				"south": {"uv": [13.25, 1.5, 15.25, 4], "texture": "#texture"},
				"west": {"uv": [12.25, 1, 14.75, 3], "texture": "#texture"},
				"up": {"uv": [12, 1.25, 14.5, 3.75], "texture": "#texture"},
				"down": {"uv": [12, 1, 14.5, 3.5], "texture": "#texture"}
			}
		},
		{
			"name": "Element",
			"from": [10.2825, 5.185, 7.5],
			"to": [10.7875, 5.435, 8.5],
			"rotation": {"angle": -22.5, "axis": "z", "origin": [10.2825, 5.435, 7.5]},
			"faces": {
				"north": {"uv": [12, 1.5, 15, 3], "texture": "#texture"},
				"east": {"uv": [12, 1.25, 14.5, 3.75], "texture": "#texture"},
				"south": {"uv": [13.25, 1.5, 15.25, 4], "texture": "#texture"},
				"west": {"uv": [12.25, 1, 14.75, 3], "texture": "#texture"},
				"up": {"uv": [12, 1.25, 14.5, 3.75], "texture": "#texture"},
				"down": {"uv": [12, 1, 14.5, 3.5], "texture": "#texture"}
			}
		},
		{
			"name": "Element",
			"from": [8.24, 7, 7.875],
			"to": [8.29, 7.25, 8.125],
			"rotation": {"angle": 0, "axis": "y", "origin": [8.36653, 7.12564, 7.99783]},
			"faces": {
				"north": {"uv": [6.5, 2.5, 9.5, 4], "texture": "#texture"},
				"east": {"uv": [7, 1.25, 9.5, 3.75], "texture": "#texture"},
				"south": {"uv": [7, 1.75, 9, 4.25], "texture": "#texture"},
				"west": {"uv": [7, 1.75, 9.5, 3.75], "texture": "#texture"},
				"up": {"uv": [7, 1.75, 9.5, 4.25], "texture": "#texture"},
				"down": {"uv": [7.5, 1.25, 10, 3.75], "texture": "#texture"}
			}
		},
		{
			"name": "Element",
			"from": [8.24, 6.25, 7.875],
			"to": [8.49, 6.5, 8.125],
			"faces": {
				"north": {"uv": [6.5, 2.5, 9.5, 4], "texture": "#texture"},
				"east": {"uv": [7, 1.25, 9.5, 3.75], "texture": "#texture"},
				"south": {"uv": [7, 1.75, 9, 4.25], "texture": "#texture"},
				"west": {"uv": [7, 1.75, 9.5, 3.75], "texture": "#texture"},
				"up": {"uv": [7, 1.75, 9.5, 4.25], "texture": "#texture"},
				"down": {"uv": [7.5, 1.25, 10, 3.75], "texture": "#texture"}
			}
		},
		{
			"name": "Element",
			"from": [10.51, 5.5, 7.875],
			"to": [10.76, 5.75, 8.125],
			"faces": {
				"north": {"uv": [6.5, 2.5, 9.5, 4], "texture": "#texture"},
				"east": {"uv": [7, 1.25, 9.5, 3.75], "texture": "#texture"},
				"south": {"uv": [7, 1.75, 9, 4.25], "texture": "#texture"},
				"west": {"uv": [7, 1.75, 9.5, 3.75], "texture": "#texture"},
				"up": {"uv": [7, 1.75, 9.5, 4.25], "texture": "#texture"},
				"down": {"uv": [7.5, 1.25, 10, 3.75], "texture": "#texture"}
			}
		},
		{
			"name": "Element",
			"from": [10.51, 6.25, 7.875],
			"to": [10.76, 6.5, 8.125],
			"faces": {
				"north": {"uv": [6.5, 2.5, 9.5, 4], "texture": "#texture"},
				"east": {"uv": [7, 1.25, 9.5, 3.75], "texture": "#texture"},
				"south": {"uv": [7, 1.75, 9, 4.25], "texture": "#texture"},
				"west": {"uv": [7, 1.75, 9.5, 3.75], "texture": "#texture"},
				"up": {"uv": [7, 1.75, 9.5, 4.25], "texture": "#texture"},
				"down": {"uv": [7.5, 1.25, 10, 3.75], "texture": "#texture"}
			}
		},
		{
			"name": "Element",
			"from": [8.5, 5.75, 7.5],
			"to": [8.75, 6, 8.5],
			"faces": {
				"north": {"uv": [6.5, 2.5, 9.5, 4], "texture": "#texture"},
				"east": {"uv": [7, 1.25, 9.5, 3.75], "texture": "#texture"},
				"south": {"uv": [7, 1.75, 9, 4.25], "texture": "#texture"},
				"west": {"uv": [7, 1.75, 9.5, 3.75], "texture": "#texture"},
				"up": {"uv": [7, 1.75, 9.5, 4.25], "texture": "#texture"},
				"down": {"uv": [7.5, 1.25, 10, 3.75], "texture": "#texture"}
			}
		},
		{
			"name": "Element",
			"from": [10.25, 5, 7.5],
			"to": [10.5, 5.25, 8.5],
			"faces": {
				"north": {"uv": [6.5, 2.5, 9.5, 4], "texture": "#texture"},
				"east": {"uv": [7, 1.25, 9.5, 3.75], "texture": "#texture"},
				"south": {"uv": [7, 1.75, 9, 4.25], "texture": "#texture"},
				"west": {"uv": [7, 1.75, 9.5, 3.75], "texture": "#texture"},
				"up": {"uv": [7, 1.75, 9.5, 4.25], "texture": "#texture"},
				"down": {"uv": [7.5, 1.25, 10, 3.75], "texture": "#texture"}
			}
		},
		{
			"name": "Element",
			"from": [10.25, 5.25, 7.25],
			"to": [10.5, 8.25, 7.5],
			"rotation": {"angle": 0, "axis": "y", "origin": [10.37805, 6.25416, 7.9928]},
			"faces": {
				"north": {"uv": [6.5, 2.5, 9.5, 4], "texture": "#texture"},
				"east": {"uv": [7, 1.25, 9.5, 3.75], "texture": "#texture"},
				"south": {"uv": [7, 1.75, 9, 4.25], "texture": "#texture"},
				"west": {"uv": [7, 1.75, 9.5, 3.75], "texture": "#texture"},
				"up": {"uv": [7, 1.75, 9.5, 4.25], "texture": "#texture"},
				"down": {"uv": [7.5, 1.25, 10, 3.75], "texture": "#texture"}
			}
		},
		{
			"name": "Element",
			"from": [10.25, 5.25, 8.5],
			"to": [10.5, 8.25, 8.75],
			"rotation": {"angle": 0, "axis": "y", "origin": [10.37805, 6.25416, 9.2428]},
			"faces": {
				"north": {"uv": [6.5, 2.5, 9.5, 4], "texture": "#texture"},
				"east": {"uv": [7, 1.25, 9.5, 3.75], "texture": "#texture"},
				"south": {"uv": [7, 1.75, 9, 4.25], "texture": "#texture"},
				"west": {"uv": [7, 1.75, 9.5, 3.75], "texture": "#texture"},
				"up": {"uv": [7, 1.75, 9.5, 4.25], "texture": "#texture"},
				"down": {"uv": [7.5, 1.25, 10, 3.75], "texture": "#texture"}
			}
		},
		{
			"name": "Element",
			"from": [8.5, 6, 7.25],
			"to": [8.75, 8.25, 7.5],
			"rotation": {"angle": 0, "axis": "y", "origin": [8.62674, 7.0011, 7.99716]},
			"faces": {
				"north": {"uv": [6.5, 2.5, 9.5, 4], "texture": "#texture"},
				"east": {"uv": [7, 1.25, 9.5, 3.75], "texture": "#texture"},
				"south": {"uv": [7, 1.75, 9, 4.25], "texture": "#texture"},
				"west": {"uv": [7, 1.75, 9.5, 3.75], "texture": "#texture"},
				"up": {"uv": [7, 1.75, 9.5, 4.25], "texture": "#texture"},
				"down": {"uv": [7.5, 1.25, 10, 3.75], "texture": "#texture"}
			}
		},
		{
			"name": "Element",
			"from": [8.5, 6, 8.5],
			"to": [8.75, 8.25, 8.75],
			"rotation": {"angle": 0, "axis": "y", "origin": [8.62674, 7.0011, 9.24716]},
			"faces": {
				"north": {"uv": [6.5, 2.5, 9.5, 4], "texture": "#texture"},
				"east": {"uv": [7, 1.25, 9.5, 3.75], "texture": "#texture"},
				"south": {"uv": [7, 1.75, 9, 4.25], "texture": "#texture"},
				"west": {"uv": [7, 1.75, 9.5, 3.75], "texture": "#texture"},
				"up": {"uv": [7, 1.75, 9.5, 4.25], "texture": "#texture"},
				"down": {"uv": [7.5, 1.25, 10, 3.75], "texture": "#texture"}
			}
		},
		{
			"name": "Element",
			"from": [10.25, 5.145, 8.5],
			"to": [10.5, 5.5, 8.855],
			"rotation": {"angle": 45, "axis": "x", "origin": [10.25, 5.5, 8.5]},
			"faces": {
				"north": {"uv": [6.5, 2.5, 9.5, 4], "texture": "#texture"},
				"east": {"uv": [7, 1.25, 9.5, 3.75], "texture": "#texture"},
				"south": {"uv": [7, 1.75, 9, 4.25], "texture": "#texture"},
				"west": {"uv": [7, 1.75, 9.5, 3.75], "texture": "#texture"},
				"up": {"uv": [7, 1.75, 9.5, 4.25], "texture": "#texture"},
				"down": {"uv": [7.5, 1.25, 10, 3.75], "texture": "#texture"}
			}
		},
		{
			"name": "Element",
			"from": [10.25, 4.895, 7.25],
			"to": [10.5, 5.25, 7.605],
			"rotation": {"angle": -45, "axis": "x", "origin": [10.25, 5.25, 7.25]},
			"faces": {
				"north": {"uv": [6.5, 2.5, 9.5, 4], "texture": "#texture"},
				"east": {"uv": [7, 1.25, 9.5, 3.75], "texture": "#texture"},
				"south": {"uv": [7, 1.75, 9, 4.25], "texture": "#texture"},
				"west": {"uv": [7, 1.75, 9.5, 3.75], "texture": "#texture"},
				"up": {"uv": [7, 1.75, 9.5, 4.25], "texture": "#texture"},
				"down": {"uv": [7.5, 1.25, 10, 3.75], "texture": "#texture"}
			}
		},
		{
			"name": "Element",
			"from": [8.5, 5.895, 8.5],
			"to": [8.75, 6.25, 8.855],
			"rotation": {"angle": 45, "axis": "x", "origin": [8.5, 6.25, 8.5]},
			"faces": {
				"north": {"uv": [6.5, 2.5, 9.5, 4], "texture": "#texture"},
				"east": {"uv": [7, 1.25, 9.5, 3.75], "texture": "#texture"},
				"south": {"uv": [7, 1.75, 9, 4.25], "texture": "#texture"},
				"west": {"uv": [7, 1.75, 9.5, 3.75], "texture": "#texture"},
				"up": {"uv": [7, 1.75, 9.5, 4.25], "texture": "#texture"},
				"down": {"uv": [7.5, 1.25, 10, 3.75], "texture": "#texture"}
			}
		},
		{
			"name": "Element",
			"from": [8.5, 5.645, 7.25],
			"to": [8.75, 6, 7.605],
			"rotation": {"angle": -45, "axis": "x", "origin": [8.5, 6, 7.25]},
			"faces": {
				"north": {"uv": [6.5, 2.5, 9.5, 4], "texture": "#texture"},
				"east": {"uv": [7, 1.25, 9.5, 3.75], "texture": "#texture"},
				"south": {"uv": [7, 1.75, 9, 4.25], "texture": "#texture"},
				"west": {"uv": [7, 1.75, 9.5, 3.75], "texture": "#texture"},
				"up": {"uv": [7, 1.75, 9.5, 4.25], "texture": "#texture"},
				"down": {"uv": [7.5, 1.25, 10, 3.75], "texture": "#texture"}
			}
		},
		{
			"name": "bullet_1",
			"from": [9.375, 7.875, 7.55],
			"to": [10.55, 8.225, 7.9],
			"rotation": {"angle": 0, "axis": "y", "origin": [8.72674, 6.9761, 7.99716]},
			"faces": {
				"north": {"uv": [2, 1.5, 4.5, 4], "texture": "#particle"},
				"east": {"uv": [2, 1.5, 4.5, 4], "texture": "#particle"},
				"south": {"uv": [2, 1.5, 4.5, 4], "texture": "#particle"},
				"west": {"uv": [2, 1.5, 4.5, 4], "texture": "#particle"},
				"up": {"uv": [2, 1.5, 4.5, 4], "texture": "#particle"},
				"down": {"uv": [2, 1.5, 4.5, 4], "texture": "#particle"}
			}
		},
		{
			"name": "bullet_2",
			"from": [9.375, 7.575, 8.05],
			"to": [10.55, 7.925, 8.4],
			"rotation": {"angle": 0, "axis": "y", "origin": [8.72674, 6.6761, 8.49716]},
			"faces": {
				"north": {"uv": [2, 1.5, 4.5, 4], "texture": "#particle"},
				"east": {"uv": [2, 1.5, 4.5, 4], "texture": "#particle"},
				"south": {"uv": [2, 1.5, 4.5, 4], "texture": "#particle"},
				"west": {"uv": [2, 1.5, 4.5, 4], "texture": "#particle"},
				"up": {"uv": [2, 1.5, 4.5, 4], "texture": "#particle"},
				"down": {"uv": [2, 1.5, 4.5, 4], "texture": "#particle"}
			}
		},
		{
			"name": "bullet_3",
			"from": [9.375, 7.275, 7.55],
			"to": [10.55, 7.625, 7.9],
			"rotation": {"angle": 0, "axis": "y", "origin": [8.72674, 6.3761, 7.99716]},
			"faces": {
				"north": {"uv": [2, 1.5, 4.5, 4], "texture": "#particle"},
				"east": {"uv": [2, 1.5, 4.5, 4], "texture": "#particle"},
				"south": {"uv": [2, 1.5, 4.5, 4], "texture": "#particle"},
				"west": {"uv": [2, 1.5, 4.5, 4], "texture": "#particle"},
				"up": {"uv": [2, 1.5, 4.5, 4], "texture": "#particle"},
				"down": {"uv": [2, 1.5, 4.5, 4], "texture": "#particle"}
			}
		},
		{
			"name": "bullet_4",
			"from": [9.375, 6.975, 8.05],
			"to": [10.55, 7.325, 8.4],
			"rotation": {"angle": 0, "axis": "y", "origin": [8.72674, 6.0761, 8.49716]},
			"faces": {
				"north": {"uv": [2, 1.5, 4.5, 4], "texture": "#particle"},
				"east": {"uv": [2, 1.5, 4.5, 4], "texture": "#particle"},
				"south": {"uv": [2, 1.5, 4.5, 4], "texture": "#particle"},
				"west": {"uv": [2, 1.5, 4.5, 4], "texture": "#particle"},
				"up": {"uv": [2, 1.5, 4.5, 4], "texture": "#particle"},
				"down": {"uv": [2, 1.5, 4.5, 4], "texture": "#particle"}
			}
		},
		{
			"name": "bullet_5",
			"from": [9.375, 6.675, 7.55],
			"to": [10.55, 7.025, 7.9],
			"rotation": {"angle": 0, "axis": "y", "origin": [8.72674, 5.7761, 7.99716]},
			"faces": {
				"north": {"uv": [2, 1.5, 4.5, 4], "texture": "#particle"},
				"east": {"uv": [2, 1.5, 4.5, 4], "texture": "#particle"},
				"south": {"uv": [2, 1.5, 4.5, 4], "texture": "#particle"},
				"west": {"uv": [2, 1.5, 4.5, 4], "texture": "#particle"},
				"up": {"uv": [2, 1.5, 4.5, 4], "texture": "#particle"},
				"down": {"uv": [2, 1.5, 4.5, 4], "texture": "#particle"}
			}
		},
		{
			"name": "bullet_1",
			"from": [9.075, 7.875, 7.55],
			"to": [9.375, 8.225, 7.9],
			"rotation": {"angle": 0, "axis": "y", "origin": [8.72674, 6.9761, 7.99716]},
			"faces": {
				"north": {"uv": [9.5, 1, 12, 3.5], "texture": "#particle"},
				"east": {"uv": [9.5, 1, 12, 3.5], "texture": "#particle"},
				"south": {"uv": [9.5, 1, 12, 3.5], "texture": "#particle"},
				"west": {"uv": [9.5, 1, 12, 3.5], "texture": "#particle"},
				"up": {"uv": [9.5, 1, 12, 3.5], "texture": "#particle"},
				"down": {"uv": [9.5, 1, 12, 3.5], "texture": "#particle"}
			}
		},
		{
			"name": "bullet_2",
			"from": [9.075, 7.575, 8.05],
			"to": [9.375, 7.925, 8.4],
			"rotation": {"angle": 0, "axis": "y", "origin": [8.72674, 6.6761, 8.49716]},
			"faces": {
				"north": {"uv": [9.5, 1, 12, 3.5], "texture": "#particle"},
				"east": {"uv": [9.5, 1, 12, 3.5], "texture": "#particle"},
				"south": {"uv": [9.5, 1, 12, 3.5], "texture": "#particle"},
				"west": {"uv": [9.5, 1, 12, 3.5], "texture": "#particle"},
				"up": {"uv": [9.5, 1, 12, 3.5], "texture": "#particle"},
				"down": {"uv": [9.5, 1, 12, 3.5], "texture": "#particle"}
			}
		},
		{
			"name": "bullet_3",
			"from": [9.075, 7.275, 7.55],
			"to": [9.375, 7.625, 7.9],
			"rotation": {"angle": 0, "axis": "y", "origin": [8.72674, 6.3761, 7.99716]},
			"faces": {
				"north": {"uv": [9.5, 1, 12, 3.5], "texture": "#particle"},
				"east": {"uv": [9.5, 1, 12, 3.5], "texture": "#particle"},
				"south": {"uv": [9.5, 1, 12, 3.5], "texture": "#particle"},
				"west": {"uv": [9.5, 1, 12, 3.5], "texture": "#particle"},
				"up": {"uv": [9.5, 1, 12, 3.5], "texture": "#particle"},
				"down": {"uv": [9.5, 1, 12, 3.5], "texture": "#particle"}
			}
		},
		{
			"name": "bullet_4",
			"from": [9.075, 6.975, 8.05],
			"to": [9.375, 7.325, 8.4],
			"rotation": {"angle": 0, "axis": "y", "origin": [8.72674, 6.0761, 8.49716]},
			"faces": {
				"north": {"uv": [9.5, 1, 12, 3.5], "texture": "#particle"},
				"east": {"uv": [9.5, 1, 12, 3.5], "texture": "#particle"},
				"south": {"uv": [9.5, 1, 12, 3.5], "texture": "#particle"},
				"west": {"uv": [9.5, 1, 12, 3.5], "texture": "#particle"},
				"up": {"uv": [9.5, 1, 12, 3.5], "texture": "#particle"},
				"down": {"uv": [9.5, 1, 12, 3.5], "texture": "#particle"}
			}
		},
		{
			"name": "bullet_5",
			"from": [9.075, 6.675, 7.55],
			"to": [9.375, 7.025, 7.9],
			"rotation": {"angle": 0, "axis": "y", "origin": [8.72674, 5.7761, 7.99716]},
			"faces": {
				"north": {"uv": [9.5, 1, 12, 3.5], "texture": "#particle"},
				"east": {"uv": [9.5, 1, 12, 3.5], "texture": "#particle"},
				"south": {"uv": [9.5, 1, 12, 3.5], "texture": "#particle"},
				"west": {"uv": [9.5, 1, 12, 3.5], "texture": "#particle"},
				"up": {"uv": [9.5, 1, 12, 3.5], "texture": "#particle"},
				"down": {"uv": [9.5, 1, 12, 3.5], "texture": "#particle"}
			}
		},
		{
			"name": "bullet_1",
			"from": [8.975, 7.9, 7.575],
			"to": [9.275, 8.2, 7.875],
			"rotation": {"angle": 0, "axis": "y", "origin": [8.72674, 6.9761, 7.99716]},
			"faces": {
				"north": {"uv": [9.5, 1, 12, 3.5], "texture": "#particle"},
				"east": {"uv": [9.5, 1, 12, 3.5], "texture": "#particle"},
				"south": {"uv": [9.5, 1, 12, 3.5], "texture": "#particle"},
				"west": {"uv": [9.5, 1, 12, 3.5], "texture": "#particle"},
				"up": {"uv": [9.5, 1, 12, 3.5], "texture": "#particle"},
				"down": {"uv": [9.5, 1, 12, 3.5], "texture": "#particle"}
			}
		},
		{
			"name": "bullet_2",
			"from": [8.975, 7.6, 8.075],
			"to": [9.275, 7.9, 8.375],
			"rotation": {"angle": 0, "axis": "y", "origin": [8.72674, 6.6761, 8.49716]},
			"faces": {
				"north": {"uv": [9.5, 1, 12, 3.5], "texture": "#particle"},
				"east": {"uv": [9.5, 1, 12, 3.5], "texture": "#particle"},
				"south": {"uv": [9.5, 1, 12, 3.5], "texture": "#particle"},
				"west": {"uv": [9.5, 1, 12, 3.5], "texture": "#particle"},
				"up": {"uv": [9.5, 1, 12, 3.5], "texture": "#particle"},
				"down": {"uv": [9.5, 1, 12, 3.5], "texture": "#particle"}
			}
		},
		{
			"name": "bullet_3",
			"from": [8.975, 7.3, 7.575],
			"to": [9.275, 7.6, 7.875],
			"rotation": {"angle": 0, "axis": "y", "origin": [8.72674, 6.3761, 7.99716]},
			"faces": {
				"north": {"uv": [9.5, 1, 12, 3.5], "texture": "#particle"},
				"east": {"uv": [9.5, 1, 12, 3.5], "texture": "#particle"},
				"south": {"uv": [9.5, 1, 12, 3.5], "texture": "#particle"},
				"west": {"uv": [9.5, 1, 12, 3.5], "texture": "#particle"},
				"up": {"uv": [9.5, 1, 12, 3.5], "texture": "#particle"},
				"down": {"uv": [9.5, 1, 12, 3.5], "texture": "#particle"}
			}
		},
		{
			"name": "bullet_4",
			"from": [8.975, 7, 8.075],
			"to": [9.275, 7.3, 8.375],
			"rotation": {"angle": 0, "axis": "y", "origin": [8.72674, 6.0761, 8.49716]},
			"faces": {
				"north": {"uv": [9.5, 1, 12, 3.5], "texture": "#particle"},
				"east": {"uv": [9.5, 1, 12, 3.5], "texture": "#particle"},
				"south": {"uv": [9.5, 1, 12, 3.5], "texture": "#particle"},
				"west": {"uv": [9.5, 1, 12, 3.5], "texture": "#particle"},
				"up": {"uv": [9.5, 1, 12, 3.5], "texture": "#particle"},
				"down": {"uv": [9.5, 1, 12, 3.5], "texture": "#particle"}
			}
		},
		{
			"name": "bullet_5",
			"from": [8.975, 6.7, 7.575],
			"to": [9.275, 7, 7.875],
			"rotation": {"angle": 0, "axis": "y", "origin": [8.72674, 5.7761, 7.99716]},
			"faces": {
				"north": {"uv": [9.5, 1, 12, 3.5], "texture": "#particle"},
				"east": {"uv": [9.5, 1, 12, 3.5], "texture": "#particle"},
				"south": {"uv": [9.5, 1, 12, 3.5], "texture": "#particle"},
				"west": {"uv": [9.5, 1, 12, 3.5], "texture": "#particle"},
				"up": {"uv": [9.5, 1, 12, 3.5], "texture": "#particle"},
				"down": {"uv": [9.5, 1, 12, 3.5], "texture": "#particle"}
			}
		},
		{
			"name": "bullet_1",
			"from": [8.875, 7.925, 7.6],
			"to": [9.175, 8.175, 7.85],
			"rotation": {"angle": 0, "axis": "y", "origin": [8.72674, 6.9761, 7.99716]},
			"faces": {
				"north": {"uv": [9.5, 1, 12, 3.5], "texture": "#particle"},
				"east": {"uv": [9.5, 1, 12, 3.5], "texture": "#particle"},
				"south": {"uv": [9.5, 1, 12, 3.5], "texture": "#particle"},
				"west": {"uv": [9.5, 1, 12, 3.5], "texture": "#particle"},
				"up": {"uv": [9.5, 1, 12, 3.5], "texture": "#particle"},
				"down": {"uv": [9.5, 1, 12, 3.5], "texture": "#particle"}
			}
		},
		{
			"name": "bullet_2",
			"from": [8.875, 7.625, 8.1],
			"to": [9.175, 7.875, 8.35],
			"rotation": {"angle": 0, "axis": "y", "origin": [8.72674, 6.6761, 8.49716]},
			"faces": {
				"north": {"uv": [9.5, 1, 12, 3.5], "texture": "#particle"},
				"east": {"uv": [9.5, 1, 12, 3.5], "texture": "#particle"},
				"south": {"uv": [9.5, 1, 12, 3.5], "texture": "#particle"},
				"west": {"uv": [9.5, 1, 12, 3.5], "texture": "#particle"},
				"up": {"uv": [9.5, 1, 12, 3.5], "texture": "#particle"},
				"down": {"uv": [9.5, 1, 12, 3.5], "texture": "#particle"}
			}
		},
		{
			"name": "bullet_3",
			"from": [8.875, 7.325, 7.6],
			"to": [9.175, 7.575, 7.85],
			"rotation": {"angle": 0, "axis": "y", "origin": [8.72674, 6.3761, 7.99716]},
			"faces": {
				"north": {"uv": [9.5, 1, 12, 3.5], "texture": "#particle"},
				"east": {"uv": [9.5, 1, 12, 3.5], "texture": "#particle"},
				"south": {"uv": [9.5, 1, 12, 3.5], "texture": "#particle"},
				"west": {"uv": [9.5, 1, 12, 3.5], "texture": "#particle"},
				"up": {"uv": [9.5, 1, 12, 3.5], "texture": "#particle"},
				"down": {"uv": [9.5, 1, 12, 3.5], "texture": "#particle"}
			}
		},
		{
			"name": "bullet_4",
			"from": [8.875, 7.025, 8.1],
			"to": [9.175, 7.275, 8.35],
			"rotation": {"angle": 0, "axis": "y", "origin": [8.72674, 6.0761, 8.49716]},
			"faces": {
				"north": {"uv": [9.5, 1, 12, 3.5], "texture": "#particle"},
				"east": {"uv": [9.5, 1, 12, 3.5], "texture": "#particle"},
				"south": {"uv": [9.5, 1, 12, 3.5], "texture": "#particle"},
				"west": {"uv": [9.5, 1, 12, 3.5], "texture": "#particle"},
				"up": {"uv": [9.5, 1, 12, 3.5], "texture": "#particle"},
				"down": {"uv": [9.5, 1, 12, 3.5], "texture": "#particle"}
			}
		},
		{
			"name": "bullet_5",
			"from": [8.875, 6.725, 7.6],
			"to": [9.175, 6.975, 7.85],
			"rotation": {"angle": 0, "axis": "y", "origin": [8.72674, 5.7761, 7.99716]},
			"faces": {
				"north": {"uv": [9.5, 1, 12, 3.5], "texture": "#particle"},
				"east": {"uv": [9.5, 1, 12, 3.5], "texture": "#particle"},
				"south": {"uv": [9.5, 1, 12, 3.5], "texture": "#particle"},
				"west": {"uv": [9.5, 1, 12, 3.5], "texture": "#particle"},
				"up": {"uv": [9.5, 1, 12, 3.5], "texture": "#particle"},
				"down": {"uv": [9.5, 1, 12, 3.5], "texture": "#particle"}
			}
		},
		{
			"name": "bullet_1",
			"from": [8.775, 7.95, 7.625],
			"to": [9.075, 8.15, 7.825],
			"rotation": {"angle": 0, "axis": "y", "origin": [8.72674, 6.9761, 7.99716]},
			"faces": {
				"north": {"uv": [9.5, 1, 12, 3.5], "texture": "#particle"},
				"east": {"uv": [9.5, 1, 12, 3.5], "texture": "#particle"},
				"south": {"uv": [9.5, 1, 12, 3.5], "texture": "#particle"},
				"west": {"uv": [9.5, 1, 12, 3.5], "texture": "#particle"},
				"up": {"uv": [9.5, 1, 12, 3.5], "texture": "#particle"},
				"down": {"uv": [9.5, 1, 12, 3.5], "texture": "#particle"}
			}
		},
		{
			"name": "bullet_2",
			"from": [8.775, 7.65, 8.125],
			"to": [9.075, 7.85, 8.325],
			"rotation": {"angle": 0, "axis": "y", "origin": [8.72674, 6.6761, 8.49716]},
			"faces": {
				"north": {"uv": [9.5, 1, 12, 3.5], "texture": "#particle"},
				"east": {"uv": [9.5, 1, 12, 3.5], "texture": "#particle"},
				"south": {"uv": [9.5, 1, 12, 3.5], "texture": "#particle"},
				"west": {"uv": [9.5, 1, 12, 3.5], "texture": "#particle"},
				"up": {"uv": [9.5, 1, 12, 3.5], "texture": "#particle"},
				"down": {"uv": [9.5, 1, 12, 3.5], "texture": "#particle"}
			}
		},
		{
			"name": "bullet_3",
			"from": [8.775, 7.35, 7.625],
			"to": [9.075, 7.55, 7.825],
			"rotation": {"angle": 0, "axis": "y", "origin": [8.72674, 6.3761, 7.99716]},
			"faces": {
				"north": {"uv": [9.5, 1, 12, 3.5], "texture": "#particle"},
				"east": {"uv": [9.5, 1, 12, 3.5], "texture": "#particle"},
				"south": {"uv": [9.5, 1, 12, 3.5], "texture": "#particle"},
				"west": {"uv": [9.5, 1, 12, 3.5], "texture": "#particle"},
				"up": {"uv": [9.5, 1, 12, 3.5], "texture": "#particle"},
				"down": {"uv": [9.5, 1, 12, 3.5], "texture": "#particle"}
			}
		},
		{
			"name": "bullet_4",
			"from": [8.775, 7.05, 8.125],
			"to": [9.075, 7.25, 8.325],
			"rotation": {"angle": 0, "axis": "y", "origin": [8.72674, 6.0761, 8.49716]},
			"faces": {
				"north": {"uv": [9.5, 1, 12, 3.5], "texture": "#particle"},
				"east": {"uv": [9.5, 1, 12, 3.5], "texture": "#particle"},
				"south": {"uv": [9.5, 1, 12, 3.5], "texture": "#particle"},
				"west": {"uv": [9.5, 1, 12, 3.5], "texture": "#particle"},
				"up": {"uv": [9.5, 1, 12, 3.5], "texture": "#particle"},
				"down": {"uv": [9.5, 1, 12, 3.5], "texture": "#particle"}
			}
		},
		{
			"name": "bullet_5",
			"from": [8.775, 6.75, 7.625],
			"to": [9.075, 6.95, 7.825],
			"rotation": {"angle": 0, "axis": "y", "origin": [8.72674, 5.7761, 7.99716]},
			"faces": {
				"north": {"uv": [9.5, 1, 12, 3.5], "texture": "#particle"},
				"east": {"uv": [9.5, 1, 12, 3.5], "texture": "#particle"},
				"south": {"uv": [9.5, 1, 12, 3.5], "texture": "#particle"},
				"west": {"uv": [9.5, 1, 12, 3.5], "texture": "#particle"},
				"up": {"uv": [9.5, 1, 12, 3.5], "texture": "#particle"},
				"down": {"uv": [9.5, 1, 12, 3.5], "texture": "#particle"}
			}
		},
		{
			"name": "bullet_1",
			"from": [8.675, 7.975, 7.65],
			"to": [8.975, 8.125, 7.8],
			"rotation": {"angle": 0, "axis": "y", "origin": [8.72674, 6.9761, 7.99716]},
			"faces": {
				"north": {"uv": [9.5, 1, 12, 3.5], "texture": "#particle"},
				"east": {"uv": [9.5, 1, 12, 3.5], "texture": "#particle"},
				"south": {"uv": [9.5, 1, 12, 3.5], "texture": "#particle"},
				"west": {"uv": [9.5, 1, 12, 3.5], "texture": "#particle"},
				"up": {"uv": [9.5, 1, 12, 3.5], "texture": "#particle"},
				"down": {"uv": [9.5, 1, 12, 3.5], "texture": "#particle"}
			}
		},
		{
			"name": "bullet_2",
			"from": [8.675, 7.675, 8.15],
			"to": [8.975, 7.825, 8.3],
			"rotation": {"angle": 0, "axis": "y", "origin": [8.72674, 6.6761, 8.49716]},
			"faces": {
				"north": {"uv": [9.5, 1, 12, 3.5], "texture": "#particle"},
				"east": {"uv": [9.5, 1, 12, 3.5], "texture": "#particle"},
				"south": {"uv": [9.5, 1, 12, 3.5], "texture": "#particle"},
				"west": {"uv": [9.5, 1, 12, 3.5], "texture": "#particle"},
				"up": {"uv": [9.5, 1, 12, 3.5], "texture": "#particle"},
				"down": {"uv": [9.5, 1, 12, 3.5], "texture": "#particle"}
			}
		},
		{
			"name": "bullet_3",
			"from": [8.675, 7.375, 7.65],
			"to": [8.975, 7.525, 7.8],
			"rotation": {"angle": 0, "axis": "y", "origin": [8.72674, 6.3761, 7.99716]},
			"faces": {
				"north": {"uv": [9.5, 1, 12, 3.5], "texture": "#particle"},
				"east": {"uv": [9.5, 1, 12, 3.5], "texture": "#particle"},
				"south": {"uv": [9.5, 1, 12, 3.5], "texture": "#particle"},
				"west": {"uv": [9.5, 1, 12, 3.5], "texture": "#particle"},
				"up": {"uv": [9.5, 1, 12, 3.5], "texture": "#particle"},
				"down": {"uv": [9.5, 1, 12, 3.5], "texture": "#particle"}
			}
		},
		{
			"name": "bullet_4",
			"from": [8.675, 7.075, 8.15],
			"to": [8.975, 7.225, 8.3],
			"rotation": {"angle": 0, "axis": "y", "origin": [8.72674, 6.0761, 8.49716]},
			"faces": {
				"north": {"uv": [9.5, 1, 12, 3.5], "texture": "#particle"},
				"east": {"uv": [9.5, 1, 12, 3.5], "texture": "#particle"},
				"south": {"uv": [9.5, 1, 12, 3.5], "texture": "#particle"},
				"west": {"uv": [9.5, 1, 12, 3.5], "texture": "#particle"},
				"up": {"uv": [9.5, 1, 12, 3.5], "texture": "#particle"},
				"down": {"uv": [9.5, 1, 12, 3.5], "texture": "#particle"}
			}
		},
		{
			"name": "bullet_5",
			"from": [8.675, 6.775, 7.65],
			"to": [8.975, 6.925, 7.8],
			"rotation": {"angle": 0, "axis": "y", "origin": [8.72674, 5.7761, 7.99716]},
			"faces": {
				"north": {"uv": [9.5, 1, 12, 3.5], "texture": "#particle"},
				"east": {"uv": [9.5, 1, 12, 3.5], "texture": "#particle"},
				"south": {"uv": [9.5, 1, 12, 3.5], "texture": "#particle"},
				"west": {"uv": [9.5, 1, 12, 3.5], "texture": "#particle"},
				"up": {"uv": [9.5, 1, 12, 3.5], "texture": "#particle"},
				"down": {"uv": [9.5, 1, 12, 3.5], "texture": "#particle"}
			}
		},
		{
			"name": "bullet_1",
			"from": [8.575, 8, 7.675],
			"to": [8.875, 8.1, 7.775],
			"rotation": {"angle": 0, "axis": "y", "origin": [8.72674, 6.9761, 7.99716]},
			"faces": {
				"north": {"uv": [9.5, 1, 12, 3.5], "texture": "#particle"},
				"east": {"uv": [9.5, 1, 12, 3.5], "texture": "#particle"},
				"south": {"uv": [9.5, 1, 12, 3.5], "texture": "#particle"},
				"west": {"uv": [9.5, 1, 12, 3.5], "texture": "#particle"},
				"up": {"uv": [9.5, 1, 12, 3.5], "texture": "#particle"},
				"down": {"uv": [9.5, 1, 12, 3.5], "texture": "#particle"}
			}
		},
		{
			"name": "bullet_2",
			"from": [8.575, 7.7, 8.175],
			"to": [8.875, 7.8, 8.275],
			"rotation": {"angle": 0, "axis": "y", "origin": [8.72674, 6.6761, 8.49716]},
			"faces": {
				"north": {"uv": [9.5, 1, 12, 3.5], "texture": "#particle"},
				"east": {"uv": [9.5, 1, 12, 3.5], "texture": "#particle"},
				"south": {"uv": [9.5, 1, 12, 3.5], "texture": "#particle"},
				"west": {"uv": [9.5, 1, 12, 3.5], "texture": "#particle"},
				"up": {"uv": [9.5, 1, 12, 3.5], "texture": "#particle"},
				"down": {"uv": [9.5, 1, 12, 3.5], "texture": "#particle"}
			}
		},
		{
			"name": "bullet_3",
			"from": [8.575, 7.4, 7.675],
			"to": [8.875, 7.5, 7.775],
			"rotation": {"angle": 0, "axis": "y", "origin": [8.72674, 6.3761, 7.99716]},
			"faces": {
				"north": {"uv": [9.5, 1, 12, 3.5], "texture": "#particle"},
				"east": {"uv": [9.5, 1, 12, 3.5], "texture": "#particle"},
				"south": {"uv": [9.5, 1, 12, 3.5], "texture": "#particle"},
				"west": {"uv": [9.5, 1, 12, 3.5], "texture": "#particle"},
				"up": {"uv": [9.5, 1, 12, 3.5], "texture": "#particle"},
				"down": {"uv": [9.5, 1, 12, 3.5], "texture": "#particle"}
			}
		},
		{
			"name": "bullet_4",
			"from": [8.575, 7.1, 8.175],
			"to": [8.875, 7.2, 8.275],
			"rotation": {"angle": 0, "axis": "y", "origin": [8.72674, 6.0761, 8.49716]},
			"faces": {
				"north": {"uv": [9.5, 1, 12, 3.5], "texture": "#particle"},
				"east": {"uv": [9.5, 1, 12, 3.5], "texture": "#particle"},
				"south": {"uv": [9.5, 1, 12, 3.5], "texture": "#particle"},
				"west": {"uv": [9.5, 1, 12, 3.5], "texture": "#particle"},
				"up": {"uv": [9.5, 1, 12, 3.5], "texture": "#particle"},
				"down": {"uv": [9.5, 1, 12, 3.5], "texture": "#particle"}
			}
		},
		{
			"name": "bullet_5",
			"from": [8.575, 6.8, 7.675],
			"to": [8.875, 6.9, 7.775],
			"rotation": {"angle": 0, "axis": "y", "origin": [8.72674, 5.7761, 7.99716]},
			"faces": {
				"north": {"uv": [9.5, 1, 12, 3.5], "texture": "#particle"},
				"east": {"uv": [9.5, 1, 12, 3.5], "texture": "#particle"},
				"south": {"uv": [9.5, 1, 12, 3.5], "texture": "#particle"},
				"west": {"uv": [9.5, 1, 12, 3.5], "texture": "#particle"},
				"up": {"uv": [9.5, 1, 12, 3.5], "texture": "#particle"},
				"down": {"uv": [9.5, 1, 12, 3.5], "texture": "#particle"}
			}
		},
		{
			"name": "bullet_1",
			"from": [10.6, 7.875, 7.55],
			"to": [10.675, 8.225, 7.9],
			"rotation": {"angle": 0, "axis": "y", "origin": [8.72674, 6.9761, 7.99716]},
			"faces": {
				"north": {"uv": [2, 1.5, 4.5, 4], "texture": "#particle"},
				"east": {"uv": [2, 1.5, 4.5, 4], "texture": "#particle"},
				"south": {"uv": [2, 1.5, 4.5, 4], "texture": "#particle"},
				"west": {"uv": [2, 1.5, 4.5, 4], "texture": "#particle"},
				"up": {"uv": [2, 1.5, 4.5, 4], "texture": "#particle"},
				"down": {"uv": [2, 1.5, 4.5, 4], "texture": "#particle"}
			}
		},
		{
			"name": "bullet_2",
			"from": [10.6, 7.575, 8.05],
			"to": [10.675, 7.925, 8.4],
			"rotation": {"angle": 0, "axis": "y", "origin": [8.72674, 6.6761, 8.49716]},
			"faces": {
				"north": {"uv": [2, 1.5, 4.5, 4], "texture": "#particle"},
				"east": {"uv": [2, 1.5, 4.5, 4], "texture": "#particle"},
				"south": {"uv": [2, 1.5, 4.5, 4], "texture": "#particle"},
				"west": {"uv": [2, 1.5, 4.5, 4], "texture": "#particle"},
				"up": {"uv": [2, 1.5, 4.5, 4], "texture": "#particle"},
				"down": {"uv": [2, 1.5, 4.5, 4], "texture": "#particle"}
			}
		},
		{
			"name": "bullet_3",
			"from": [10.6, 7.275, 7.55],
			"to": [10.675, 7.625, 7.9],
			"rotation": {"angle": 0, "axis": "y", "origin": [8.72674, 6.3761, 7.99716]},
			"faces": {
				"north": {"uv": [2, 1.5, 4.5, 4], "texture": "#particle"},
				"east": {"uv": [2, 1.5, 4.5, 4], "texture": "#particle"},
				"south": {"uv": [2, 1.5, 4.5, 4], "texture": "#particle"},
				"west": {"uv": [2, 1.5, 4.5, 4], "texture": "#particle"},
				"up": {"uv": [2, 1.5, 4.5, 4], "texture": "#particle"},
				"down": {"uv": [2, 1.5, 4.5, 4], "texture": "#particle"}
			}
		},
		{
			"name": "bullet_4",
			"from": [10.6, 6.975, 8.05],
			"to": [10.675, 7.325, 8.4],
			"rotation": {"angle": 0, "axis": "y", "origin": [8.72674, 6.0761, 8.49716]},
			"faces": {
				"north": {"uv": [2, 1.5, 4.5, 4], "texture": "#particle"},
				"east": {"uv": [2, 1.5, 4.5, 4], "texture": "#particle"},
				"south": {"uv": [2, 1.5, 4.5, 4], "texture": "#particle"},
				"west": {"uv": [2, 1.5, 4.5, 4], "texture": "#particle"},
				"up": {"uv": [2, 1.5, 4.5, 4], "texture": "#particle"},
				"down": {"uv": [2, 1.5, 4.5, 4], "texture": "#particle"}
			}
		},
		{
			"name": "bullet_5",
			"from": [10.6, 6.675, 7.55],
			"to": [10.675, 7.025, 7.9],
			"rotation": {"angle": 0, "axis": "y", "origin": [8.72674, 5.7761, 7.99716]},
			"faces": {
				"north": {"uv": [2, 1.5, 4.5, 4], "texture": "#particle"},
				"east": {"uv": [2, 1.5, 4.5, 4], "texture": "#particle"},
				"south": {"uv": [2, 1.5, 4.5, 4], "texture": "#particle"},
				"west": {"uv": [2, 1.5, 4.5, 4], "texture": "#particle"},
				"up": {"uv": [2, 1.5, 4.5, 4], "texture": "#particle"},
				"down": {"uv": [2, 1.5, 4.5, 4], "texture": "#particle"}
			}
		},
		{
			"name": "bullet_1",
			"from": [10.55, 7.9, 7.575],
			"to": [10.6, 8.2, 7.875],
			"rotation": {"angle": 0, "axis": "y", "origin": [8.72674, 6.9761, 7.99716]},
			"faces": {
				"north": {"uv": [2, 1.5, 4.5, 4], "texture": "#particle"},
				"east": {"uv": [2, 1.5, 4.5, 4], "texture": "#particle"},
				"south": {"uv": [2, 1.5, 4.5, 4], "texture": "#particle"},
				"west": {"uv": [2, 1.5, 4.5, 4], "texture": "#particle"},
				"up": {"uv": [2, 1.5, 4.5, 4], "texture": "#particle"},
				"down": {"uv": [2, 1.5, 4.5, 4], "texture": "#particle"}
			}
		},
		{
			"name": "bullet_2",
			"from": [10.55, 7.6, 8.075],
			"to": [10.6, 7.9, 8.375],
			"rotation": {"angle": 0, "axis": "y", "origin": [8.72674, 6.6761, 8.49716]},
			"faces": {
				"north": {"uv": [2, 1.5, 4.5, 4], "texture": "#particle"},
				"east": {"uv": [2, 1.5, 4.5, 4], "texture": "#particle"},
				"south": {"uv": [2, 1.5, 4.5, 4], "texture": "#particle"},
				"west": {"uv": [2, 1.5, 4.5, 4], "texture": "#particle"},
				"up": {"uv": [2, 1.5, 4.5, 4], "texture": "#particle"},
				"down": {"uv": [2, 1.5, 4.5, 4], "texture": "#particle"}
			}
		},
		{
			"name": "bullet_3",
			"from": [10.55, 7.3, 7.575],
			"to": [10.6, 7.6, 7.875],
			"rotation": {"angle": 0, "axis": "y", "origin": [8.72674, 6.3761, 7.99716]},
			"faces": {
				"north": {"uv": [2, 1.5, 4.5, 4], "texture": "#particle"},
				"east": {"uv": [2, 1.5, 4.5, 4], "texture": "#particle"},
				"south": {"uv": [2, 1.5, 4.5, 4], "texture": "#particle"},
				"west": {"uv": [2, 1.5, 4.5, 4], "texture": "#particle"},
				"up": {"uv": [2, 1.5, 4.5, 4], "texture": "#particle"},
				"down": {"uv": [2, 1.5, 4.5, 4], "texture": "#particle"}
			}
		},
		{
			"name": "bullet_4",
			"from": [10.55, 7, 8.075],
			"to": [10.6, 7.3, 8.375],
			"rotation": {"angle": 0, "axis": "y", "origin": [8.72674, 6.0761, 8.49716]},
			"faces": {
				"north": {"uv": [2, 1.5, 4.5, 4], "texture": "#particle"},
				"east": {"uv": [2, 1.5, 4.5, 4], "texture": "#particle"},
				"south": {"uv": [2, 1.5, 4.5, 4], "texture": "#particle"},
				"west": {"uv": [2, 1.5, 4.5, 4], "texture": "#particle"},
				"up": {"uv": [2, 1.5, 4.5, 4], "texture": "#particle"},
				"down": {"uv": [2, 1.5, 4.5, 4], "texture": "#particle"}
			}
		},
		{
			"name": "bullet_5",
			"from": [10.55, 6.7, 7.575],
			"to": [10.6, 7, 7.875],
			"rotation": {"angle": 0, "axis": "y", "origin": [8.72674, 5.7761, 7.99716]},
			"faces": {
				"north": {"uv": [2, 1.5, 4.5, 4], "texture": "#particle"},
				"east": {"uv": [2, 1.5, 4.5, 4], "texture": "#particle"},
				"south": {"uv": [2, 1.5, 4.5, 4], "texture": "#particle"},
				"west": {"uv": [2, 1.5, 4.5, 4], "texture": "#particle"},
				"up": {"uv": [2, 1.5, 4.5, 4], "texture": "#particle"},
				"down": {"uv": [2, 1.5, 4.5, 4], "texture": "#particle"}
			}
		}
	],
	"display": {
		"thirdperson_righthand": {
			"rotation": [10, -90, 0],
			"translation": [0, 1.5, -1],
			"scale": [0.9, 0.9, 0.9]
		},
		"thirdperson_lefthand": {
			"rotation": [10, -90, 0],
			"translation": [0, 1.5, -1],
			"scale": [-0.9, 0.9, 0.9]
		},
		"firstperson_righthand": {
			"rotation": [0, -90, -15],
			"translation": [-4.25, 5.5, 3.5]
		},
		"firstperson_lefthand": {
			"rotation": [0, -90, -15],
			"translation": [-4.25, 5.5, 3.5],
			"scale": [-1, 1, 1]
		},
		"ground": {
			"rotation": [90, 0, 0],
			"translation": [-1.25, -1, 0.75],
			"scale": [0.85, 0.85, 0.85]
		},
		"gui": {
			"rotation": [30, 45, 0],
			"translation": [-4.5, 1, 0],
			"scale": [4, 4, 4]
		},
		"head": {
			"translation": [-6.75, -22.75, 3.75],
			"scale": [1.2, 1.2, 1.2]
		},
		"fixed": {
			"rotation": [0, -180, 0],
			"translation": [2, 2.5, -0.75],
			"scale": [1.3, 1.3, 1.3]
		}
	}
}