{
	"credit": "Made by MadstonMagic, using Cubik Pro & Blockbench",
	"textures": {
		"1": "ammunition/9mm_45acp",
		"texture": "guns/waltherpp/waltherpp",
		"particle": "ammunition/9mm_45acp"
	},
	"elements": [
		{
			"from": [6.6426, 0.43504, 7],
			"to": [9.6426, 2.23504, 9],
			"rotation": {"angle": 0, "axis": "z", "origin": [6.80293, 1.96757, 7.99156]},
			"faces": {
				"north": {"uv": [11, 7, 13.5, 9], "texture": "#texture"},
				"east": {"uv": [11.75, 6.25, 13.75, 8.75], "texture": "#texture"},
				"south": {"uv": [11.5, 6, 14, 8.5], "texture": "#texture"},
				"west": {"uv": [11, 6, 13, 8.5], "texture": "#texture"},
				"up": {"uv": [11, 6.5, 13, 9.5], "texture": "#texture"},
				"down": {"uv": [11, 6.25, 14, 8.75], "texture": "#texture"}
			}
		},
		{
			"from": [6.6426, 2.23504, 7],
			"to": [6.8426, 9.53504, 9],
			"rotation": {"angle": 0, "axis": "z", "origin": [6.80293, 1.96757, 7.99156]},
			"faces": {
				"north": {"uv": [11, 7, 13.5, 9], "texture": "#texture"},
				"east": {"uv": [11.75, 6.25, 13.75, 8.75], "texture": "#texture"},
				"south": {"uv": [11.5, 6, 14, 8.5], "texture": "#texture"},
				"west": {"uv": [11, 6, 13, 8.5], "texture": "#texture"},
				"up": {"uv": [11, 6.5, 13, 9.5], "texture": "#texture"},
				"down": {"uv": [11, 6.25, 14, 8.75], "texture": "#texture"}
			}
		},
		{
			"from": [9.4426, 2.23504, 7],
			"to": [9.6426, 9.53504, 9],
			"rotation": {"angle": 0, "axis": "z", "origin": [6.80293, 1.96757, 7.99156]},
			"faces": {
				"north": {"uv": [11, 7, 13.5, 9], "texture": "#texture"},
				"east": {"uv": [11.75, 6.25, 13.75, 8.75], "texture": "#texture"},
				"south": {"uv": [11.5, 6, 14, 8.5], "texture": "#texture"},
				"west": {"uv": [11, 6, 13, 8.5], "texture": "#texture"},
				"up": {"uv": [11, 6.5, 13, 9.5], "texture": "#texture"},
				"down": {"uv": [11, 6.25, 14, 8.75], "texture": "#texture"}
			}
		},
		{
			"from": [6.8426, 2.23504, 8.8],
			"to": [7.7426, 9.53504, 9],
			"rotation": {"angle": 0, "axis": "z", "origin": [6.80293, 1.96757, 7.99156]},
			"faces": {
				"north": {"uv": [11, 7, 13.5, 9], "texture": "#texture"},
				"east": {"uv": [11.75, 6.25, 13.75, 8.75], "texture": "#texture"},
				"south": {"uv": [11.5, 6, 14, 8.5], "texture": "#texture"},
				"west": {"uv": [11, 6, 13, 8.5], "texture": "#texture"},
				"up": {"uv": [11, 6.5, 13, 9.5], "texture": "#texture"},
				"down": {"uv": [11, 6.25, 14, 8.75], "texture": "#texture"}
			}
		},
		{
			"from": [6.8426, 2.23504, 7],
			"to": [7.7426, 9.53504, 7.2],
			"rotation": {"angle": 0, "axis": "z", "origin": [6.80293, 1.96757, 6.19156]},
			"faces": {
				"north": {"uv": [11, 7, 13.5, 9], "texture": "#texture"},
				"east": {"uv": [11.75, 6.25, 13.75, 8.75], "texture": "#texture"},
				"south": {"uv": [11.5, 6, 14, 8.5], "texture": "#texture"},
				"west": {"uv": [11, 6, 13, 8.5], "texture": "#texture"},
				"up": {"uv": [11, 6.5, 13, 9.5], "texture": "#texture"},
				"down": {"uv": [11, 6.25, 14, 8.75], "texture": "#texture"}
			}
		},
		{
			"from": [8.5426, 2.23504, 8.8],
			"to": [9.4426, 9.53504, 9],
			"rotation": {"angle": 0, "axis": "z", "origin": [6.80293, 1.96757, 7.99156]},
			"faces": {
				"north": {"uv": [11, 7, 13.5, 9], "texture": "#texture"},
				"east": {"uv": [11.75, 6.25, 13.75, 8.75], "texture": "#texture"},
				"south": {"uv": [11.5, 6, 14, 8.5], "texture": "#texture"},
				"west": {"uv": [11, 6, 13, 8.5], "texture": "#texture"},
				"up": {"uv": [11, 6.5, 13, 9.5], "texture": "#texture"},
				"down": {"uv": [11, 6.25, 14, 8.75], "texture": "#texture"}
			}
		},
		{
			"from": [8.5426, 2.23504, 7],
			"to": [9.4426, 9.53504, 7.2],
			"rotation": {"angle": 0, "axis": "z", "origin": [6.80293, 1.96757, 6.19156]},
			"faces": {
				"north": {"uv": [11, 7, 13.5, 9], "texture": "#texture"},
				"east": {"uv": [11.75, 6.25, 13.75, 8.75], "texture": "#texture"},
				"south": {"uv": [11.5, 6, 14, 8.5], "texture": "#texture"},
				"west": {"uv": [11, 6, 13, 8.5], "texture": "#texture"},
				"up": {"uv": [11, 6.5, 13, 9.5], "texture": "#texture"},
				"down": {"uv": [11, 6.25, 14, 8.75], "texture": "#texture"}
			}
		},
		{
			"from": [7.01243, 3.09125, 8.8],
			"to": [7.71743, 3.79625, 9],
			"rotation": {"angle": 45, "axis": "z", "origin": [8.09568, 3.43601, 8.89187]},
			"faces": {
				"north": {"uv": [11, 7, 13.5, 9], "texture": "#texture"},
				"east": {"uv": [11.75, 6.25, 13.75, 8.75], "texture": "#texture"},
				"south": {"uv": [11.5, 6, 14, 8.5], "texture": "#texture"},
				"west": {"uv": [11, 6, 13, 8.5], "texture": "#texture"},
				"up": {"uv": [11, 6.5, 13, 9.5], "texture": "#texture"},
				"down": {"uv": [11, 6.25, 14, 8.75], "texture": "#texture"}
			}
		},
		{
			"from": [7.01243, 3.09125, 7],
			"to": [7.71743, 3.79625, 7.2],
			"rotation": {"angle": 45, "axis": "z", "origin": [8.09568, 3.43601, 7.09187]},
			"faces": {
				"north": {"uv": [11, 7, 13.5, 9], "texture": "#texture"},
				"east": {"uv": [11.75, 6.25, 13.75, 8.75], "texture": "#texture"},
				"south": {"uv": [11.5, 6, 14, 8.5], "texture": "#texture"},
				"west": {"uv": [11, 6, 13, 8.5], "texture": "#texture"},
				"up": {"uv": [11, 6.5, 13, 9.5], "texture": "#texture"},
				"down": {"uv": [11, 6.25, 14, 8.75], "texture": "#texture"}
			}
		},
		{
			"from": [7.01243, 4.69125, 8.8],
			"to": [7.71743, 5.39625, 9],
			"rotation": {"angle": 45, "axis": "z", "origin": [8.09568, 5.03601, 8.89187]},
			"faces": {
				"north": {"uv": [11, 7, 13.5, 9], "texture": "#texture"},
				"east": {"uv": [11.75, 6.25, 13.75, 8.75], "texture": "#texture"},
				"south": {"uv": [11.5, 6, 14, 8.5], "texture": "#texture"},
				"west": {"uv": [11, 6, 13, 8.5], "texture": "#texture"},
				"up": {"uv": [11, 6.5, 13, 9.5], "texture": "#texture"},
				"down": {"uv": [11, 6.25, 14, 8.75], "texture": "#texture"}
			}
		},
		{
			"from": [7.01243, 4.69125, 7],
			"to": [7.71743, 5.39625, 7.2],
			"rotation": {"angle": 45, "axis": "z", "origin": [8.09568, 5.03601, 7.09187]},
			"faces": {
				"north": {"uv": [11, 7, 13.5, 9], "texture": "#texture"},
				"east": {"uv": [11.75, 6.25, 13.75, 8.75], "texture": "#texture"},
				"south": {"uv": [11.5, 6, 14, 8.5], "texture": "#texture"},
				"west": {"uv": [11, 6, 13, 8.5], "texture": "#texture"},
				"up": {"uv": [11, 6.5, 13, 9.5], "texture": "#texture"},
				"down": {"uv": [11, 6.25, 14, 8.75], "texture": "#texture"}
			}
		},
		{
			"from": [7.01243, 6.29125, 8.8],
			"to": [7.71743, 6.99625, 9],
			"rotation": {"angle": 45, "axis": "z", "origin": [8.09568, 6.63601, 8.89187]},
			"faces": {
				"north": {"uv": [11, 7, 13.5, 9], "texture": "#texture"},
				"east": {"uv": [11.75, 6.25, 13.75, 8.75], "texture": "#texture"},
				"south": {"uv": [11.5, 6, 14, 8.5], "texture": "#texture"},
				"west": {"uv": [11, 6, 13, 8.5], "texture": "#texture"},
				"up": {"uv": [11, 6.5, 13, 9.5], "texture": "#texture"},
				"down": {"uv": [11, 6.25, 14, 8.75], "texture": "#texture"}
			}
		},
		{
			"from": [7.01243, 6.29125, 7],
			"to": [7.71743, 6.99625, 7.2],
			"rotation": {"angle": 45, "axis": "z", "origin": [8.09568, 6.63601, 7.09187]},
			"faces": {
				"north": {"uv": [11, 7, 13.5, 9], "texture": "#texture"},
				"east": {"uv": [11.75, 6.25, 13.75, 8.75], "texture": "#texture"},
				"south": {"uv": [11.5, 6, 14, 8.5], "texture": "#texture"},
				"west": {"uv": [11, 6, 13, 8.5], "texture": "#texture"},
				"up": {"uv": [11, 6.5, 13, 9.5], "texture": "#texture"},
				"down": {"uv": [11, 6.25, 14, 8.75], "texture": "#texture"}
			}
		},
		{
			"from": [7.01243, 7.89125, 8.8],
			"to": [7.71743, 8.59625, 9],
			"rotation": {"angle": 45, "axis": "z", "origin": [8.09568, 8.23601, 8.89187]},
			"faces": {
				"north": {"uv": [11, 7, 13.5, 9], "texture": "#texture"},
				"east": {"uv": [11.75, 6.25, 13.75, 8.75], "texture": "#texture"},
				"south": {"uv": [11.5, 6, 14, 8.5], "texture": "#texture"},
				"west": {"uv": [11, 6, 13, 8.5], "texture": "#texture"},
				"up": {"uv": [11, 6.5, 13, 9.5], "texture": "#texture"},
				"down": {"uv": [11, 6.25, 14, 8.75], "texture": "#texture"}
			}
		},
		{
			"from": [7.01243, 7.89125, 7],
			"to": [7.71743, 8.59625, 7.2],
			"rotation": {"angle": 45, "axis": "z", "origin": [8.09568, 8.23601, 7.09187]},
			"faces": {
				"north": {"uv": [11, 7, 13.5, 9], "texture": "#texture"},
				"east": {"uv": [11.75, 6.25, 13.75, 8.75], "texture": "#texture"},
				"south": {"uv": [11.5, 6, 14, 8.5], "texture": "#texture"},
				"west": {"uv": [11, 6, 13, 8.5], "texture": "#texture"},
				"up": {"uv": [11, 6.5, 13, 9.5], "texture": "#texture"},
				"down": {"uv": [11, 6.25, 14, 8.75], "texture": "#texture"}
			}
		},
		{
			"from": [7.73544, 2.27776, 8.8],
			"to": [8.44044, 2.98276, 9],
			"rotation": {"angle": 45, "axis": "z", "origin": [8.09568, 3.43601, 8.89187]},
			"faces": {
				"north": {"uv": [11, 7, 13.5, 9], "rotation": 90, "texture": "#texture"},
				"east": {"uv": [11, 6.25, 14, 8.75], "rotation": 270, "texture": "#texture"},
				"south": {"uv": [11.5, 6, 14, 8.5], "rotation": 270, "texture": "#texture"},
				"west": {"uv": [11, 6.5, 13, 9.5], "rotation": 270, "texture": "#texture"},
				"up": {"uv": [11.75, 6.25, 13.75, 8.75], "rotation": 270, "texture": "#texture"},
				"down": {"uv": [11, 6, 13, 8.5], "rotation": 270, "texture": "#texture"}
			}
		},
		{
			"from": [7.73544, 2.27776, 7],
			"to": [8.44044, 2.98276, 7.2],
			"rotation": {"angle": 45, "axis": "z", "origin": [8.09568, 3.43601, 7.09187]},
			"faces": {
				"north": {"uv": [11, 7, 13.5, 9], "rotation": 90, "texture": "#texture"},
				"east": {"uv": [11, 6.25, 14, 8.75], "rotation": 270, "texture": "#texture"},
				"south": {"uv": [11.5, 6, 14, 8.5], "rotation": 270, "texture": "#texture"},
				"west": {"uv": [11, 6.5, 13, 9.5], "rotation": 270, "texture": "#texture"},
				"up": {"uv": [11.75, 6.25, 13.75, 8.75], "rotation": 270, "texture": "#texture"},
				"down": {"uv": [11, 6, 13, 8.5], "rotation": 270, "texture": "#texture"}
			}
		},
		{
			"from": [7.73544, 3.87776, 8.8],
			"to": [8.44044, 4.58276, 9],
			"rotation": {"angle": 45, "axis": "z", "origin": [8.09568, 5.03601, 8.89187]},
			"faces": {
				"north": {"uv": [11, 7, 13.5, 9], "rotation": 90, "texture": "#texture"},
				"east": {"uv": [11, 6.25, 14, 8.75], "rotation": 270, "texture": "#texture"},
				"south": {"uv": [11.5, 6, 14, 8.5], "rotation": 270, "texture": "#texture"},
				"west": {"uv": [11, 6.5, 13, 9.5], "rotation": 270, "texture": "#texture"},
				"up": {"uv": [11.75, 6.25, 13.75, 8.75], "rotation": 270, "texture": "#texture"},
				"down": {"uv": [11, 6, 13, 8.5], "rotation": 270, "texture": "#texture"}
			}
		},
		{
			"from": [7.73544, 3.87776, 7],
			"to": [8.44044, 4.58276, 7.2],
			"rotation": {"angle": 45, "axis": "z", "origin": [8.09568, 5.03601, 7.09187]},
			"faces": {
				"north": {"uv": [11, 7, 13.5, 9], "rotation": 90, "texture": "#texture"},
				"east": {"uv": [11, 6.25, 14, 8.75], "rotation": 270, "texture": "#texture"},
				"south": {"uv": [11.5, 6, 14, 8.5], "rotation": 270, "texture": "#texture"},
				"west": {"uv": [11, 6.5, 13, 9.5], "rotation": 270, "texture": "#texture"},
				"up": {"uv": [11.75, 6.25, 13.75, 8.75], "rotation": 270, "texture": "#texture"},
				"down": {"uv": [11, 6, 13, 8.5], "rotation": 270, "texture": "#texture"}
			}
		},
		{
			"from": [7.73544, 5.47776, 8.8],
			"to": [8.44044, 6.18276, 9],
			"rotation": {"angle": 45, "axis": "z", "origin": [8.09568, 6.63601, 8.89187]},
			"faces": {
				"north": {"uv": [11, 7, 13.5, 9], "rotation": 90, "texture": "#texture"},
				"east": {"uv": [11, 6.25, 14, 8.75], "rotation": 270, "texture": "#texture"},
				"south": {"uv": [11.5, 6, 14, 8.5], "rotation": 270, "texture": "#texture"},
				"west": {"uv": [11, 6.5, 13, 9.5], "rotation": 270, "texture": "#texture"},
				"up": {"uv": [11.75, 6.25, 13.75, 8.75], "rotation": 270, "texture": "#texture"},
				"down": {"uv": [11, 6, 13, 8.5], "rotation": 270, "texture": "#texture"}
			}
		},
		{
			"from": [7.73544, 5.47776, 7],
			"to": [8.44044, 6.18276, 7.2],
			"rotation": {"angle": 45, "axis": "z", "origin": [8.09568, 6.63601, 7.09187]},
			"faces": {
				"north": {"uv": [11, 7, 13.5, 9], "rotation": 90, "texture": "#texture"},
				"east": {"uv": [11, 6.25, 14, 8.75], "rotation": 270, "texture": "#texture"},
				"south": {"uv": [11.5, 6, 14, 8.5], "rotation": 270, "texture": "#texture"},
				"west": {"uv": [11, 6.5, 13, 9.5], "rotation": 270, "texture": "#texture"},
				"up": {"uv": [11.75, 6.25, 13.75, 8.75], "rotation": 270, "texture": "#texture"},
				"down": {"uv": [11, 6, 13, 8.5], "rotation": 270, "texture": "#texture"}
			}
		},
		{
			"from": [7.73544, 7.07776, 8.8],
			"to": [8.44044, 7.78276, 9],
			"rotation": {"angle": 45, "axis": "z", "origin": [8.09568, 8.23601, 8.89187]},
			"faces": {
				"north": {"uv": [11, 7, 13.5, 9], "rotation": 90, "texture": "#texture"},
				"east": {"uv": [11, 6.25, 14, 8.75], "rotation": 270, "texture": "#texture"},
				"south": {"uv": [11.5, 6, 14, 8.5], "rotation": 270, "texture": "#texture"},
				"west": {"uv": [11, 6.5, 13, 9.5], "rotation": 270, "texture": "#texture"},
				"up": {"uv": [11.75, 6.25, 13.75, 8.75], "rotation": 270, "texture": "#texture"},
				"down": {"uv": [11, 6, 13, 8.5], "rotation": 270, "texture": "#texture"}
			}
		},
		{
			"from": [7.73544, 7.07776, 7],
			"to": [8.44044, 7.78276, 7.2],
			"rotation": {"angle": 45, "axis": "z", "origin": [8.09568, 8.23601, 7.09187]},
			"faces": {
				"north": {"uv": [11, 7, 13.5, 9], "rotation": 90, "texture": "#texture"},
				"east": {"uv": [11, 6.25, 14, 8.75], "rotation": 270, "texture": "#texture"},
				"south": {"uv": [11.5, 6, 14, 8.5], "rotation": 270, "texture": "#texture"},
				"west": {"uv": [11, 6.5, 13, 9.5], "rotation": 270, "texture": "#texture"},
				"up": {"uv": [11.75, 6.25, 13.75, 8.75], "rotation": 270, "texture": "#texture"},
				"down": {"uv": [11, 6, 13, 8.5], "rotation": 270, "texture": "#texture"}
			}
		},
		{
			"from": [8.53743, 3.09125, 8.8],
			"to": [9.24243, 3.79625, 9],
			"rotation": {"angle": 45, "axis": "z", "origin": [8.09568, 3.43601, 8.89187]},
			"faces": {
				"north": {"uv": [11, 7, 13.5, 9], "texture": "#texture"},
				"east": {"uv": [11.75, 6.25, 13.75, 8.75], "texture": "#texture"},
				"south": {"uv": [11.5, 6, 14, 8.5], "texture": "#texture"},
				"west": {"uv": [11, 6, 13, 8.5], "texture": "#texture"},
				"up": {"uv": [11, 6.5, 13, 9.5], "texture": "#texture"},
				"down": {"uv": [11, 6.25, 14, 8.75], "texture": "#texture"}
			}
		},
		{
			"from": [8.53743, 3.09125, 7],
			"to": [9.24243, 3.79625, 7.2],
			"rotation": {"angle": 45, "axis": "z", "origin": [8.09568, 3.43601, 7.09187]},
			"faces": {
				"north": {"uv": [11, 7, 13.5, 9], "texture": "#texture"},
				"east": {"uv": [11.75, 6.25, 13.75, 8.75], "texture": "#texture"},
				"south": {"uv": [11.5, 6, 14, 8.5], "texture": "#texture"},
				"west": {"uv": [11, 6, 13, 8.5], "texture": "#texture"},
				"up": {"uv": [11, 6.5, 13, 9.5], "texture": "#texture"},
				"down": {"uv": [11, 6.25, 14, 8.75], "texture": "#texture"}
			}
		},
		{
			"from": [8.53743, 4.69125, 8.8],
			"to": [9.24243, 5.39625, 9],
			"rotation": {"angle": 45, "axis": "z", "origin": [8.09568, 5.03601, 8.89187]},
			"faces": {
				"north": {"uv": [11, 7, 13.5, 9], "texture": "#texture"},
				"east": {"uv": [11.75, 6.25, 13.75, 8.75], "texture": "#texture"},
				"south": {"uv": [11.5, 6, 14, 8.5], "texture": "#texture"},
				"west": {"uv": [11, 6, 13, 8.5], "texture": "#texture"},
				"up": {"uv": [11, 6.5, 13, 9.5], "texture": "#texture"},
				"down": {"uv": [11, 6.25, 14, 8.75], "texture": "#texture"}
			}
		},
		{
			"from": [8.53743, 4.69125, 7],
			"to": [9.24243, 5.39625, 7.2],
			"rotation": {"angle": 45, "axis": "z", "origin": [8.09568, 5.03601, 7.09187]},
			"faces": {
				"north": {"uv": [11, 7, 13.5, 9], "texture": "#texture"},
				"east": {"uv": [11.75, 6.25, 13.75, 8.75], "texture": "#texture"},
				"south": {"uv": [11.5, 6, 14, 8.5], "texture": "#texture"},
				"west": {"uv": [11, 6, 13, 8.5], "texture": "#texture"},
				"up": {"uv": [11, 6.5, 13, 9.5], "texture": "#texture"},
				"down": {"uv": [11, 6.25, 14, 8.75], "texture": "#texture"}
			}
		},
		{
			"from": [8.53743, 6.29125, 8.8],
			"to": [9.24243, 6.99625, 9],
			"rotation": {"angle": 45, "axis": "z", "origin": [8.09568, 6.63601, 8.89187]},
			"faces": {
				"north": {"uv": [11, 7, 13.5, 9], "texture": "#texture"},
				"east": {"uv": [11.75, 6.25, 13.75, 8.75], "texture": "#texture"},
				"south": {"uv": [11.5, 6, 14, 8.5], "texture": "#texture"},
				"west": {"uv": [11, 6, 13, 8.5], "texture": "#texture"},
				"up": {"uv": [11, 6.5, 13, 9.5], "texture": "#texture"},
				"down": {"uv": [11, 6.25, 14, 8.75], "texture": "#texture"}
			}
		},
		{
			"from": [8.53743, 6.29125, 7],
			"to": [9.24243, 6.99625, 7.2],
			"rotation": {"angle": 45, "axis": "z", "origin": [8.09568, 6.63601, 7.09187]},
			"faces": {
				"north": {"uv": [11, 7, 13.5, 9], "texture": "#texture"},
				"east": {"uv": [11.75, 6.25, 13.75, 8.75], "texture": "#texture"},
				"south": {"uv": [11.5, 6, 14, 8.5], "texture": "#texture"},
				"west": {"uv": [11, 6, 13, 8.5], "texture": "#texture"},
				"up": {"uv": [11, 6.5, 13, 9.5], "texture": "#texture"},
				"down": {"uv": [11, 6.25, 14, 8.75], "texture": "#texture"}
			}
		},
		{
			"from": [8.53743, 7.89125, 8.8],
			"to": [9.24243, 8.59625, 9],
			"rotation": {"angle": 45, "axis": "z", "origin": [8.09568, 8.23601, 8.89187]},
			"faces": {
				"north": {"uv": [11, 7, 13.5, 9], "texture": "#texture"},
				"east": {"uv": [11.75, 6.25, 13.75, 8.75], "texture": "#texture"},
				"south": {"uv": [11.5, 6, 14, 8.5], "texture": "#texture"},
				"west": {"uv": [11, 6, 13, 8.5], "texture": "#texture"},
				"up": {"uv": [11, 6.5, 13, 9.5], "texture": "#texture"},
				"down": {"uv": [11, 6.25, 14, 8.75], "texture": "#texture"}
			}
		},
		{
			"from": [8.53743, 7.89125, 7],
			"to": [9.24243, 8.59625, 7.2],
			"rotation": {"angle": 45, "axis": "z", "origin": [8.09568, 8.23601, 7.09187]},
			"faces": {
				"north": {"uv": [11, 7, 13.5, 9], "texture": "#texture"},
				"east": {"uv": [11.75, 6.25, 13.75, 8.75], "texture": "#texture"},
				"south": {"uv": [11.5, 6, 14, 8.5], "texture": "#texture"},
				"west": {"uv": [11, 6, 13, 8.5], "texture": "#texture"},
				"up": {"uv": [11, 6.5, 13, 9.5], "texture": "#texture"},
				"down": {"uv": [11, 6.25, 14, 8.75], "texture": "#texture"}
			}
		},
		{
			"from": [7.73544, 3.82776, 8.8],
			"to": [8.44044, 4.53276, 9],
			"rotation": {"angle": 45, "axis": "z", "origin": [8.09568, 3.43601, 8.89187]},
			"faces": {
				"north": {"uv": [11, 7, 13.5, 9], "rotation": 90, "texture": "#texture"},
				"east": {"uv": [11, 6.25, 14, 8.75], "rotation": 270, "texture": "#texture"},
				"south": {"uv": [11.5, 6, 14, 8.5], "rotation": 270, "texture": "#texture"},
				"west": {"uv": [11, 6.5, 13, 9.5], "rotation": 270, "texture": "#texture"},
				"up": {"uv": [11.75, 6.25, 13.75, 8.75], "rotation": 270, "texture": "#texture"},
				"down": {"uv": [11, 6, 13, 8.5], "rotation": 270, "texture": "#texture"}
			}
		},
		{
			"from": [7.73544, 3.82776, 7],
			"to": [8.44044, 4.53276, 7.2],
			"rotation": {"angle": 45, "axis": "z", "origin": [8.09568, 3.43601, 7.09187]},
			"faces": {
				"north": {"uv": [11, 7, 13.5, 9], "rotation": 90, "texture": "#texture"},
				"east": {"uv": [11, 6.25, 14, 8.75], "rotation": 270, "texture": "#texture"},
				"south": {"uv": [11.5, 6, 14, 8.5], "rotation": 270, "texture": "#texture"},
				"west": {"uv": [11, 6.5, 13, 9.5], "rotation": 270, "texture": "#texture"},
				"up": {"uv": [11.75, 6.25, 13.75, 8.75], "rotation": 270, "texture": "#texture"},
				"down": {"uv": [11, 6, 13, 8.5], "rotation": 270, "texture": "#texture"}
			}
		},
		{
			"from": [7.73544, 5.42776, 8.8],
			"to": [8.44044, 6.13276, 9],
			"rotation": {"angle": 45, "axis": "z", "origin": [8.09568, 5.03601, 8.89187]},
			"faces": {
				"north": {"uv": [11, 7, 13.5, 9], "rotation": 90, "texture": "#texture"},
				"east": {"uv": [11, 6.25, 14, 8.75], "rotation": 270, "texture": "#texture"},
				"south": {"uv": [11.5, 6, 14, 8.5], "rotation": 270, "texture": "#texture"},
				"west": {"uv": [11, 6.5, 13, 9.5], "rotation": 270, "texture": "#texture"},
				"up": {"uv": [11.75, 6.25, 13.75, 8.75], "rotation": 270, "texture": "#texture"},
				"down": {"uv": [11, 6, 13, 8.5], "rotation": 270, "texture": "#texture"}
			}
		},
		{
			"from": [7.73544, 5.42776, 7],
			"to": [8.44044, 6.13276, 7.2],
			"rotation": {"angle": 45, "axis": "z", "origin": [8.09568, 5.03601, 7.09187]},
			"faces": {
				"north": {"uv": [11, 7, 13.5, 9], "rotation": 90, "texture": "#texture"},
				"east": {"uv": [11, 6.25, 14, 8.75], "rotation": 270, "texture": "#texture"},
				"south": {"uv": [11.5, 6, 14, 8.5], "rotation": 270, "texture": "#texture"},
				"west": {"uv": [11, 6.5, 13, 9.5], "rotation": 270, "texture": "#texture"},
				"up": {"uv": [11.75, 6.25, 13.75, 8.75], "rotation": 270, "texture": "#texture"},
				"down": {"uv": [11, 6, 13, 8.5], "rotation": 270, "texture": "#texture"}
			}
		},
		{
			"from": [7.73544, 7.02776, 8.8],
			"to": [8.44044, 7.73276, 9],
			"rotation": {"angle": 45, "axis": "z", "origin": [8.09568, 6.63601, 8.89187]},
			"faces": {
				"north": {"uv": [11, 7, 13.5, 9], "rotation": 90, "texture": "#texture"},
				"east": {"uv": [11, 6.25, 14, 8.75], "rotation": 270, "texture": "#texture"},
				"south": {"uv": [11.5, 6, 14, 8.5], "rotation": 270, "texture": "#texture"},
				"west": {"uv": [11, 6.5, 13, 9.5], "rotation": 270, "texture": "#texture"},
				"up": {"uv": [11.75, 6.25, 13.75, 8.75], "rotation": 270, "texture": "#texture"},
				"down": {"uv": [11, 6, 13, 8.5], "rotation": 270, "texture": "#texture"}
			}
		},
		{
			"from": [7.73544, 7.02776, 7],
			"to": [8.44044, 7.73276, 7.2],
			"rotation": {"angle": 45, "axis": "z", "origin": [8.09568, 6.63601, 7.09187]},
			"faces": {
				"north": {"uv": [11, 7, 13.5, 9], "rotation": 90, "texture": "#texture"},
				"east": {"uv": [11, 6.25, 14, 8.75], "rotation": 270, "texture": "#texture"},
				"south": {"uv": [11.5, 6, 14, 8.5], "rotation": 270, "texture": "#texture"},
				"west": {"uv": [11, 6.5, 13, 9.5], "rotation": 270, "texture": "#texture"},
				"up": {"uv": [11.75, 6.25, 13.75, 8.75], "rotation": 270, "texture": "#texture"},
				"down": {"uv": [11, 6, 13, 8.5], "rotation": 270, "texture": "#texture"}
			}
		},
		{
			"from": [7.73544, 8.62776, 8.8],
			"to": [8.44044, 9.33276, 9],
			"rotation": {"angle": 45, "axis": "z", "origin": [8.09568, 8.23601, 8.89187]},
			"faces": {
				"north": {"uv": [11, 7, 13.5, 9], "rotation": 90, "texture": "#texture"},
				"east": {"uv": [11, 6.25, 14, 8.75], "rotation": 270, "texture": "#texture"},
				"south": {"uv": [11.5, 6, 14, 8.5], "rotation": 270, "texture": "#texture"},
				"west": {"uv": [11, 6.5, 13, 9.5], "rotation": 270, "texture": "#texture"},
				"up": {"uv": [11.75, 6.25, 13.75, 8.75], "rotation": 270, "texture": "#texture"},
				"down": {"uv": [11, 6, 13, 8.5], "rotation": 270, "texture": "#texture"}
			}
		},
		{
			"from": [7.73544, 8.62776, 7],
			"to": [8.44044, 9.33276, 7.2],
			"rotation": {"angle": 45, "axis": "z", "origin": [8.09568, 8.23601, 7.09187]},
			"faces": {
				"north": {"uv": [11, 7, 13.5, 9], "rotation": 90, "texture": "#texture"},
				"east": {"uv": [11, 6.25, 14, 8.75], "rotation": 270, "texture": "#texture"},
				"south": {"uv": [11.5, 6, 14, 8.5], "rotation": 270, "texture": "#texture"},
				"west": {"uv": [11, 6.5, 13, 9.5], "rotation": 270, "texture": "#texture"},
				"up": {"uv": [11.75, 6.25, 13.75, 8.75], "rotation": 270, "texture": "#texture"},
				"down": {"uv": [11, 6, 13, 8.5], "rotation": 270, "texture": "#texture"}
			}
		},
		{
			"from": [7.7426, 2.23504, 8.8],
			"to": [8.5426, 3.03504, 9],
			"rotation": {"angle": 0, "axis": "z", "origin": [6.80293, -2.23243, 7.99156]},
			"faces": {
				"north": {"uv": [11, 7, 13.5, 9], "texture": "#texture"},
				"east": {"uv": [11.75, 6.25, 13.75, 8.75], "texture": "#texture"},
				"south": {"uv": [11.5, 6, 14, 8.5], "texture": "#texture"},
				"west": {"uv": [11, 6, 13, 8.5], "texture": "#texture"},
				"up": {"uv": [11, 6.5, 13, 9.5], "texture": "#texture"},
				"down": {"uv": [11, 6.25, 14, 8.75], "texture": "#texture"}
			}
		},
		{
			"from": [7.7426, 2.23504, 7],
			"to": [8.5426, 3.03504, 7.2],
			"rotation": {"angle": 0, "axis": "z", "origin": [6.80293, -2.23243, 6.19156]},
			"faces": {
				"north": {"uv": [11, 7, 13.5, 9], "texture": "#texture"},
				"east": {"uv": [11.75, 6.25, 13.75, 8.75], "texture": "#texture"},
				"south": {"uv": [11.5, 6, 14, 8.5], "texture": "#texture"},
				"west": {"uv": [11, 6, 13, 8.5], "texture": "#texture"},
				"up": {"uv": [11, 6.5, 13, 9.5], "texture": "#texture"},
				"down": {"uv": [11, 6.25, 14, 8.75], "texture": "#texture"}
			}
		},
		{
			"from": [7.7426, 3.83504, 8.8],
			"to": [8.5426, 4.63504, 9],
			"rotation": {"angle": 0, "axis": "z", "origin": [6.80293, -0.63243, 7.99156]},
			"faces": {
				"north": {"uv": [11, 7, 13.5, 9], "texture": "#texture"},
				"east": {"uv": [11.75, 6.25, 13.75, 8.75], "texture": "#texture"},
				"south": {"uv": [11.5, 6, 14, 8.5], "texture": "#texture"},
				"west": {"uv": [11, 6, 13, 8.5], "texture": "#texture"},
				"up": {"uv": [11, 6.5, 13, 9.5], "texture": "#texture"},
				"down": {"uv": [11, 6.25, 14, 8.75], "texture": "#texture"}
			}
		},
		{
			"from": [7.7426, 3.83504, 7],
			"to": [8.5426, 4.63504, 7.2],
			"rotation": {"angle": 0, "axis": "z", "origin": [6.80293, -0.63243, 6.19156]},
			"faces": {
				"north": {"uv": [11, 7, 13.5, 9], "texture": "#texture"},
				"east": {"uv": [11.75, 6.25, 13.75, 8.75], "texture": "#texture"},
				"south": {"uv": [11.5, 6, 14, 8.5], "texture": "#texture"},
				"west": {"uv": [11, 6, 13, 8.5], "texture": "#texture"},
				"up": {"uv": [11, 6.5, 13, 9.5], "texture": "#texture"},
				"down": {"uv": [11, 6.25, 14, 8.75], "texture": "#texture"}
			}
		},
		{
			"from": [7.7426, 5.43504, 8.8],
			"to": [8.5426, 6.23504, 9],
			"rotation": {"angle": 0, "axis": "z", "origin": [6.80293, 0.96757, 7.99156]},
			"faces": {
				"north": {"uv": [11, 7, 13.5, 9], "texture": "#texture"},
				"east": {"uv": [11.75, 6.25, 13.75, 8.75], "texture": "#texture"},
				"south": {"uv": [11.5, 6, 14, 8.5], "texture": "#texture"},
				"west": {"uv": [11, 6, 13, 8.5], "texture": "#texture"},
				"up": {"uv": [11, 6.5, 13, 9.5], "texture": "#texture"},
				"down": {"uv": [11, 6.25, 14, 8.75], "texture": "#texture"}
			}
		},
		{
			"from": [7.7426, 5.43504, 7],
			"to": [8.5426, 6.23504, 7.2],
			"rotation": {"angle": 0, "axis": "z", "origin": [6.80293, 0.96757, 6.19156]},
			"faces": {
				"north": {"uv": [11, 7, 13.5, 9], "texture": "#texture"},
				"east": {"uv": [11.75, 6.25, 13.75, 8.75], "texture": "#texture"},
				"south": {"uv": [11.5, 6, 14, 8.5], "texture": "#texture"},
				"west": {"uv": [11, 6, 13, 8.5], "texture": "#texture"},
				"up": {"uv": [11, 6.5, 13, 9.5], "texture": "#texture"},
				"down": {"uv": [11, 6.25, 14, 8.75], "texture": "#texture"}
			}
		},
		{
			"from": [7.7426, 7.03504, 8.8],
			"to": [8.5426, 7.83504, 9],
			"rotation": {"angle": 0, "axis": "z", "origin": [6.80293, 2.56757, 7.99156]},
			"faces": {
				"north": {"uv": [11, 7, 13.5, 9], "texture": "#texture"},
				"east": {"uv": [11.75, 6.25, 13.75, 8.75], "texture": "#texture"},
				"south": {"uv": [11.5, 6, 14, 8.5], "texture": "#texture"},
				"west": {"uv": [11, 6, 13, 8.5], "texture": "#texture"},
				"up": {"uv": [11, 6.5, 13, 9.5], "texture": "#texture"},
				"down": {"uv": [11, 6.25, 14, 8.75], "texture": "#texture"}
			}
		},
		{
			"from": [7.7426, 7.03504, 7],
			"to": [8.5426, 7.83504, 7.2],
			"rotation": {"angle": 0, "axis": "z", "origin": [6.80293, 2.56757, 6.19156]},
			"faces": {
				"north": {"uv": [11, 7, 13.5, 9], "texture": "#texture"},
				"east": {"uv": [11.75, 6.25, 13.75, 8.75], "texture": "#texture"},
				"south": {"uv": [11.5, 6, 14, 8.5], "texture": "#texture"},
				"west": {"uv": [11, 6, 13, 8.5], "texture": "#texture"},
				"up": {"uv": [11, 6.5, 13, 9.5], "texture": "#texture"},
				"down": {"uv": [11, 6.25, 14, 8.75], "texture": "#texture"}
			}
		},
		{
			"from": [7.7426, 8.63504, 8.8],
			"to": [8.5426, 9.53504, 9],
			"rotation": {"angle": 0, "axis": "z", "origin": [6.80293, 4.16757, 7.99156]},
			"faces": {
				"north": {"uv": [11, 7, 13.5, 9], "texture": "#texture"},
				"east": {"uv": [11.75, 6.25, 13.75, 8.75], "texture": "#texture"},
				"south": {"uv": [11.5, 6, 14, 8.5], "texture": "#texture"},
				"west": {"uv": [11, 6, 13, 8.5], "texture": "#texture"},
				"up": {"uv": [11, 6.5, 13, 9.5], "texture": "#texture"},
				"down": {"uv": [11, 6.25, 14, 8.75], "texture": "#texture"}
			}
		},
		{
			"from": [7.7426, 8.63504, 7],
			"to": [8.5426, 9.53504, 7.2],
			"rotation": {"angle": 0, "axis": "z", "origin": [6.80293, 4.16757, 6.19156]},
			"faces": {
				"north": {"uv": [11, 7, 13.5, 9], "texture": "#texture"},
				"east": {"uv": [11.75, 6.25, 13.75, 8.75], "texture": "#texture"},
				"south": {"uv": [11.5, 6, 14, 8.5], "texture": "#texture"},
				"west": {"uv": [11, 6, 13, 8.5], "texture": "#texture"},
				"up": {"uv": [11, 6.5, 13, 9.5], "texture": "#texture"},
				"down": {"uv": [11, 6.25, 14, 8.75], "texture": "#texture"}
			}
		},
		{
			"from": [5.75, 0.5, 7],
			"to": [7.25, 1.25, 9],
			"rotation": {"angle": -22.5, "axis": "z", "origin": [6.80293, 1.96757, 7.99156]},
			"faces": {
				"north": {"uv": [11, 7, 13.5, 9], "texture": "#texture"},
				"east": {"uv": [11.75, 6.25, 13.75, 8.75], "texture": "#texture"},
				"south": {"uv": [11.5, 6, 14, 8.5], "texture": "#texture"},
				"west": {"uv": [11, 6, 13, 8.5], "texture": "#texture"},
				"up": {"uv": [11, 6.5, 13, 9.5], "texture": "#texture"},
				"down": {"uv": [11, 6.25, 14, 8.75], "texture": "#texture"}
			}
		},
		{
			"from": [5.55555, 0.95756, 7],
			"to": [7.05555, 1.70756, 9],
			"rotation": {"angle": 0, "axis": "z", "origin": [6.80293, 1.96757, 7.99156]},
			"faces": {
				"north": {"uv": [11, 7, 13.5, 9], "texture": "#texture"},
				"east": {"uv": [11.75, 6.25, 13.75, 8.75], "texture": "#texture"},
				"south": {"uv": [11.5, 6, 14, 8.5], "texture": "#texture"},
				"west": {"uv": [11, 6, 13, 8.5], "texture": "#texture"},
				"up": {"uv": [11, 6.5, 13, 9.5], "texture": "#texture"},
				"down": {"uv": [11, 6.25, 14, 8.75], "texture": "#texture"}
			}
		},
		{
			"from": [5.72777, 1.27793, 7],
			"to": [7.22777, 2.02793, 9],
			"rotation": {"angle": 22.5, "axis": "z", "origin": [6.80293, 1.96757, 7.99156]},
			"faces": {
				"north": {"uv": [11, 7, 13.5, 9], "texture": "#texture"},
				"east": {"uv": [11.75, 6.25, 13.75, 8.75], "texture": "#texture"},
				"south": {"uv": [11.5, 6, 14, 8.5], "texture": "#texture"},
				"west": {"uv": [11, 6, 13, 8.5], "texture": "#texture"},
				"up": {"uv": [11, 6.5, 13, 9.5], "texture": "#texture"},
				"down": {"uv": [11, 6.25, 14, 8.75], "texture": "#texture"}
			}
		},
		{
			"name": "bullet",
			"from": [7.5426, 2.43504, 7.3],
			"to": [9.1426, 3.13504, 8],
			"rotation": {"angle": 0, "axis": "z", "origin": [6.80293, 1.96757, 7.69156]},
			"faces": {
				"north": {"uv": [3.5, 2.5, 5.5, 5.5], "texture": "#1"},
				"east": {"uv": [3.5, 2.5, 5.5, 5.5], "texture": "#1"},
				"south": {"uv": [3.5, 2.5, 5.5, 5.5], "texture": "#1"},
				"west": {"uv": [3.5, 2.5, 5.5, 5.5], "texture": "#1"},
				"up": {"uv": [3.5, 2.5, 5.5, 5.5], "texture": "#1"},
				"down": {"uv": [3.5, 2.5, 5.5, 5.5], "texture": "#1"}
			}
		},
		{
			"name": "bullet",
			"from": [7.5426, 3.23504, 8],
			"to": [9.1426, 3.93504, 8.7],
			"rotation": {"angle": 0, "axis": "z", "origin": [6.80293, 2.76757, 8.39156]},
			"faces": {
				"north": {"uv": [3.5, 2.5, 5.5, 5.5], "texture": "#1"},
				"east": {"uv": [3.5, 2.5, 5.5, 5.5], "texture": "#1"},
				"south": {"uv": [3.5, 2.5, 5.5, 5.5], "texture": "#1"},
				"west": {"uv": [3.5, 2.5, 5.5, 5.5], "texture": "#1"},
				"up": {"uv": [3.5, 2.5, 5.5, 5.5], "texture": "#1"},
				"down": {"uv": [3.5, 2.5, 5.5, 5.5], "texture": "#1"}
			}
		},
		{
			"name": "bullet",
			"from": [7.5426, 4.83504, 8],
			"to": [9.1426, 5.53504, 8.7],
			"rotation": {"angle": 0, "axis": "z", "origin": [6.80293, 4.36757, 8.39156]},
			"faces": {
				"north": {"uv": [3.5, 2.5, 5.5, 5.5], "texture": "#1"},
				"east": {"uv": [3.5, 2.5, 5.5, 5.5], "texture": "#1"},
				"south": {"uv": [3.5, 2.5, 5.5, 5.5], "texture": "#1"},
				"west": {"uv": [3.5, 2.5, 5.5, 5.5], "texture": "#1"},
				"up": {"uv": [3.5, 2.5, 5.5, 5.5], "texture": "#1"},
				"down": {"uv": [3.5, 2.5, 5.5, 5.5], "texture": "#1"}
			}
		},
		{
			"name": "bullet",
			"from": [7.5426, 6.43504, 8],
			"to": [9.1426, 7.13504, 8.7],
			"rotation": {"angle": 0, "axis": "z", "origin": [6.80293, 5.96757, 8.39156]},
			"faces": {
				"north": {"uv": [3.5, 2.5, 5.5, 5.5], "texture": "#1"},
				"east": {"uv": [3.5, 2.5, 5.5, 5.5], "texture": "#1"},
				"south": {"uv": [3.5, 2.5, 5.5, 5.5], "texture": "#1"},
				"west": {"uv": [3.5, 2.5, 5.5, 5.5], "texture": "#1"},
				"up": {"uv": [3.5, 2.5, 5.5, 5.5], "texture": "#1"},
				"down": {"uv": [3.5, 2.5, 5.5, 5.5], "texture": "#1"}
			}
		},
		{
			"name": "bullet",
			"from": [7.5426, 4.03504, 7.3],
			"to": [9.1426, 4.73504, 8],
			"rotation": {"angle": 0, "axis": "z", "origin": [6.80293, 3.56757, 7.69156]},
			"faces": {
				"north": {"uv": [3.5, 2.5, 5.5, 5.5], "texture": "#1"},
				"east": {"uv": [3.5, 2.5, 5.5, 5.5], "texture": "#1"},
				"south": {"uv": [3.5, 2.5, 5.5, 5.5], "texture": "#1"},
				"west": {"uv": [3.5, 2.5, 5.5, 5.5], "texture": "#1"},
				"up": {"uv": [3.5, 2.5, 5.5, 5.5], "texture": "#1"},
				"down": {"uv": [3.5, 2.5, 5.5, 5.5], "texture": "#1"}
			}
		},
		{
			"name": "bullet",
			"from": [7.5426, 5.63504, 7.3],
			"to": [9.1426, 6.33504, 8],
			"rotation": {"angle": 0, "axis": "z", "origin": [6.80293, 5.16757, 7.69156]},
			"faces": {
				"north": {"uv": [3.5, 2.5, 5.5, 5.5], "texture": "#1"},
				"east": {"uv": [3.5, 2.5, 5.5, 5.5], "texture": "#1"},
				"south": {"uv": [3.5, 2.5, 5.5, 5.5], "texture": "#1"},
				"west": {"uv": [3.5, 2.5, 5.5, 5.5], "texture": "#1"},
				"up": {"uv": [3.5, 2.5, 5.5, 5.5], "texture": "#1"},
				"down": {"uv": [3.5, 2.5, 5.5, 5.5], "texture": "#1"}
			}
		},
		{
			"name": "bullet",
			"from": [7.5426, 7.23504, 7.3],
			"to": [9.1426, 7.93504, 8],
			"rotation": {"angle": 0, "axis": "z", "origin": [6.80293, 6.76757, 7.69156]},
			"faces": {
				"north": {"uv": [3.5, 2.5, 5.5, 5.5], "texture": "#1"},
				"east": {"uv": [3.5, 2.5, 5.5, 5.5], "texture": "#1"},
				"south": {"uv": [3.5, 2.5, 5.5, 5.5], "texture": "#1"},
				"west": {"uv": [3.5, 2.5, 5.5, 5.5], "texture": "#1"},
				"up": {"uv": [3.5, 2.5, 5.5, 5.5], "texture": "#1"},
				"down": {"uv": [3.5, 2.5, 5.5, 5.5], "texture": "#1"}
			}
		},
		{
			"name": "bullet",
			"from": [7.5426, 8.83504, 7.3],
			"to": [9.1426, 9.53504, 8],
			"rotation": {"angle": 0, "axis": "z", "origin": [6.80293, 8.36757, 7.69156]},
			"faces": {
				"north": {"uv": [3.5, 2.5, 5.5, 5.5], "texture": "#1"},
				"east": {"uv": [3.5, 2.5, 5.5, 5.5], "texture": "#1"},
				"south": {"uv": [3.5, 2.5, 5.5, 5.5], "texture": "#1"},
				"west": {"uv": [3.5, 2.5, 5.5, 5.5], "texture": "#1"},
				"up": {"uv": [3.5, 2.5, 5.5, 5.5], "texture": "#1"},
				"down": {"uv": [3.5, 2.5, 5.5, 5.5], "texture": "#1"}
			}
		},
		{
			"name": "bullet",
			"from": [7.5426, 8.03504, 8],
			"to": [9.1426, 8.73504, 8.7],
			"rotation": {"angle": 0, "axis": "z", "origin": [6.80293, 7.56757, 8.39156]},
			"faces": {
				"north": {"uv": [3.5, 2.5, 5.5, 5.5], "texture": "#1"},
				"east": {"uv": [3.5, 2.5, 5.5, 5.5], "texture": "#1"},
				"south": {"uv": [3.5, 2.5, 5.5, 5.5], "texture": "#1"},
				"west": {"uv": [3.5, 2.5, 5.5, 5.5], "texture": "#1"},
				"up": {"uv": [3.5, 2.5, 5.5, 5.5], "texture": "#1"},
				"down": {"uv": [3.5, 2.5, 5.5, 5.5], "texture": "#1"}
			}
		},
		{
			"name": "bullet",
			"from": [7.0426, 2.43504, 7.3],
			"to": [7.5426, 3.13504, 8],
			"rotation": {"angle": 0, "axis": "z", "origin": [6.70293, 1.96757, 7.69156]},
			"faces": {
				"north": {"uv": [10, 2, 12, 5], "texture": "#1"},
				"east": {"uv": [10, 2, 12, 5], "texture": "#1"},
				"south": {"uv": [10, 2, 12, 5], "texture": "#1"},
				"west": {"uv": [10, 2, 12, 5], "texture": "#1"},
				"up": {"uv": [10, 2, 12, 5], "texture": "#1"},
				"down": {"uv": [10, 2, 12, 5], "texture": "#1"}
			}
		},
		{
			"name": "bullet",
			"from": [7.0426, 3.23504, 8],
			"to": [7.5426, 3.93504, 8.7],
			"rotation": {"angle": 0, "axis": "z", "origin": [6.70293, 2.76757, 8.39156]},
			"faces": {
				"north": {"uv": [10, 2, 12, 5], "texture": "#1"},
				"east": {"uv": [10, 2, 12, 5], "texture": "#1"},
				"south": {"uv": [10, 2, 12, 5], "texture": "#1"},
				"west": {"uv": [10, 2, 12, 5], "texture": "#1"},
				"up": {"uv": [10, 2, 12, 5], "texture": "#1"},
				"down": {"uv": [10, 2, 12, 5], "texture": "#1"}
			}
		},
		{
			"name": "bullet",
			"from": [7.0426, 4.83504, 8],
			"to": [7.5426, 5.53504, 8.7],
			"rotation": {"angle": 0, "axis": "z", "origin": [6.70293, 4.36757, 8.39156]},
			"faces": {
				"north": {"uv": [10, 2, 12, 5], "texture": "#1"},
				"east": {"uv": [10, 2, 12, 5], "texture": "#1"},
				"south": {"uv": [10, 2, 12, 5], "texture": "#1"},
				"west": {"uv": [10, 2, 12, 5], "texture": "#1"},
				"up": {"uv": [10, 2, 12, 5], "texture": "#1"},
				"down": {"uv": [10, 2, 12, 5], "texture": "#1"}
			}
		},
		{
			"name": "bullet",
			"from": [7.0426, 6.43504, 8],
			"to": [7.5426, 7.13504, 8.7],
			"rotation": {"angle": 0, "axis": "z", "origin": [6.70293, 5.96757, 8.39156]},
			"faces": {
				"north": {"uv": [10, 2, 12, 5], "texture": "#1"},
				"east": {"uv": [10, 2, 12, 5], "texture": "#1"},
				"south": {"uv": [10, 2, 12, 5], "texture": "#1"},
				"west": {"uv": [10, 2, 12, 5], "texture": "#1"},
				"up": {"uv": [10, 2, 12, 5], "texture": "#1"},
				"down": {"uv": [10, 2, 12, 5], "texture": "#1"}
			}
		},
		{
			"name": "bullet",
			"from": [7.0426, 4.03504, 7.3],
			"to": [7.5426, 4.73504, 8],
			"rotation": {"angle": 0, "axis": "z", "origin": [6.70293, 3.56757, 7.69156]},
			"faces": {
				"north": {"uv": [10, 2, 12, 5], "texture": "#1"},
				"east": {"uv": [10, 2, 12, 5], "texture": "#1"},
				"south": {"uv": [10, 2, 12, 5], "texture": "#1"},
				"west": {"uv": [10, 2, 12, 5], "texture": "#1"},
				"up": {"uv": [10, 2, 12, 5], "texture": "#1"},
				"down": {"uv": [10, 2, 12, 5], "texture": "#1"}
			}
		},
		{
			"name": "bullet",
			"from": [7.0426, 5.63504, 7.3],
			"to": [7.5426, 6.33504, 8],
			"rotation": {"angle": 0, "axis": "z", "origin": [6.70293, 5.16757, 7.69156]},
			"faces": {
				"north": {"uv": [10, 2, 12, 5], "texture": "#1"},
				"east": {"uv": [10, 2, 12, 5], "texture": "#1"},
				"south": {"uv": [10, 2, 12, 5], "texture": "#1"},
				"west": {"uv": [10, 2, 12, 5], "texture": "#1"},
				"up": {"uv": [10, 2, 12, 5], "texture": "#1"},
				"down": {"uv": [10, 2, 12, 5], "texture": "#1"}
			}
		},
		{
			"name": "bullet",
			"from": [7.0426, 7.23504, 7.3],
			"to": [7.5426, 7.93504, 8],
			"rotation": {"angle": 0, "axis": "z", "origin": [6.70293, 6.76757, 7.69156]},
			"faces": {
				"north": {"uv": [10, 2, 12, 5], "texture": "#1"},
				"east": {"uv": [10, 2, 12, 5], "texture": "#1"},
				"south": {"uv": [10, 2, 12, 5], "texture": "#1"},
				"west": {"uv": [10, 2, 12, 5], "texture": "#1"},
				"up": {"uv": [10, 2, 12, 5], "texture": "#1"},
				"down": {"uv": [10, 2, 12, 5], "texture": "#1"}
			}
		},
		{
			"name": "bullet",
			"from": [7.0426, 8.83504, 7.3],
			"to": [7.5426, 9.53504, 8],
			"rotation": {"angle": 0, "axis": "z", "origin": [6.70293, 8.36757, 7.69156]},
			"faces": {
				"north": {"uv": [10, 2, 12, 5], "texture": "#1"},
				"east": {"uv": [10, 2, 12, 5], "texture": "#1"},
				"south": {"uv": [10, 2, 12, 5], "texture": "#1"},
				"west": {"uv": [10, 2, 12, 5], "texture": "#1"},
				"up": {"uv": [10, 2, 12, 5], "texture": "#1"},
				"down": {"uv": [10, 2, 12, 5], "texture": "#1"}
			}
		},
		{
			"name": "bullet",
			"from": [7.0426, 8.03504, 8],
			"to": [7.5426, 8.73504, 8.7],
			"rotation": {"angle": 0, "axis": "z", "origin": [6.70293, 7.56757, 8.39156]},
			"faces": {
				"north": {"uv": [10, 2, 12, 5], "texture": "#1"},
				"east": {"uv": [10, 2, 12, 5], "texture": "#1"},
				"south": {"uv": [10, 2, 12, 5], "texture": "#1"},
				"west": {"uv": [10, 2, 12, 5], "texture": "#1"},
				"up": {"uv": [10, 2, 12, 5], "texture": "#1"},
				"down": {"uv": [10, 2, 12, 5], "texture": "#1"}
			}
		},
		{
			"name": "bullet",
			"from": [6.9426, 2.53504, 7.4],
			"to": [7.0426, 3.03504, 7.9],
			"rotation": {"angle": 0, "axis": "z", "origin": [6.70293, 1.96757, 7.69156]},
			"faces": {
				"north": {"uv": [10, 2, 12, 5], "texture": "#1"},
				"east": {"uv": [10, 2, 12, 5], "texture": "#1"},
				"south": {"uv": [10, 2, 12, 5], "texture": "#1"},
				"west": {"uv": [10, 2, 12, 5], "texture": "#1"},
				"up": {"uv": [10, 2, 12, 5], "texture": "#1"},
				"down": {"uv": [10, 2, 12, 5], "texture": "#1"}
			}
		},
		{
			"name": "bullet",
			"from": [6.9426, 3.33504, 8.1],
			"to": [7.0426, 3.83504, 8.6],
			"rotation": {"angle": 0, "axis": "z", "origin": [6.70293, 2.76757, 8.39156]},
			"faces": {
				"north": {"uv": [10, 2, 12, 5], "texture": "#1"},
				"east": {"uv": [10, 2, 12, 5], "texture": "#1"},
				"south": {"uv": [10, 2, 12, 5], "texture": "#1"},
				"west": {"uv": [10, 2, 12, 5], "texture": "#1"},
				"up": {"uv": [10, 2, 12, 5], "texture": "#1"},
				"down": {"uv": [10, 2, 12, 5], "texture": "#1"}
			}
		},
		{
			"name": "bullet",
			"from": [6.9426, 4.93504, 8.1],
			"to": [7.0426, 5.43504, 8.6],
			"rotation": {"angle": 0, "axis": "z", "origin": [6.70293, 4.36757, 8.39156]},
			"faces": {
				"north": {"uv": [10, 2, 12, 5], "texture": "#1"},
				"east": {"uv": [10, 2, 12, 5], "texture": "#1"},
				"south": {"uv": [10, 2, 12, 5], "texture": "#1"},
				"west": {"uv": [10, 2, 12, 5], "texture": "#1"},
				"up": {"uv": [10, 2, 12, 5], "texture": "#1"},
				"down": {"uv": [10, 2, 12, 5], "texture": "#1"}
			}
		},
		{
			"name": "bullet",
			"from": [6.9426, 6.53504, 8.1],
			"to": [7.0426, 7.03504, 8.6],
			"rotation": {"angle": 0, "axis": "z", "origin": [6.70293, 5.96757, 8.39156]},
			"faces": {
				"north": {"uv": [10, 2, 12, 5], "texture": "#1"},
				"east": {"uv": [10, 2, 12, 5], "texture": "#1"},
				"south": {"uv": [10, 2, 12, 5], "texture": "#1"},
				"west": {"uv": [10, 2, 12, 5], "texture": "#1"},
				"up": {"uv": [10, 2, 12, 5], "texture": "#1"},
				"down": {"uv": [10, 2, 12, 5], "texture": "#1"}
			}
		},
		{
			"name": "bullet",
			"from": [6.9426, 4.13504, 7.4],
			"to": [7.0426, 4.63504, 7.9],
			"rotation": {"angle": 0, "axis": "z", "origin": [6.70293, 3.56757, 7.69156]},
			"faces": {
				"north": {"uv": [10, 2, 12, 5], "texture": "#1"},
				"east": {"uv": [10, 2, 12, 5], "texture": "#1"},
				"south": {"uv": [10, 2, 12, 5], "texture": "#1"},
				"west": {"uv": [10, 2, 12, 5], "texture": "#1"},
				"up": {"uv": [10, 2, 12, 5], "texture": "#1"},
				"down": {"uv": [10, 2, 12, 5], "texture": "#1"}
			}
		},
		{
			"name": "bullet",
			"from": [6.9426, 5.73504, 7.4],
			"to": [7.0426, 6.23504, 7.9],
			"rotation": {"angle": 0, "axis": "z", "origin": [6.70293, 5.16757, 7.69156]},
			"faces": {
				"north": {"uv": [10, 2, 12, 5], "texture": "#1"},
				"east": {"uv": [10, 2, 12, 5], "texture": "#1"},
				"south": {"uv": [10, 2, 12, 5], "texture": "#1"},
				"west": {"uv": [10, 2, 12, 5], "texture": "#1"},
				"up": {"uv": [10, 2, 12, 5], "texture": "#1"},
				"down": {"uv": [10, 2, 12, 5], "texture": "#1"}
			}
		},
		{
			"name": "bullet",
			"from": [6.9426, 7.33504, 7.4],
			"to": [7.0426, 7.83504, 7.9],
			"rotation": {"angle": 0, "axis": "z", "origin": [6.70293, 6.76757, 7.69156]},
			"faces": {
				"north": {"uv": [10, 2, 12, 5], "texture": "#1"},
				"east": {"uv": [10, 2, 12, 5], "texture": "#1"},
				"south": {"uv": [10, 2, 12, 5], "texture": "#1"},
				"west": {"uv": [10, 2, 12, 5], "texture": "#1"},
				"up": {"uv": [10, 2, 12, 5], "texture": "#1"},
				"down": {"uv": [10, 2, 12, 5], "texture": "#1"}
			}
		},
		{
			"name": "bullet",
			"from": [6.9426, 8.93504, 7.4],
			"to": [7.0426, 9.43504, 7.9],
			"rotation": {"angle": 0, "axis": "z", "origin": [6.70293, 8.36757, 7.69156]},
			"faces": {
				"north": {"uv": [10, 2, 12, 5], "texture": "#1"},
				"east": {"uv": [10, 2, 12, 5], "texture": "#1"},
				"south": {"uv": [10, 2, 12, 5], "texture": "#1"},
				"west": {"uv": [10, 2, 12, 5], "texture": "#1"},
				"up": {"uv": [10, 2, 12, 5], "texture": "#1"},
				"down": {"uv": [10, 2, 12, 5], "texture": "#1"}
			}
		},
		{
			"name": "bullet",
			"from": [6.9426, 8.13504, 8.1],
			"to": [7.0426, 8.63504, 8.6],
			"rotation": {"angle": 0, "axis": "z", "origin": [6.70293, 7.56757, 8.39156]},
			"faces": {
				"north": {"uv": [10, 2, 12, 5], "texture": "#1"},
				"east": {"uv": [10, 2, 12, 5], "texture": "#1"},
				"south": {"uv": [10, 2, 12, 5], "texture": "#1"},
				"west": {"uv": [10, 2, 12, 5], "texture": "#1"},
				"up": {"uv": [10, 2, 12, 5], "texture": "#1"},
				"down": {"uv": [10, 2, 12, 5], "texture": "#1"}
			}
		},
		{
			"name": "bullet",
			"from": [9.2426, 2.43504, 7.3],
			"to": [9.4426, 3.13504, 8],
			"rotation": {"angle": 0, "axis": "z", "origin": [6.80293, 1.96757, 7.69156]},
			"faces": {
				"north": {"uv": [3.5, 2.5, 5.5, 5.5], "texture": "#1"},
				"east": {"uv": [3.5, 2.5, 5.5, 5.5], "texture": "#1"},
				"south": {"uv": [3.5, 2.5, 5.5, 5.5], "texture": "#1"},
				"west": {"uv": [3.5, 2.5, 5.5, 5.5], "texture": "#1"},
				"up": {"uv": [3.5, 2.5, 5.5, 5.5], "texture": "#1"},
				"down": {"uv": [3.5, 2.5, 5.5, 5.5], "texture": "#1"}
			}
		},
		{
			"name": "bullet",
			"from": [9.2426, 3.23504, 8],
			"to": [9.4426, 3.93504, 8.7],
			"rotation": {"angle": 0, "axis": "z", "origin": [6.80293, 2.76757, 8.39156]},
			"faces": {
				"north": {"uv": [3.5, 2.5, 5.5, 5.5], "texture": "#1"},
				"east": {"uv": [3.5, 2.5, 5.5, 5.5], "texture": "#1"},
				"south": {"uv": [3.5, 2.5, 5.5, 5.5], "texture": "#1"},
				"west": {"uv": [3.5, 2.5, 5.5, 5.5], "texture": "#1"},
				"up": {"uv": [3.5, 2.5, 5.5, 5.5], "texture": "#1"},
				"down": {"uv": [3.5, 2.5, 5.5, 5.5], "texture": "#1"}
			}
		},
		{
			"name": "bullet",
			"from": [9.2426, 4.83504, 8],
			"to": [9.4426, 5.53504, 8.7],
			"rotation": {"angle": 0, "axis": "z", "origin": [6.80293, 4.36757, 8.39156]},
			"faces": {
				"north": {"uv": [3.5, 2.5, 5.5, 5.5], "texture": "#1"},
				"east": {"uv": [3.5, 2.5, 5.5, 5.5], "texture": "#1"},
				"south": {"uv": [3.5, 2.5, 5.5, 5.5], "texture": "#1"},
				"west": {"uv": [3.5, 2.5, 5.5, 5.5], "texture": "#1"},
				"up": {"uv": [3.5, 2.5, 5.5, 5.5], "texture": "#1"},
				"down": {"uv": [3.5, 2.5, 5.5, 5.5], "texture": "#1"}
			}
		},
		{
			"name": "bullet",
			"from": [9.2426, 6.43504, 8],
			"to": [9.4426, 7.13504, 8.7],
			"rotation": {"angle": 0, "axis": "z", "origin": [6.80293, 5.96757, 8.39156]},
			"faces": {
				"north": {"uv": [3.5, 2.5, 5.5, 5.5], "texture": "#1"},
				"east": {"uv": [3.5, 2.5, 5.5, 5.5], "texture": "#1"},
				"south": {"uv": [3.5, 2.5, 5.5, 5.5], "texture": "#1"},
				"west": {"uv": [3.5, 2.5, 5.5, 5.5], "texture": "#1"},
				"up": {"uv": [3.5, 2.5, 5.5, 5.5], "texture": "#1"},
				"down": {"uv": [3.5, 2.5, 5.5, 5.5], "texture": "#1"}
			}
		},
		{
			"name": "bullet",
			"from": [9.2426, 4.03504, 7.3],
			"to": [9.4426, 4.73504, 8],
			"rotation": {"angle": 0, "axis": "z", "origin": [6.80293, 3.56757, 7.69156]},
			"faces": {
				"north": {"uv": [3.5, 2.5, 5.5, 5.5], "texture": "#1"},
				"east": {"uv": [3.5, 2.5, 5.5, 5.5], "texture": "#1"},
				"south": {"uv": [3.5, 2.5, 5.5, 5.5], "texture": "#1"},
				"west": {"uv": [3.5, 2.5, 5.5, 5.5], "texture": "#1"},
				"up": {"uv": [3.5, 2.5, 5.5, 5.5], "texture": "#1"},
				"down": {"uv": [3.5, 2.5, 5.5, 5.5], "texture": "#1"}
			}
		},
		{
			"name": "bullet",
			"from": [9.2426, 5.63504, 7.3],
			"to": [9.4426, 6.33504, 8],
			"rotation": {"angle": 0, "axis": "z", "origin": [6.80293, 5.16757, 7.69156]},
			"faces": {
				"north": {"uv": [3.5, 2.5, 5.5, 5.5], "texture": "#1"},
				"east": {"uv": [3.5, 2.5, 5.5, 5.5], "texture": "#1"},
				"south": {"uv": [3.5, 2.5, 5.5, 5.5], "texture": "#1"},
				"west": {"uv": [3.5, 2.5, 5.5, 5.5], "texture": "#1"},
				"up": {"uv": [3.5, 2.5, 5.5, 5.5], "texture": "#1"},
				"down": {"uv": [3.5, 2.5, 5.5, 5.5], "texture": "#1"}
			}
		},
		{
			"name": "bullet",
			"from": [9.2426, 7.23504, 7.3],
			"to": [9.4426, 7.93504, 8],
			"rotation": {"angle": 0, "axis": "z", "origin": [6.80293, 6.76757, 7.69156]},
			"faces": {
				"north": {"uv": [3.5, 2.5, 5.5, 5.5], "texture": "#1"},
				"east": {"uv": [3.5, 2.5, 5.5, 5.5], "texture": "#1"},
				"south": {"uv": [3.5, 2.5, 5.5, 5.5], "texture": "#1"},
				"west": {"uv": [3.5, 2.5, 5.5, 5.5], "texture": "#1"},
				"up": {"uv": [3.5, 2.5, 5.5, 5.5], "texture": "#1"},
				"down": {"uv": [3.5, 2.5, 5.5, 5.5], "texture": "#1"}
			}
		},
		{
			"name": "bullet",
			"from": [9.2426, 8.83504, 7.3],
			"to": [9.4426, 9.53504, 8],
			"rotation": {"angle": 0, "axis": "z", "origin": [6.80293, 8.36757, 7.69156]},
			"faces": {
				"north": {"uv": [3.5, 2.5, 5.5, 5.5], "texture": "#1"},
				"east": {"uv": [3.5, 2.5, 5.5, 5.5], "texture": "#1"},
				"south": {"uv": [3.5, 2.5, 5.5, 5.5], "texture": "#1"},
				"west": {"uv": [3.5, 2.5, 5.5, 5.5], "texture": "#1"},
				"up": {"uv": [3.5, 2.5, 5.5, 5.5], "texture": "#1"},
				"down": {"uv": [3.5, 2.5, 5.5, 5.5], "texture": "#1"}
			}
		},
		{
			"name": "bullet",
			"from": [9.2426, 8.03504, 8],
			"to": [9.4426, 8.73504, 8.7],
			"rotation": {"angle": 0, "axis": "z", "origin": [6.80293, 7.56757, 8.39156]},
			"faces": {
				"north": {"uv": [3.5, 2.5, 5.5, 5.5], "texture": "#1"},
				"east": {"uv": [3.5, 2.5, 5.5, 5.5], "texture": "#1"},
				"south": {"uv": [3.5, 2.5, 5.5, 5.5], "texture": "#1"},
				"west": {"uv": [3.5, 2.5, 5.5, 5.5], "texture": "#1"},
				"up": {"uv": [3.5, 2.5, 5.5, 5.5], "texture": "#1"},
				"down": {"uv": [3.5, 2.5, 5.5, 5.5], "texture": "#1"}
			}
		},
		{
			"name": "bullet",
			"from": [9.1426, 2.53504, 7.4],
			"to": [9.2426, 3.03504, 7.9],
			"rotation": {"angle": 0, "axis": "z", "origin": [6.80293, 1.96757, 7.69156]},
			"faces": {
				"north": {"uv": [3.5, 2.5, 5.5, 5.5], "texture": "#1"},
				"east": {"uv": [3.5, 2.5, 5.5, 5.5], "texture": "#1"},
				"south": {"uv": [3.5, 2.5, 5.5, 5.5], "texture": "#1"},
				"west": {"uv": [3.5, 2.5, 5.5, 5.5], "texture": "#1"},
				"up": {"uv": [3.5, 2.5, 5.5, 5.5], "texture": "#1"},
				"down": {"uv": [3.5, 2.5, 5.5, 5.5], "texture": "#1"}
			}
		},
		{
			"name": "bullet",
			"from": [9.1426, 3.33504, 8.1],
			"to": [9.2426, 3.83504, 8.6],
			"rotation": {"angle": 0, "axis": "z", "origin": [6.80293, 2.76757, 8.39156]},
			"faces": {
				"north": {"uv": [3.5, 2.5, 5.5, 5.5], "texture": "#1"},
				"east": {"uv": [3.5, 2.5, 5.5, 5.5], "texture": "#1"},
				"south": {"uv": [3.5, 2.5, 5.5, 5.5], "texture": "#1"},
				"west": {"uv": [3.5, 2.5, 5.5, 5.5], "texture": "#1"},
				"up": {"uv": [3.5, 2.5, 5.5, 5.5], "texture": "#1"},
				"down": {"uv": [3.5, 2.5, 5.5, 5.5], "texture": "#1"}
			}
		},
		{
			"name": "bullet",
			"from": [9.1426, 4.93504, 8.1],
			"to": [9.2426, 5.43504, 8.6],
			"rotation": {"angle": 0, "axis": "z", "origin": [6.80293, 4.36757, 8.39156]},
			"faces": {
				"north": {"uv": [3.5, 2.5, 5.5, 5.5], "texture": "#1"},
				"east": {"uv": [3.5, 2.5, 5.5, 5.5], "texture": "#1"},
				"south": {"uv": [3.5, 2.5, 5.5, 5.5], "texture": "#1"},
				"west": {"uv": [3.5, 2.5, 5.5, 5.5], "texture": "#1"},
				"up": {"uv": [3.5, 2.5, 5.5, 5.5], "texture": "#1"},
				"down": {"uv": [3.5, 2.5, 5.5, 5.5], "texture": "#1"}
			}
		},
		{
			"name": "bullet",
			"from": [9.1426, 6.53504, 8.1],
			"to": [9.2426, 7.03504, 8.6],
			"rotation": {"angle": 0, "axis": "z", "origin": [6.80293, 5.96757, 8.39156]},
			"faces": {
				"north": {"uv": [3.5, 2.5, 5.5, 5.5], "texture": "#1"},
				"east": {"uv": [3.5, 2.5, 5.5, 5.5], "texture": "#1"},
				"south": {"uv": [3.5, 2.5, 5.5, 5.5], "texture": "#1"},
				"west": {"uv": [3.5, 2.5, 5.5, 5.5], "texture": "#1"},
				"up": {"uv": [3.5, 2.5, 5.5, 5.5], "texture": "#1"},
				"down": {"uv": [3.5, 2.5, 5.5, 5.5], "texture": "#1"}
			}
		},
		{
			"name": "bullet",
			"from": [9.1426, 4.13504, 7.4],
			"to": [9.2426, 4.63504, 7.9],
			"rotation": {"angle": 0, "axis": "z", "origin": [6.80293, 3.56757, 7.69156]},
			"faces": {
				"north": {"uv": [3.5, 2.5, 5.5, 5.5], "texture": "#1"},
				"east": {"uv": [3.5, 2.5, 5.5, 5.5], "texture": "#1"},
				"south": {"uv": [3.5, 2.5, 5.5, 5.5], "texture": "#1"},
				"west": {"uv": [3.5, 2.5, 5.5, 5.5], "texture": "#1"},
				"up": {"uv": [3.5, 2.5, 5.5, 5.5], "texture": "#1"},
				"down": {"uv": [3.5, 2.5, 5.5, 5.5], "texture": "#1"}
			}
		},
		{
			"name": "bullet",
			"from": [9.1426, 5.73504, 7.4],
			"to": [9.2426, 6.23504, 7.9],
			"rotation": {"angle": 0, "axis": "z", "origin": [6.80293, 5.16757, 7.69156]},
			"faces": {
				"north": {"uv": [3.5, 2.5, 5.5, 5.5], "texture": "#1"},
				"east": {"uv": [3.5, 2.5, 5.5, 5.5], "texture": "#1"},
				"south": {"uv": [3.5, 2.5, 5.5, 5.5], "texture": "#1"},
				"west": {"uv": [3.5, 2.5, 5.5, 5.5], "texture": "#1"},
				"up": {"uv": [3.5, 2.5, 5.5, 5.5], "texture": "#1"},
				"down": {"uv": [3.5, 2.5, 5.5, 5.5], "texture": "#1"}
			}
		},
		{
			"name": "bullet",
			"from": [9.1426, 7.33504, 7.4],
			"to": [9.2426, 7.83504, 7.9],
			"rotation": {"angle": 0, "axis": "z", "origin": [6.80293, 6.76757, 7.69156]},
			"faces": {
				"north": {"uv": [3.5, 2.5, 5.5, 5.5], "texture": "#1"},
				"east": {"uv": [3.5, 2.5, 5.5, 5.5], "texture": "#1"},
				"south": {"uv": [3.5, 2.5, 5.5, 5.5], "texture": "#1"},
				"west": {"uv": [3.5, 2.5, 5.5, 5.5], "texture": "#1"},
				"up": {"uv": [3.5, 2.5, 5.5, 5.5], "texture": "#1"},
				"down": {"uv": [3.5, 2.5, 5.5, 5.5], "texture": "#1"}
			}
		},
		{
			"name": "bullet",
			"from": [9.1426, 8.93504, 7.4],
			"to": [9.2426, 9.43504, 7.9],
			"rotation": {"angle": 0, "axis": "z", "origin": [6.80293, 8.36757, 7.69156]},
			"faces": {
				"north": {"uv": [3.5, 2.5, 5.5, 5.5], "texture": "#1"},
				"east": {"uv": [3.5, 2.5, 5.5, 5.5], "texture": "#1"},
				"south": {"uv": [3.5, 2.5, 5.5, 5.5], "texture": "#1"},
				"west": {"uv": [3.5, 2.5, 5.5, 5.5], "texture": "#1"},
				"up": {"uv": [3.5, 2.5, 5.5, 5.5], "texture": "#1"},
				"down": {"uv": [3.5, 2.5, 5.5, 5.5], "texture": "#1"}
			}
		},
		{
			"name": "bullet",
			"from": [9.1426, 8.13504, 8.1],
			"to": [9.2426, 8.63504, 8.6],
			"rotation": {"angle": 0, "axis": "z", "origin": [6.80293, 7.56757, 8.39156]},
			"faces": {
				"north": {"uv": [3.5, 2.5, 5.5, 5.5], "texture": "#1"},
				"east": {"uv": [3.5, 2.5, 5.5, 5.5], "texture": "#1"},
				"south": {"uv": [3.5, 2.5, 5.5, 5.5], "texture": "#1"},
				"west": {"uv": [3.5, 2.5, 5.5, 5.5], "texture": "#1"},
				"up": {"uv": [3.5, 2.5, 5.5, 5.5], "texture": "#1"},
				"down": {"uv": [3.5, 2.5, 5.5, 5.5], "texture": "#1"}
			}
		}
	],
	"display": {
		"thirdperson_righthand": {
			"rotation": [15, -90, 0],
			"translation": [0, 0.5, 0],
			"scale": [0.45, 0.45, 0.45]
		},
		"thirdperson_lefthand": {
			"rotation": [15, -90, 0],
			"translation": [0, 0.5, 0],
			"scale": [-0.45, 0.45, 0.45]
		},
		"firstperson_righthand": {
			"rotation": [90, -85, 90],
			"translation": [-2.75, 5.5, 3],
			"scale": [0.6, 0.6, 0.6]
		},
		"firstperson_lefthand": {
			"rotation": [90, -85, 90],
			"translation": [-2.75, 5.5, 3],
			"scale": [-0.6, 0.6, 0.6]
		},
		"ground": {
			"rotation": [90, 0, 0],
			"translation": [0, 0, 1.25],
			"scale": [0.4, 0.4, 0.4]
		},
		"gui": {
			"rotation": [30, 45, 0],
			"translation": [0, 4, 0],
			"scale": [1.5, 1.5, 1.5]
		},
		"head": {
			"translation": [-5.25, -23.25, 3.75],
			"scale": [0.6, 0.6, 0.6]
		},
		"fixed": {
			"rotation": [0, -180, 0],
			"translation": [0, 2.75, -0.75],
			"scale": [0.6, 0.6, 0.6]
		}
	}
}