{
	"credit": "Made by MadstonMagic, using Cubik Pro & Blockbench",
	"textures": {
		"2": "ammunition/12gauge",
		"texture": "guns/aa12/aa12",
		"particle": "guns/aa12/handle"
	},
	"elements": [
		{
			"from": [6.5, 0.75, 6.75],
			"to": [6.75, 10.5, 9.25],
			"rotation": {"angle": 0, "axis": "y", "origin": [7.98967, 7.69209, 7.99988]},
			"faces": {
				"north": {"uv": [1.25, 11.75, 3.5, 13.75], "texture": "#texture"},
				"east": {"uv": [2, 11, 4, 13.25], "texture": "#texture"},
				"south": {"uv": [1.5, 11.75, 3.75, 13.75], "texture": "#texture"},
				"west": {"uv": [1.5, 11.25, 3.75, 13], "texture": "#texture"},
				"up": {"uv": [1.5, 11.5, 3.5, 14], "texture": "#texture"},
				"down": {"uv": [1.25, 11.75, 4, 13.75], "texture": "#texture"}
			}
		},
		{
			"from": [6.5, 9.65, 7.25],
			"to": [6.75, 11, 8.75],
			"rotation": {"angle": 0, "axis": "y", "origin": [7.98967, 7.69209, 7.99988]},
			"faces": {
				"north": {"uv": [1.25, 11.75, 3.5, 13.75], "texture": "#texture"},
				"east": {"uv": [2, 11, 4, 13.25], "texture": "#texture"},
				"south": {"uv": [1.5, 11.75, 3.75, 13.75], "texture": "#texture"},
				"west": {"uv": [1.5, 11.25, 3.75, 13], "texture": "#texture"},
				"up": {"uv": [1.5, 11.5, 3.5, 14], "texture": "#texture"},
				"down": {"uv": [1.25, 11.75, 4, 13.75], "texture": "#texture"}
			}
		},
		{
			"from": [6.8, 9.9, 7.55],
			"to": [8.7, 10.8, 8.45],
			"rotation": {"angle": 0, "axis": "y", "origin": [6.975, 10.325, 8]},
			"faces": {
				"north": {"uv": [3.5, 3, 5.5, 5.25], "texture": "#2"},
				"east": {"uv": [3.5, 3, 5.5, 5.25], "texture": "#2"},
				"south": {"uv": [3.5, 3, 5.5, 5.25], "texture": "#2"},
				"west": {"uv": [3.5, 3, 5.5, 5.25], "texture": "#2"},
				"up": {"uv": [3.5, 3, 5.5, 5.25], "texture": "#2"},
				"down": {"uv": [3.5, 3, 5.5, 5.25], "texture": "#2"}
			}
		},
		{
			"from": [6.8, 8.6, 7.05],
			"to": [8.7, 9.5, 7.95],
			"rotation": {"angle": 0, "axis": "y", "origin": [6.975, 9.025, 7.5]},
			"faces": {
				"north": {"uv": [3.5, 3, 5.5, 5.25], "texture": "#2"},
				"east": {"uv": [3.5, 3, 5.5, 5.25], "texture": "#2"},
				"south": {"uv": [3.5, 3, 5.5, 5.25], "texture": "#2"},
				"west": {"uv": [3.5, 3, 5.5, 5.25], "texture": "#2"},
				"up": {"uv": [3.5, 3, 5.5, 5.25], "texture": "#2"},
				"down": {"uv": [3.5, 3, 5.5, 5.25], "texture": "#2"}
			}
		},
		{
			"from": [6.8, 7.4, 8.05],
			"to": [8.7, 8.3, 8.95],
			"rotation": {"angle": 0, "axis": "y", "origin": [6.975, 7.825, 8.5]},
			"faces": {
				"north": {"uv": [3.5, 3, 5.5, 5.25], "texture": "#2"},
				"east": {"uv": [3.5, 3, 5.5, 5.25], "texture": "#2"},
				"south": {"uv": [3.5, 3, 5.5, 5.25], "texture": "#2"},
				"west": {"uv": [3.5, 3, 5.5, 5.25], "texture": "#2"},
				"up": {"uv": [3.5, 3, 5.5, 5.25], "texture": "#2"},
				"down": {"uv": [3.5, 3, 5.5, 5.25], "texture": "#2"}
			}
		},
		{
			"from": [8.7, 9.9, 7.55],
			"to": [9.55, 10.8, 8.45],
			"rotation": {"angle": 0, "axis": "y", "origin": [7.775, 10.325, 8]},
			"faces": {
				"north": {"uv": [10, 3, 12, 5.25], "texture": "#2"},
				"east": {"uv": [10, 3, 12, 5.25], "texture": "#2"},
				"south": {"uv": [10, 3, 12, 5.25], "texture": "#2"},
				"west": {"uv": [10, 3, 12, 5.25], "texture": "#2"},
				"up": {"uv": [10, 3, 12, 5.25], "texture": "#2"},
				"down": {"uv": [10, 3, 12, 5.25], "texture": "#2"}
			}
		},
		{
			"from": [8.7, 8.6, 7.05],
			"to": [9.55, 9.5, 7.95],
			"rotation": {"angle": 0, "axis": "y", "origin": [7.775, 9.025, 7.5]},
			"faces": {
				"north": {"uv": [10, 3, 12, 5.25], "texture": "#2"},
				"east": {"uv": [10, 3, 12, 5.25], "texture": "#2"},
				"south": {"uv": [10, 3, 12, 5.25], "texture": "#2"},
				"west": {"uv": [10, 3, 12, 5.25], "texture": "#2"},
				"up": {"uv": [10, 3, 12, 5.25], "texture": "#2"},
				"down": {"uv": [10, 3, 12, 5.25], "texture": "#2"}
			}
		},
		{
			"from": [8.7, 7.4, 8.05],
			"to": [9.55, 8.3, 8.95],
			"rotation": {"angle": 0, "axis": "y", "origin": [7.775, 7.825, 8.5]},
			"faces": {
				"north": {"uv": [10, 3, 12, 5.25], "texture": "#2"},
				"east": {"uv": [10, 3, 12, 5.25], "texture": "#2"},
				"south": {"uv": [10, 3, 12, 5.25], "texture": "#2"},
				"west": {"uv": [10, 3, 12, 5.25], "texture": "#2"},
				"up": {"uv": [10, 3, 12, 5.25], "texture": "#2"},
				"down": {"uv": [10, 3, 12, 5.25], "texture": "#2"}
			}
		},
		{
			"from": [9.4, 9.9, 7.45],
			"to": [9.55, 10.8, 8.55],
			"rotation": {"angle": 0, "axis": "y", "origin": [7.775, 10.325, 8]},
			"faces": {
				"north": {"uv": [10, 3, 12, 5.25], "texture": "#2"},
				"east": {"uv": [10, 3, 12, 5.25], "texture": "#2"},
				"south": {"uv": [10, 3, 12, 5.25], "texture": "#2"},
				"west": {"uv": [10, 3, 12, 5.25], "texture": "#2"},
				"up": {"uv": [10, 3, 12, 5.25], "texture": "#2"},
				"down": {"uv": [10, 3, 12, 5.25], "texture": "#2"}
			}
		},
		{
			"from": [9.4, 8.6, 6.95],
			"to": [9.55, 9.5, 8.05],
			"rotation": {"angle": 0, "axis": "y", "origin": [7.775, 9.025, 7.5]},
			"faces": {
				"north": {"uv": [10, 3, 12, 5.25], "texture": "#2"},
				"east": {"uv": [10, 3, 12, 5.25], "texture": "#2"},
				"south": {"uv": [10, 3, 12, 5.25], "texture": "#2"},
				"west": {"uv": [10, 3, 12, 5.25], "texture": "#2"},
				"up": {"uv": [10, 3, 12, 5.25], "texture": "#2"},
				"down": {"uv": [10, 3, 12, 5.25], "texture": "#2"}
			}
		},
		{
			"from": [9.4, 7.4, 7.95],
			"to": [9.55, 8.3, 9.05],
			"rotation": {"angle": 0, "axis": "y", "origin": [7.775, 7.825, 8.5]},
			"faces": {
				"north": {"uv": [10, 3, 12, 5.25], "texture": "#2"},
				"east": {"uv": [10, 3, 12, 5.25], "texture": "#2"},
				"south": {"uv": [10, 3, 12, 5.25], "texture": "#2"},
				"west": {"uv": [10, 3, 12, 5.25], "texture": "#2"},
				"up": {"uv": [10, 3, 12, 5.25], "texture": "#2"},
				"down": {"uv": [10, 3, 12, 5.25], "texture": "#2"}
			}
		},
		{
			"from": [9.4, 9.8, 7.55],
			"to": [9.55, 10.9, 8.45],
			"rotation": {"angle": 0, "axis": "y", "origin": [7.775, 10.325, 8]},
			"faces": {
				"north": {"uv": [10, 3, 12, 5.25], "texture": "#2"},
				"east": {"uv": [10, 3, 12, 5.25], "texture": "#2"},
				"south": {"uv": [10, 3, 12, 5.25], "texture": "#2"},
				"west": {"uv": [10, 3, 12, 5.25], "texture": "#2"},
				"up": {"uv": [10, 3, 12, 5.25], "texture": "#2"},
				"down": {"uv": [10, 3, 12, 5.25], "texture": "#2"}
			}
		},
		{
			"from": [9.4, 8.5, 7.05],
			"to": [9.55, 9.6, 7.95],
			"rotation": {"angle": 0, "axis": "y", "origin": [7.775, 9.025, 7.5]},
			"faces": {
				"north": {"uv": [10, 3, 12, 5.25], "texture": "#2"},
				"east": {"uv": [10, 3, 12, 5.25], "texture": "#2"},
				"south": {"uv": [10, 3, 12, 5.25], "texture": "#2"},
				"west": {"uv": [10, 3, 12, 5.25], "texture": "#2"},
				"up": {"uv": [10, 3, 12, 5.25], "texture": "#2"},
				"down": {"uv": [10, 3, 12, 5.25], "texture": "#2"}
			}
		},
		{
			"from": [9.4, 7.3, 8.05],
			"to": [9.55, 8.4, 8.95],
			"rotation": {"angle": 0, "axis": "y", "origin": [7.775, 7.825, 8.5]},
			"faces": {
				"north": {"uv": [10, 3, 12, 5.25], "texture": "#2"},
				"east": {"uv": [10, 3, 12, 5.25], "texture": "#2"},
				"south": {"uv": [10, 3, 12, 5.25], "texture": "#2"},
				"west": {"uv": [10, 3, 12, 5.25], "texture": "#2"},
				"up": {"uv": [10, 3, 12, 5.25], "texture": "#2"},
				"down": {"uv": [10, 3, 12, 5.25], "texture": "#2"}
			}
		},
		{
			"from": [9.5, 9.65, 7.25],
			"to": [9.75, 11, 8.75],
			"rotation": {"angle": 0, "axis": "y", "origin": [7.98967, 7.69209, 7.99988]},
			"faces": {
				"north": {"uv": [1.25, 11.75, 3.5, 13.75], "texture": "#texture"},
				"east": {"uv": [2, 11, 4, 13.25], "texture": "#texture"},
				"south": {"uv": [1.5, 11.75, 3.75, 13.75], "texture": "#texture"},
				"west": {"uv": [1.5, 11.25, 3.75, 13], "texture": "#texture"},
				"up": {"uv": [1.5, 11.5, 3.5, 14], "texture": "#texture"},
				"down": {"uv": [1.25, 11.75, 4, 13.75], "texture": "#texture"}
			}
		},
		{
			"from": [9.5, 10.45, 7.025],
			"to": [9.75, 10.725, 8.975],
			"rotation": {"angle": 0, "axis": "y", "origin": [7.98967, 7.69209, 7.99988]},
			"faces": {
				"north": {"uv": [1.25, 11.75, 3.5, 13.75], "texture": "#texture"},
				"east": {"uv": [2, 11, 4, 13.25], "texture": "#texture"},
				"south": {"uv": [1.5, 11.75, 3.75, 13.75], "texture": "#texture"},
				"west": {"uv": [1.5, 11.25, 3.75, 13], "texture": "#texture"},
				"up": {"uv": [1.5, 11.5, 3.5, 14], "texture": "#texture"},
				"down": {"uv": [1.25, 11.75, 4, 13.75], "texture": "#texture"}
			}
		},
		{
			"from": [6.5, 10.45, 7.025],
			"to": [6.75, 10.725, 8.975],
			"rotation": {"angle": 0, "axis": "y", "origin": [7.98967, 7.69209, 7.99988]},
			"faces": {
				"north": {"uv": [1.25, 11.75, 3.5, 13.75], "texture": "#texture"},
				"east": {"uv": [2, 11, 4, 13.25], "texture": "#texture"},
				"south": {"uv": [1.5, 11.75, 3.75, 13.75], "texture": "#texture"},
				"west": {"uv": [1.5, 11.25, 3.75, 13], "texture": "#texture"},
				"up": {"uv": [1.5, 11.5, 3.5, 14], "texture": "#texture"},
				"down": {"uv": [1.25, 11.75, 4, 13.75], "texture": "#texture"}
			}
		},
		{
			"from": [6.5, 10.35655, 6.19125],
			"to": [9.75, 10.56155, 6.89625],
			"rotation": {"angle": 45, "axis": "x", "origin": [7.98967, 7.69209, 7.99988]},
			"faces": {
				"north": {"uv": [1.25, 11.75, 3.5, 13.75], "texture": "#texture"},
				"east": {"uv": [2, 11, 4, 13.25], "texture": "#texture"},
				"south": {"uv": [1.5, 11.75, 3.75, 13.75], "texture": "#texture"},
				"west": {"uv": [1.5, 11.25, 3.75, 13], "texture": "#texture"},
				"up": {"uv": [1.5, 11.5, 3.5, 14], "texture": "#texture"},
				"down": {"uv": [1.25, 11.75, 4, 13.75], "texture": "#texture"}
			}
		},
		{
			"from": [6.5, 10.35638, 9.10157],
			"to": [9.75, 10.56138, 9.80657],
			"rotation": {"angle": -45, "axis": "x", "origin": [7.98967, 7.69209, 7.99988]},
			"faces": {
				"north": {"uv": [1.25, 11.75, 3.5, 13.75], "texture": "#texture"},
				"east": {"uv": [2, 11, 4, 13.25], "texture": "#texture"},
				"south": {"uv": [1.5, 11.75, 3.75, 13.75], "texture": "#texture"},
				"west": {"uv": [1.5, 11.25, 3.75, 13], "texture": "#texture"},
				"up": {"uv": [1.5, 11.5, 3.5, 14], "texture": "#texture"},
				"down": {"uv": [1.25, 11.75, 4, 13.75], "texture": "#texture"}
			}
		},
		{
			"from": [2.02752, 3.8352, 6.75],
			"to": [2.38252, 4.1902, 9.25],
			"rotation": {"angle": 45, "axis": "z", "origin": [7.98967, 7.69209, 7.99988]},
			"faces": {
				"north": {"uv": [1.25, 11.75, 3.5, 13.75], "texture": "#texture"},
				"east": {"uv": [2, 11, 4, 13.25], "texture": "#texture"},
				"south": {"uv": [1.5, 11.75, 3.75, 13.75], "texture": "#texture"},
				"west": {"uv": [1.5, 11.25, 3.75, 13], "texture": "#texture"},
				"up": {"uv": [1.5, 11.5, 3.5, 14], "texture": "#texture"},
				"down": {"uv": [1.25, 11.75, 4, 13.75], "texture": "#texture"}
			}
		},
		{
			"from": [6.75, 1.25, 6.75],
			"to": [9.5, 10, 6.85],
			"rotation": {"angle": 0, "axis": "y", "origin": [7.98967, 7.69209, 7.99988]},
			"faces": {
				"north": {"uv": [0.25, 0.25, 9.5, 15], "texture": "#particle"},
				"east": {"uv": [12.75, 2.5, 14.75, 4.75], "texture": "#particle"},
				"south": {"uv": [6.5, 1.5, 8.75, 3.75], "texture": "#texture"},
				"west": {"uv": [11.75, 2.75, 14, 4.5], "texture": "#particle"},
				"up": {"uv": [12, 4.5, 14, 7], "texture": "#particle"},
				"down": {"uv": [11.5, 5.5, 14.25, 7.5], "texture": "#particle"}
			}
		},
		{
			"from": [6.75, 1.25, 9.15],
			"to": [9.5, 10, 9.25],
			"rotation": {"angle": 0, "axis": "y", "origin": [7.98967, 7.69209, 10.39988]},
			"faces": {
				"north": {"uv": [1, 10.5, 3.25, 13.25], "texture": "#texture"},
				"east": {"uv": [12.75, 2.5, 14.75, 4.75], "texture": "#particle"},
				"south": {"uv": [0.25, 0.25, 9.5, 15], "texture": "#particle"},
				"west": {"uv": [11.75, 2.75, 14, 4.5], "texture": "#particle"},
				"up": {"uv": [12, 4.5, 14, 7], "texture": "#particle"},
				"down": {"uv": [11.5, 5.5, 14.25, 7.5], "texture": "#particle"}
			}
		},
		{
			"from": [9.5, 0.75, 6.75],
			"to": [9.75, 10.5, 9.25],
			"rotation": {"angle": 0, "axis": "y", "origin": [7.98967, 7.69209, 7.99988]},
			"faces": {
				"north": {"uv": [1.25, 11.75, 3.5, 13.75], "texture": "#texture"},
				"east": {"uv": [2, 11, 4, 13.25], "texture": "#texture"},
				"south": {"uv": [1.5, 11.75, 3.75, 13.75], "texture": "#texture"},
				"west": {"uv": [1.5, 11.25, 3.75, 13], "texture": "#texture"},
				"up": {"uv": [1.5, 11.5, 3.5, 14], "texture": "#texture"},
				"down": {"uv": [1.25, 11.75, 4, 13.75], "texture": "#texture"}
			}
		},
		{
			"from": [6.75, 0.75, 6.75],
			"to": [9.5, 1.25, 9.25],
			"rotation": {"angle": 0, "axis": "y", "origin": [7.98967, 7.69209, 7.99988]},
			"faces": {
				"north": {"uv": [1.25, 11.75, 3.5, 13.75], "texture": "#texture"},
				"east": {"uv": [2, 11, 4, 13.25], "texture": "#texture"},
				"south": {"uv": [1.5, 11.75, 3.75, 13.75], "texture": "#texture"},
				"west": {"uv": [1.5, 11.25, 3.75, 13], "texture": "#texture"},
				"up": {"uv": [1.5, 11.5, 3.5, 14], "texture": "#texture"},
				"down": {"uv": [1.25, 11.75, 4, 13.75], "texture": "#texture"}
			}
		},
		{
			"from": [6.75, 10, 6.75],
			"to": [9.5, 10.5, 7.05],
			"rotation": {"angle": 0, "axis": "y", "origin": [7.98967, 7.69209, 7.99988]},
			"faces": {
				"north": {"uv": [1.25, 11.75, 3.5, 13.75], "texture": "#texture"},
				"east": {"uv": [2, 11, 4, 13.25], "texture": "#texture"},
				"south": {"uv": [1.5, 11.75, 3.75, 13.75], "texture": "#texture"},
				"west": {"uv": [1.5, 11.25, 3.75, 13], "texture": "#texture"},
				"up": {"uv": [1.5, 11.5, 3.5, 14], "texture": "#texture"},
				"down": {"uv": [1.25, 11.75, 4, 13.75], "texture": "#texture"}
			}
		},
		{
			"from": [6.75, 10, 8.95],
			"to": [9.5, 10.5, 9.25],
			"rotation": {"angle": 0, "axis": "y", "origin": [8.125, 10.25, 9.1]},
			"faces": {
				"north": {"uv": [1.25, 11.75, 3.5, 13.75], "texture": "#texture"},
				"east": {"uv": [2, 11, 4, 13.25], "texture": "#texture"},
				"south": {"uv": [1.5, 11.75, 3.75, 13.75], "texture": "#texture"},
				"west": {"uv": [1.5, 11.25, 3.75, 13], "texture": "#texture"},
				"up": {"uv": [1.5, 11.5, 3.5, 14], "texture": "#texture"},
				"down": {"uv": [1.25, 11.75, 4, 13.75], "texture": "#texture"}
			}
		}
	],
	"display": {
		"thirdperson_righthand": {
			"rotation": [15, -90, 0],
			"translation": [0, 1.5, 0],
			"scale": [0.65, 0.65, 0.65]
		},
		"thirdperson_lefthand": {
			"rotation": [15, -90, 0],
			"translation": [0, 1.5, 0],
			"scale": [-0.65, 0.65, 0.65]
		},
		"firstperson_righthand": {
			"rotation": [95, -85, 90],
			"translation": [-4, 3.75, 2.25],
			"scale": [0.6, 0.6, 0.6]
		},
		"firstperson_lefthand": {
			"rotation": [95, -85, 90],
			"translation": [-4, 3.75, 2.25],
			"scale": [-0.6, 0.6, 0.6]
		},
		"ground": {
			"rotation": [90, 0, 0],
			"translation": [0, 0, 1],
			"scale": [0.4, 0.4, 0.4]
		},
		"gui": {
			"rotation": [30, 45, 0],
			"translation": [-0.25, 2.25, 0],
			"scale": [1.25, 1.25, 1.25]
		},
		"head": {
			"rotation": [0, 0, -45],
			"translation": [-1.75, -21.25, 4],
			"scale": [0.8, 0.8, 0.8]
		},
		"fixed": {
			"rotation": [0, -180, 0],
			"translation": [0, -0.75, -0.75],
			"scale": [0.6, 0.6, 0.6]
		}
	}
}