{
	"credit": "Made by MadstonMagic, using Cubik Pro & Blockbench",
	"textures": {
		"1": "ammunition/9mm_45acp",
		"texture": "guns/mm19_s/mm19_s",
		"particle": "ammunition/9mm_45acp"
	},
	"elements": [
		{
			"from": [6, -3, 6],
			"to": [6.5, 11.6, 9],
			"rotation": {"angle": 0, "axis": "y", "origin": [13.43999, 11.41674, 7.50535]},
			"faces": {
				"north": {"uv": [5.5, 1.5, 7.5, 3.5], "texture": "#texture"},
				"east": {"uv": [6, 1.5, 8, 4], "texture": "#texture"},
				"south": {"uv": [6, 1.5, 7.5, 4], "texture": "#texture"},
				"west": {"uv": [6.5, 2.5, 8, 4], "texture": "#texture"},
				"up": {"uv": [6, 1.5, 7.5, 3.5], "texture": "#texture"},
				"down": {"uv": [6, 0.5, 8.5, 3], "texture": "#texture"}
			}
		},
		{
			"from": [9, -3, 6],
			"to": [9.5, 11, 9],
			"rotation": {"angle": 0, "axis": "y", "origin": [13.43999, 11.41674, 7.50535]},
			"faces": {
				"north": {"uv": [5.5, 1.5, 7.5, 3.5], "texture": "#texture"},
				"east": {"uv": [6, 1.5, 8, 4], "texture": "#texture"},
				"south": {"uv": [6, 1.5, 7.5, 4], "texture": "#texture"},
				"west": {"uv": [6.5, 2.5, 8, 4], "texture": "#texture"},
				"up": {"uv": [6, 1.5, 7.5, 3.5], "texture": "#texture"},
				"down": {"uv": [6, 0.5, 8.5, 3], "texture": "#texture"}
			}
		},
		{
			"from": [6.5, -3, 6.25],
			"to": [9, 11, 6.45],
			"rotation": {"angle": 0, "axis": "y", "origin": [13.43999, 11.41674, 7.50535]},
			"faces": {
				"north": {"uv": [11.25, 1.5, 13.25, 3.5], "texture": "#texture"},
				"east": {"uv": [11.75, 1.5, 13.75, 4], "texture": "#texture"},
				"south": {"uv": [11.5, 1.25, 13, 3.75], "texture": "#texture"},
				"west": {"uv": [11.25, 1.25, 12.75, 2.75], "texture": "#texture"},
				"up": {"uv": [11.25, 1.25, 12.75, 3.25], "texture": "#texture"},
				"down": {"uv": [11.25, 1.75, 13.75, 4.25], "texture": "#texture"}
			}
		},
		{
			"from": [6.5, -3, 8.55],
			"to": [9, 11, 8.75],
			"rotation": {"angle": 0, "axis": "y", "origin": [13.43999, 11.41674, 9.80535]},
			"faces": {
				"north": {"uv": [11.25, 1.5, 13.25, 3.5], "texture": "#texture"},
				"east": {"uv": [11.75, 1.5, 13.75, 4], "texture": "#texture"},
				"south": {"uv": [11.5, 1.25, 13, 3.75], "texture": "#texture"},
				"west": {"uv": [11.25, 1.25, 12.75, 2.75], "texture": "#texture"},
				"up": {"uv": [11.25, 1.25, 12.75, 3.25], "texture": "#texture"},
				"down": {"uv": [11.25, 1.75, 13.75, 4.25], "texture": "#texture"}
			}
		},
		{
			"from": [6.5, -3, 7.45],
			"to": [9, 11, 7.55],
			"rotation": {"angle": 0, "axis": "y", "origin": [13.43999, 11.41674, 8.60535]},
			"faces": {
				"north": {"uv": [11.25, 1.5, 13.25, 3.5], "texture": "#texture"},
				"east": {"uv": [11.75, 1.5, 13.75, 4], "texture": "#texture"},
				"south": {"uv": [11.5, 1.25, 13, 3.75], "texture": "#texture"},
				"west": {"uv": [11.25, 1.25, 12.75, 2.75], "texture": "#texture"},
				"up": {"uv": [11.25, 1.25, 12.75, 3.25], "texture": "#texture"},
				"down": {"uv": [11.25, 1.75, 13.75, 4.25], "texture": "#texture"}
			}
		},
		{
			"from": [9, -3.5, 6],
			"to": [10, -3, 9],
			"rotation": {"angle": 0, "axis": "y", "origin": [13.43999, 11.41674, 7.50535]},
			"faces": {
				"north": {"uv": [5.5, 1.5, 7.5, 3.5], "texture": "#texture"},
				"east": {"uv": [6, 1.5, 8, 4], "texture": "#texture"},
				"south": {"uv": [6, 1.5, 7.5, 4], "texture": "#texture"},
				"west": {"uv": [6.5, 2.5, 8, 4], "texture": "#texture"},
				"up": {"uv": [6, 1.5, 7.5, 3.5], "texture": "#texture"},
				"down": {"uv": [6, 0.5, 8.5, 3], "texture": "#texture"}
			}
		},
		{
			"from": [-2.36861, 6.30698, 6],
			"to": [-1.66361, 6.83698, 9],
			"rotation": {"angle": 45, "axis": "z", "origin": [13.43999, 11.41674, 7.50535]},
			"faces": {
				"north": {"uv": [5.5, 1.5, 7.5, 3.5], "texture": "#texture"},
				"east": {"uv": [6, 1.5, 8, 4], "texture": "#texture"},
				"south": {"uv": [6, 1.5, 7.5, 4], "texture": "#texture"},
				"west": {"uv": [6.5, 2.5, 8, 4], "texture": "#texture"},
				"up": {"uv": [6, 1.5, 7.5, 3.5], "texture": "#texture"},
				"down": {"uv": [6, 0.5, 8.5, 3], "texture": "#texture"}
			}
		},
		{
			"from": [20.49462, -1.73987, 6],
			"to": [21.19962, -1.20987, 9],
			"rotation": {"angle": -45, "axis": "z", "origin": [13.43999, 11.41674, 7.50535]},
			"faces": {
				"north": {"uv": [5.5, 1.5, 7.5, 3.5], "texture": "#texture"},
				"east": {"uv": [6, 1.5, 8, 4], "texture": "#texture"},
				"south": {"uv": [6, 1.5, 7.5, 4], "texture": "#texture"},
				"west": {"uv": [6.5, 2.5, 8, 4], "texture": "#texture"},
				"up": {"uv": [6, 1.5, 7.5, 3.5], "texture": "#texture"},
				"down": {"uv": [6, 0.5, 8.5, 3], "texture": "#texture"}
			}
		},
		{
			"from": [5.5, -3.5, 6],
			"to": [6.5, -3, 9],
			"rotation": {"angle": 0, "axis": "y", "origin": [13.43999, 11.41674, 7.50535]},
			"faces": {
				"north": {"uv": [5.5, 1.5, 7.5, 3.5], "texture": "#texture"},
				"east": {"uv": [6, 1.5, 8, 4], "texture": "#texture"},
				"south": {"uv": [6, 1.5, 7.5, 4], "texture": "#texture"},
				"west": {"uv": [6.5, 2.5, 8, 4], "texture": "#texture"},
				"up": {"uv": [6, 1.5, 7.5, 3.5], "texture": "#texture"},
				"down": {"uv": [6, 0.5, 8.5, 3], "texture": "#texture"}
			}
		},
		{
			"from": [6.5, -3.5, 6],
			"to": [9, -3, 9],
			"rotation": {"angle": 0, "axis": "y", "origin": [13.43999, 11.41674, 7.50535]},
			"faces": {
				"north": {"uv": [11.25, 1.5, 13.25, 3.5], "texture": "#texture"},
				"east": {"uv": [11.75, 1.5, 13.75, 4], "texture": "#texture"},
				"south": {"uv": [11.5, 1.25, 13, 3.75], "texture": "#texture"},
				"west": {"uv": [11.25, 1.25, 12.75, 2.75], "texture": "#texture"},
				"up": {"uv": [11.25, 1.25, 12.75, 3.25], "texture": "#texture"},
				"down": {"uv": [11.25, 1.75, 13.75, 4.25], "texture": "#texture"}
			}
		},
		{
			"from": [7.5, -3, 6],
			"to": [8, 11, 6.25],
			"rotation": {"angle": 0, "axis": "y", "origin": [13.43999, 11.41674, 7.50535]},
			"faces": {
				"north": {"uv": [5.5, 1.5, 7.5, 3.5], "texture": "#texture"},
				"east": {"uv": [6, 1.5, 8, 4], "texture": "#texture"},
				"south": {"uv": [6, 1.5, 7.5, 4], "texture": "#texture"},
				"west": {"uv": [6.5, 2.5, 8, 4], "texture": "#texture"},
				"up": {"uv": [6, 1.5, 7.5, 3.5], "texture": "#texture"},
				"down": {"uv": [6, 0.5, 8.5, 3], "texture": "#texture"}
			}
		},
		{
			"from": [7.2, 10.1, 6.5],
			"to": [9, 10.9, 7.25],
			"rotation": {"angle": 0, "axis": "y", "origin": [14.03999, 11.31674, 8.00535]},
			"faces": {
				"north": {"uv": [3, 9.5, 4.5, 11.5], "texture": "#1"},
				"east": {"uv": [3, 9.5, 4.5, 11.5], "texture": "#1"},
				"south": {"uv": [3, 9.5, 4.5, 11.5], "texture": "#1"},
				"west": {"uv": [3, 9.5, 4.5, 11.5], "texture": "#1"},
				"up": {"uv": [3, 9.5, 4.5, 11.5], "texture": "#1"},
				"down": {"uv": [3, 9.5, 4.5, 11.5], "texture": "#1"}
			}
		},
		{
			"from": [7.2, 7.1, 6.6],
			"to": [9, 7.9, 7.35],
			"rotation": {"angle": 0, "axis": "y", "origin": [14.03999, 8.31674, 8.10535]},
			"faces": {
				"north": {"uv": [3, 9.5, 4.5, 11.5], "texture": "#1"},
				"east": {"uv": [3, 9.5, 4.5, 11.5], "texture": "#1"},
				"south": {"uv": [3, 9.5, 4.5, 11.5], "texture": "#1"},
				"west": {"uv": [3, 9.5, 4.5, 11.5], "texture": "#1"},
				"up": {"uv": [3, 9.5, 4.5, 11.5], "texture": "#1"},
				"down": {"uv": [3, 9.5, 4.5, 11.5], "texture": "#1"}
			}
		},
		{
			"from": [7.2, 9.1, 6.5],
			"to": [9, 9.9, 7.25],
			"rotation": {"angle": 0, "axis": "y", "origin": [14.03999, 10.31674, 8.00535]},
			"faces": {
				"north": {"uv": [3, 9.5, 4.5, 11.5], "texture": "#1"},
				"east": {"uv": [3, 9.5, 4.5, 11.5], "texture": "#1"},
				"south": {"uv": [3, 9.5, 4.5, 11.5], "texture": "#1"},
				"west": {"uv": [3, 9.5, 4.5, 11.5], "texture": "#1"},
				"up": {"uv": [3, 9.5, 4.5, 11.5], "texture": "#1"},
				"down": {"uv": [3, 9.5, 4.5, 11.5], "texture": "#1"}
			}
		},
		{
			"from": [7.2, 6.1, 6.7],
			"to": [9, 6.9, 7.45],
			"rotation": {"angle": 0, "axis": "y", "origin": [14.03999, 7.31674, 8.20535]},
			"faces": {
				"north": {"uv": [3, 9.5, 4.5, 11.5], "texture": "#1"},
				"east": {"uv": [3, 9.5, 4.5, 11.5], "texture": "#1"},
				"south": {"uv": [3, 9.5, 4.5, 11.5], "texture": "#1"},
				"west": {"uv": [3, 9.5, 4.5, 11.5], "texture": "#1"},
				"up": {"uv": [3, 9.5, 4.5, 11.5], "texture": "#1"},
				"down": {"uv": [3, 9.5, 4.5, 11.5], "texture": "#1"}
			}
		},
		{
			"from": [7.2, 8.1, 6.5],
			"to": [9, 8.9, 7.25],
			"rotation": {"angle": 0, "axis": "y", "origin": [14.03999, 9.31674, 8.00535]},
			"faces": {
				"north": {"uv": [3, 9.5, 4.5, 11.5], "texture": "#1"},
				"east": {"uv": [3, 9.5, 4.5, 11.5], "texture": "#1"},
				"south": {"uv": [3, 9.5, 4.5, 11.5], "texture": "#1"},
				"west": {"uv": [3, 9.5, 4.5, 11.5], "texture": "#1"},
				"up": {"uv": [3, 9.5, 4.5, 11.5], "texture": "#1"},
				"down": {"uv": [3, 9.5, 4.5, 11.5], "texture": "#1"}
			}
		},
		{
			"from": [7.2, 9.4, 7.7],
			"to": [9, 10.2, 8.45],
			"rotation": {"angle": 0, "axis": "y", "origin": [14.03999, 10.61674, 9.30535]},
			"faces": {
				"north": {"uv": [3, 9.5, 4.5, 11.5], "texture": "#1"},
				"east": {"uv": [3, 9.5, 4.5, 11.5], "texture": "#1"},
				"south": {"uv": [3, 9.5, 4.5, 11.5], "texture": "#1"},
				"west": {"uv": [3, 9.5, 4.5, 11.5], "texture": "#1"},
				"up": {"uv": [3, 9.5, 4.5, 11.5], "texture": "#1"},
				"down": {"uv": [3, 9.5, 4.5, 11.5], "texture": "#1"}
			}
		},
		{
			"from": [7.2, 6.4, 7.5],
			"to": [9, 7.2, 8.25],
			"rotation": {"angle": 0, "axis": "y", "origin": [14.03999, 7.61674, 9.10535]},
			"faces": {
				"north": {"uv": [3, 9.5, 4.5, 11.5], "texture": "#1"},
				"east": {"uv": [3, 9.5, 4.5, 11.5], "texture": "#1"},
				"south": {"uv": [3, 9.5, 4.5, 11.5], "texture": "#1"},
				"west": {"uv": [3, 9.5, 4.5, 11.5], "texture": "#1"},
				"up": {"uv": [3, 9.5, 4.5, 11.5], "texture": "#1"},
				"down": {"uv": [3, 9.5, 4.5, 11.5], "texture": "#1"}
			}
		},
		{
			"from": [7.2, 8.4, 7.7],
			"to": [9, 9.2, 8.45],
			"rotation": {"angle": 0, "axis": "y", "origin": [14.03999, 9.61674, 9.30535]},
			"faces": {
				"north": {"uv": [3, 9.5, 4.5, 11.5], "texture": "#1"},
				"east": {"uv": [3, 9.5, 4.5, 11.5], "texture": "#1"},
				"south": {"uv": [3, 9.5, 4.5, 11.5], "texture": "#1"},
				"west": {"uv": [3, 9.5, 4.5, 11.5], "texture": "#1"},
				"up": {"uv": [3, 9.5, 4.5, 11.5], "texture": "#1"},
				"down": {"uv": [3, 9.5, 4.5, 11.5], "texture": "#1"}
			}
		},
		{
			"from": [7.2, 7.4, 7.6],
			"to": [9, 8.2, 8.35],
			"rotation": {"angle": 0, "axis": "y", "origin": [14.03999, 8.61674, 9.20535]},
			"faces": {
				"north": {"uv": [3, 9.5, 4.5, 11.5], "texture": "#1"},
				"east": {"uv": [3, 9.5, 4.5, 11.5], "texture": "#1"},
				"south": {"uv": [3, 9.5, 4.5, 11.5], "texture": "#1"},
				"west": {"uv": [3, 9.5, 4.5, 11.5], "texture": "#1"},
				"up": {"uv": [3, 9.5, 4.5, 11.5], "texture": "#1"},
				"down": {"uv": [3, 9.5, 4.5, 11.5], "texture": "#1"}
			}
		},
		{
			"from": [6.6, 10.1, 6.5],
			"to": [7.2, 10.9, 7.25],
			"rotation": {"angle": 0, "axis": "y", "origin": [13.73999, 11.31674, 8.00535]},
			"faces": {
				"north": {"uv": [9.5, 2.5, 11, 4.5], "texture": "#1"},
				"east": {"uv": [9.5, 2.5, 11, 4.5], "texture": "#1"},
				"south": {"uv": [9.5, 2.5, 11, 4.5], "texture": "#1"},
				"west": {"uv": [9.5, 2.5, 11, 4.5], "texture": "#1"},
				"up": {"uv": [9.5, 2.5, 11, 4.5], "texture": "#1"},
				"down": {"uv": [9.5, 2.5, 11, 4.5], "texture": "#1"}
			}
		},
		{
			"from": [6.6, 7.1, 6.6],
			"to": [7.2, 7.9, 7.35],
			"rotation": {"angle": 0, "axis": "y", "origin": [13.73999, 8.31674, 8.10535]},
			"faces": {
				"north": {"uv": [9.5, 2.5, 11, 4.5], "texture": "#1"},
				"east": {"uv": [9.5, 2.5, 11, 4.5], "texture": "#1"},
				"south": {"uv": [9.5, 2.5, 11, 4.5], "texture": "#1"},
				"west": {"uv": [9.5, 2.5, 11, 4.5], "texture": "#1"},
				"up": {"uv": [9.5, 2.5, 11, 4.5], "texture": "#1"},
				"down": {"uv": [9.5, 2.5, 11, 4.5], "texture": "#1"}
			}
		},
		{
			"from": [6.6, 9.1, 6.5],
			"to": [7.2, 9.9, 7.25],
			"rotation": {"angle": 0, "axis": "y", "origin": [13.73999, 10.31674, 8.00535]},
			"faces": {
				"north": {"uv": [9.5, 2.5, 11, 4.5], "texture": "#1"},
				"east": {"uv": [9.5, 2.5, 11, 4.5], "texture": "#1"},
				"south": {"uv": [9.5, 2.5, 11, 4.5], "texture": "#1"},
				"west": {"uv": [9.5, 2.5, 11, 4.5], "texture": "#1"},
				"up": {"uv": [9.5, 2.5, 11, 4.5], "texture": "#1"},
				"down": {"uv": [9.5, 2.5, 11, 4.5], "texture": "#1"}
			}
		},
		{
			"from": [6.6, 6.1, 6.7],
			"to": [7.2, 6.9, 7.45],
			"rotation": {"angle": 0, "axis": "y", "origin": [13.73999, 7.31674, 8.20535]},
			"faces": {
				"north": {"uv": [9.5, 2.5, 11, 4.5], "texture": "#1"},
				"east": {"uv": [9.5, 2.5, 11, 4.5], "texture": "#1"},
				"south": {"uv": [9.5, 2.5, 11, 4.5], "texture": "#1"},
				"west": {"uv": [9.5, 2.5, 11, 4.5], "texture": "#1"},
				"up": {"uv": [9.5, 2.5, 11, 4.5], "texture": "#1"},
				"down": {"uv": [9.5, 2.5, 11, 4.5], "texture": "#1"}
			}
		},
		{
			"from": [6.6, 8.1, 6.5],
			"to": [7.2, 8.9, 7.25],
			"rotation": {"angle": 0, "axis": "y", "origin": [13.73999, 9.31674, 8.00535]},
			"faces": {
				"north": {"uv": [9.5, 2.5, 11, 4.5], "texture": "#1"},
				"east": {"uv": [9.5, 2.5, 11, 4.5], "texture": "#1"},
				"south": {"uv": [9.5, 2.5, 11, 4.5], "texture": "#1"},
				"west": {"uv": [9.5, 2.5, 11, 4.5], "texture": "#1"},
				"up": {"uv": [9.5, 2.5, 11, 4.5], "texture": "#1"},
				"down": {"uv": [9.5, 2.5, 11, 4.5], "texture": "#1"}
			}
		},
		{
			"from": [6.6, 9.4, 7.7],
			"to": [7.2, 10.2, 8.45],
			"rotation": {"angle": 0, "axis": "y", "origin": [13.73999, 10.61674, 9.30535]},
			"faces": {
				"north": {"uv": [9.5, 2.5, 11, 4.5], "texture": "#1"},
				"east": {"uv": [9.5, 2.5, 11, 4.5], "texture": "#1"},
				"south": {"uv": [9.5, 2.5, 11, 4.5], "texture": "#1"},
				"west": {"uv": [9.5, 2.5, 11, 4.5], "texture": "#1"},
				"up": {"uv": [9.5, 2.5, 11, 4.5], "texture": "#1"},
				"down": {"uv": [9.5, 2.5, 11, 4.5], "texture": "#1"}
			}
		},
		{
			"from": [6.6, 6.4, 7.5],
			"to": [7.2, 7.2, 8.25],
			"rotation": {"angle": 0, "axis": "y", "origin": [13.73999, 7.61674, 9.10535]},
			"faces": {
				"north": {"uv": [9.5, 2.5, 11, 4.5], "texture": "#1"},
				"east": {"uv": [9.5, 2.5, 11, 4.5], "texture": "#1"},
				"south": {"uv": [9.5, 2.5, 11, 4.5], "texture": "#1"},
				"west": {"uv": [9.5, 2.5, 11, 4.5], "texture": "#1"},
				"up": {"uv": [9.5, 2.5, 11, 4.5], "texture": "#1"},
				"down": {"uv": [9.5, 2.5, 11, 4.5], "texture": "#1"}
			}
		},
		{
			"from": [6.6, 8.4, 7.7],
			"to": [7.2, 9.2, 8.45],
			"rotation": {"angle": 0, "axis": "y", "origin": [13.73999, 9.61674, 9.30535]},
			"faces": {
				"north": {"uv": [9.5, 2.5, 11, 4.5], "texture": "#1"},
				"east": {"uv": [9.5, 2.5, 11, 4.5], "texture": "#1"},
				"south": {"uv": [9.5, 2.5, 11, 4.5], "texture": "#1"},
				"west": {"uv": [9.5, 2.5, 11, 4.5], "texture": "#1"},
				"up": {"uv": [9.5, 2.5, 11, 4.5], "texture": "#1"},
				"down": {"uv": [9.5, 2.5, 11, 4.5], "texture": "#1"}
			}
		},
		{
			"from": [6.6, 7.4, 7.6],
			"to": [7.2, 8.2, 8.35],
			"rotation": {"angle": 0, "axis": "y", "origin": [13.73999, 8.61674, 9.20535]},
			"faces": {
				"north": {"uv": [9.5, 2.5, 11, 4.5], "texture": "#1"},
				"east": {"uv": [9.5, 2.5, 11, 4.5], "texture": "#1"},
				"south": {"uv": [9.5, 2.5, 11, 4.5], "texture": "#1"},
				"west": {"uv": [9.5, 2.5, 11, 4.5], "texture": "#1"},
				"up": {"uv": [9.5, 2.5, 11, 4.5], "texture": "#1"},
				"down": {"uv": [9.5, 2.5, 11, 4.5], "texture": "#1"}
			}
		},
		{
			"from": [6.5, 10.2, 6.6],
			"to": [7, 10.8, 7.15],
			"rotation": {"angle": 0, "axis": "y", "origin": [13.63999, 11.31674, 8.00535]},
			"faces": {
				"north": {"uv": [9.5, 2.5, 11, 4.5], "texture": "#1"},
				"east": {"uv": [9.5, 2.5, 11, 4.5], "texture": "#1"},
				"south": {"uv": [9.5, 2.5, 11, 4.5], "texture": "#1"},
				"west": {"uv": [9.5, 2.5, 11, 4.5], "texture": "#1"},
				"up": {"uv": [9.5, 2.5, 11, 4.5], "texture": "#1"},
				"down": {"uv": [9.5, 2.5, 11, 4.5], "texture": "#1"}
			}
		},
		{
			"from": [6.5, 7.2, 6.7],
			"to": [7, 7.8, 7.25],
			"rotation": {"angle": 0, "axis": "y", "origin": [13.63999, 8.31674, 8.10535]},
			"faces": {
				"north": {"uv": [9.5, 2.5, 11, 4.5], "texture": "#1"},
				"east": {"uv": [9.5, 2.5, 11, 4.5], "texture": "#1"},
				"south": {"uv": [9.5, 2.5, 11, 4.5], "texture": "#1"},
				"west": {"uv": [9.5, 2.5, 11, 4.5], "texture": "#1"},
				"up": {"uv": [9.5, 2.5, 11, 4.5], "texture": "#1"},
				"down": {"uv": [9.5, 2.5, 11, 4.5], "texture": "#1"}
			}
		},
		{
			"from": [6.5, 9.2, 6.6],
			"to": [7, 9.8, 7.15],
			"rotation": {"angle": 0, "axis": "y", "origin": [13.63999, 10.31674, 8.00535]},
			"faces": {
				"north": {"uv": [9.5, 2.5, 11, 4.5], "texture": "#1"},
				"east": {"uv": [9.5, 2.5, 11, 4.5], "texture": "#1"},
				"south": {"uv": [9.5, 2.5, 11, 4.5], "texture": "#1"},
				"west": {"uv": [9.5, 2.5, 11, 4.5], "texture": "#1"},
				"up": {"uv": [9.5, 2.5, 11, 4.5], "texture": "#1"},
				"down": {"uv": [9.5, 2.5, 11, 4.5], "texture": "#1"}
			}
		},
		{
			"from": [6.5, 6.2, 6.8],
			"to": [7, 6.8, 7.35],
			"rotation": {"angle": 0, "axis": "y", "origin": [13.63999, 7.31674, 8.20535]},
			"faces": {
				"north": {"uv": [9.5, 2.5, 11, 4.5], "texture": "#1"},
				"east": {"uv": [9.5, 2.5, 11, 4.5], "texture": "#1"},
				"south": {"uv": [9.5, 2.5, 11, 4.5], "texture": "#1"},
				"west": {"uv": [9.5, 2.5, 11, 4.5], "texture": "#1"},
				"up": {"uv": [9.5, 2.5, 11, 4.5], "texture": "#1"},
				"down": {"uv": [9.5, 2.5, 11, 4.5], "texture": "#1"}
			}
		},
		{
			"from": [6.5, 8.2, 6.6],
			"to": [7, 8.8, 7.15],
			"rotation": {"angle": 0, "axis": "y", "origin": [13.63999, 9.31674, 8.00535]},
			"faces": {
				"north": {"uv": [9.5, 2.5, 11, 4.5], "texture": "#1"},
				"east": {"uv": [9.5, 2.5, 11, 4.5], "texture": "#1"},
				"south": {"uv": [9.5, 2.5, 11, 4.5], "texture": "#1"},
				"west": {"uv": [9.5, 2.5, 11, 4.5], "texture": "#1"},
				"up": {"uv": [9.5, 2.5, 11, 4.5], "texture": "#1"},
				"down": {"uv": [9.5, 2.5, 11, 4.5], "texture": "#1"}
			}
		},
		{
			"from": [6.5, 9.5, 7.8],
			"to": [7, 10.1, 8.35],
			"rotation": {"angle": 0, "axis": "y", "origin": [13.63999, 10.61674, 9.30535]},
			"faces": {
				"north": {"uv": [9.5, 2.5, 11, 4.5], "texture": "#1"},
				"east": {"uv": [9.5, 2.5, 11, 4.5], "texture": "#1"},
				"south": {"uv": [9.5, 2.5, 11, 4.5], "texture": "#1"},
				"west": {"uv": [9.5, 2.5, 11, 4.5], "texture": "#1"},
				"up": {"uv": [9.5, 2.5, 11, 4.5], "texture": "#1"},
				"down": {"uv": [9.5, 2.5, 11, 4.5], "texture": "#1"}
			}
		},
		{
			"from": [6.5, 6.5, 7.6],
			"to": [7, 7.1, 8.15],
			"rotation": {"angle": 0, "axis": "y", "origin": [13.63999, 7.61674, 9.10535]},
			"faces": {
				"north": {"uv": [9.5, 2.5, 11, 4.5], "texture": "#1"},
				"east": {"uv": [9.5, 2.5, 11, 4.5], "texture": "#1"},
				"south": {"uv": [9.5, 2.5, 11, 4.5], "texture": "#1"},
				"west": {"uv": [9.5, 2.5, 11, 4.5], "texture": "#1"},
				"up": {"uv": [9.5, 2.5, 11, 4.5], "texture": "#1"},
				"down": {"uv": [9.5, 2.5, 11, 4.5], "texture": "#1"}
			}
		},
		{
			"from": [6.5, 8.5, 7.8],
			"to": [7, 9.1, 8.35],
			"rotation": {"angle": 0, "axis": "y", "origin": [13.63999, 9.61674, 9.30535]},
			"faces": {
				"north": {"uv": [9.5, 2.5, 11, 4.5], "texture": "#1"},
				"east": {"uv": [9.5, 2.5, 11, 4.5], "texture": "#1"},
				"south": {"uv": [9.5, 2.5, 11, 4.5], "texture": "#1"},
				"west": {"uv": [9.5, 2.5, 11, 4.5], "texture": "#1"},
				"up": {"uv": [9.5, 2.5, 11, 4.5], "texture": "#1"},
				"down": {"uv": [9.5, 2.5, 11, 4.5], "texture": "#1"}
			}
		},
		{
			"from": [6.5, 7.5, 7.7],
			"to": [7, 8.1, 8.25],
			"rotation": {"angle": 0, "axis": "y", "origin": [13.63999, 8.61674, 9.20535]},
			"faces": {
				"north": {"uv": [9.5, 2.5, 11, 4.5], "texture": "#1"},
				"east": {"uv": [9.5, 2.5, 11, 4.5], "texture": "#1"},
				"south": {"uv": [9.5, 2.5, 11, 4.5], "texture": "#1"},
				"west": {"uv": [9.5, 2.5, 11, 4.5], "texture": "#1"},
				"up": {"uv": [9.5, 2.5, 11, 4.5], "texture": "#1"},
				"down": {"uv": [9.5, 2.5, 11, 4.5], "texture": "#1"}
			}
		},
		{
			"from": [7.5, -3, 8.75],
			"to": [8, 11, 9],
			"rotation": {"angle": 0, "axis": "y", "origin": [13.43999, 11.41674, 10.25535]},
			"faces": {
				"north": {"uv": [5.5, 1.5, 7.5, 3.5], "texture": "#texture"},
				"east": {"uv": [6, 1.5, 8, 4], "texture": "#texture"},
				"south": {"uv": [6, 1.5, 7.5, 4], "texture": "#texture"},
				"west": {"uv": [6.5, 2.5, 8, 4], "texture": "#texture"},
				"up": {"uv": [6, 1.5, 7.5, 3.5], "texture": "#texture"},
				"down": {"uv": [6, 0.5, 8.5, 3], "texture": "#texture"}
			}
		}
	],
	"display": {
		"thirdperson_righthand": {
			"rotation": [0, -90, 0],
			"translation": [0, 0.5, -0.5],
			"scale": [0.45, 0.45, 0.45]
		},
		"thirdperson_lefthand": {
			"rotation": [0, -90, 0],
			"translation": [0, 0.5, -0.5],
			"scale": [-0.45, 0.45, 0.45]
		},
		"firstperson_righthand": {
			"rotation": [14, -90, 0],
			"translation": [-2.5, 3.25, 1.75],
			"scale": [0.45, 0.45, 0.45]
		},
		"firstperson_lefthand": {
			"rotation": [14, -90, 0],
			"translation": [-2.5, 3.25, 1.75],
			"scale": [-0.45, 0.45, 0.45]
		},
		"ground": {
			"rotation": [-90, 0, 0],
			"translation": [0.5, -1.25, -1.25],
			"scale": [0.35, 0.35, 0.35]
		},
		"gui": {
			"rotation": [30, 45, 0],
			"translation": [0.5, 3.75, 0]
		},
		"head": {
			"rotation": [0, 0, -45],
			"translation": [-3, -21.75, 4.75],
			"scale": [0.5, 0.5, 0.5]
		},
		"fixed": {
			"translation": [1.75, 0.5, -0.75],
			"scale": [0.5, 0.5, 0.5]
		}
	},
	"groups": [0, 1, 2, 3, 4, 5, 6, 7, 8, 9, 10, 11, 12, 13, 14, 15, 16, 17, 18, 19, 20, 21, 22, 23, 24, 25, 26, 27, 28, 29, 30, 31, 32, 33, 34, 35, 36, 37, 38,
		{
			"name": "stock",
			"origin": [9.43999, 9.41674, 7.50535],
			"children": []
		}
	]
}