{
	"credit": "Made by MadstonMagic, using Cubik Pro & Blockbench",
	"textures": {
		"1": "ammunition/7.62x39mm",
		"particle": "ammunition/7.62x39mm",
		"texture": "guns/smr/smr"
	},
	"elements": [
		{
			"from": [5.75, 2.6875, 7],
			"to": [9.25, 2.8875, 9],
			"rotation": {"angle": 0, "axis": "y", "origin": [-5, 8, 8]},
			"faces": {
				"north": {"uv": [5.5, 5.5, 7, 7.5], "texture": "#texture"},
				"east": {"uv": [5.75, 5.25, 7.25, 7.25], "texture": "#texture"},
				"south": {"uv": [6, 6.25, 7.5, 8.25], "texture": "#texture"},
				"west": {"uv": [5.75, 6.25, 7.75, 7.75], "texture": "#texture"},
				"up": {"uv": [5.75, 5.25, 7.75, 7.75], "texture": "#texture"},
				"down": {"uv": [5.75, 5.5, 7.75, 7.5], "texture": "#texture"}
			}
		},
		{
			"from": [5.75, 2.8875, 7],
			"to": [9.25, 7.6875, 7.2],
			"rotation": {"angle": 0, "axis": "y", "origin": [-5, 8, 8]},
			"faces": {
				"north": {"uv": [5.5, 5.5, 7, 7.5], "texture": "#texture"},
				"east": {"uv": [5.75, 5.25, 7.25, 7.25], "texture": "#texture"},
				"south": {"uv": [6, 6.25, 7.5, 8.25], "texture": "#texture"},
				"west": {"uv": [5.75, 6.25, 7.75, 7.75], "texture": "#texture"},
				"up": {"uv": [5.75, 5.25, 7.75, 7.75], "texture": "#texture"},
				"down": {"uv": [5.75, 5.5, 7.75, 7.5], "texture": "#texture"}
			}
		},
		{
			"from": [5.75, 2.8875, 8.8],
			"to": [9.25, 7.6875, 9],
			"rotation": {"angle": 0, "axis": "y", "origin": [-5, 8, 8]},
			"faces": {
				"north": {"uv": [5.5, 5.5, 7, 7.5], "texture": "#texture"},
				"east": {"uv": [5.75, 5.25, 7.25, 7.25], "texture": "#texture"},
				"south": {"uv": [6, 6.25, 7.5, 8.25], "texture": "#texture"},
				"west": {"uv": [5.75, 6.25, 7.75, 7.75], "texture": "#texture"},
				"up": {"uv": [5.75, 5.25, 7.75, 7.75], "texture": "#texture"},
				"down": {"uv": [5.75, 5.5, 7.75, 7.5], "texture": "#texture"}
			}
		},
		{
			"from": [9.05, 2.8875, 7.2],
			"to": [9.25, 7.6875, 8.8],
			"rotation": {"angle": 0, "axis": "y", "origin": [-5, 8, 8]},
			"faces": {
				"north": {"uv": [5.5, 5.5, 7, 7.5], "texture": "#texture"},
				"east": {"uv": [5.75, 5.25, 7.25, 7.25], "texture": "#texture"},
				"south": {"uv": [6, 6.25, 7.5, 8.25], "texture": "#texture"},
				"west": {"uv": [5.75, 6.25, 7.75, 7.75], "texture": "#texture"},
				"up": {"uv": [5.75, 5.25, 7.75, 7.75], "texture": "#texture"},
				"down": {"uv": [5.75, 5.5, 7.75, 7.5], "texture": "#texture"}
			}
		},
		{
			"from": [5.75, 2.8875, 7.2],
			"to": [5.95, 7.6875, 8.8],
			"rotation": {"angle": 0, "axis": "y", "origin": [-5, 8, 8]},
			"faces": {
				"north": {"uv": [5.5, 5.5, 7, 7.5], "texture": "#texture"},
				"east": {"uv": [5.75, 5.25, 7.25, 7.25], "texture": "#texture"},
				"south": {"uv": [6, 6.25, 7.5, 8.25], "texture": "#texture"},
				"west": {"uv": [5.75, 6.25, 7.75, 7.75], "texture": "#texture"},
				"up": {"uv": [5.75, 5.25, 7.75, 7.75], "texture": "#texture"},
				"down": {"uv": [5.75, 5.5, 7.75, 7.5], "texture": "#texture"}
			}
		},
		{
			"from": [6.15, 2.625, 7],
			"to": [9.525, 3.575, 9],
			"rotation": {"angle": -22.5, "axis": "z", "origin": [6.125, 3.625, 7]},
			"faces": {
				"north": {"uv": [5.5, 5.5, 7, 7.5], "texture": "#texture"},
				"east": {"uv": [5.75, 5.25, 7.25, 7.25], "texture": "#texture"},
				"south": {"uv": [6, 6.25, 7.5, 8.25], "texture": "#texture"},
				"west": {"uv": [5.75, 6.25, 7.75, 7.75], "texture": "#texture"},
				"up": {"uv": [5.75, 5.25, 7.75, 7.75], "texture": "#texture"},
				"down": {"uv": [5.75, 5.5, 7.75, 7.5], "texture": "#texture"}
			}
		},
		{
			"from": [7.5, 2.275, 7],
			"to": [9.25, 2.75, 9],
			"rotation": {"angle": 0, "axis": "y", "origin": [5, 8, 8]},
			"faces": {
				"north": {"uv": [5.5, 5.5, 7, 7.5], "texture": "#texture"},
				"east": {"uv": [5.75, 5.25, 7.25, 7.25], "texture": "#texture"},
				"south": {"uv": [6, 6.25, 7.5, 8.25], "texture": "#texture"},
				"west": {"uv": [5.75, 6.25, 7.75, 7.75], "texture": "#texture"},
				"up": {"uv": [5.75, 5.25, 7.75, 7.75], "texture": "#texture"},
				"down": {"uv": [5.75, 5.5, 7.75, 7.5], "texture": "#texture"}
			}
		},
		{
			"from": [6.25, 2.75, 6.75],
			"to": [7, 7.675, 7.05],
			"rotation": {"angle": 0, "axis": "y", "origin": [-5, 8, 8]},
			"faces": {
				"north": {"uv": [10.25, 10.25, 11.75, 12.25], "texture": "#texture"},
				"east": {"uv": [10.5, 9.75, 12, 11.75], "texture": "#texture"},
				"south": {"uv": [11, 10, 12.5, 12], "texture": "#texture"},
				"west": {"uv": [10.5, 10.5, 12.5, 12], "texture": "#texture"},
				"up": {"uv": [10, 10.5, 12, 13], "texture": "#texture"},
				"down": {"uv": [10.25, 10, 12.25, 12], "texture": "#texture"}
			}
		},
		{
			"from": [6.25, 2.75, 8.95],
			"to": [7, 7.675, 9.25],
			"rotation": {"angle": 0, "axis": "y", "origin": [-5, 8, 10.2]},
			"faces": {
				"north": {"uv": [10.25, 10.25, 11.75, 12.25], "texture": "#texture"},
				"east": {"uv": [10.5, 9.75, 12, 11.75], "texture": "#texture"},
				"south": {"uv": [11, 10, 12.5, 12], "texture": "#texture"},
				"west": {"uv": [10.5, 10.5, 12.5, 12], "texture": "#texture"},
				"up": {"uv": [10, 10.5, 12, 13], "texture": "#texture"},
				"down": {"uv": [10.25, 10, 12.25, 12], "texture": "#texture"}
			}
		},
		{
			"from": [5.95, 2.75, 7.95],
			"to": [9.1, 7.675, 8.05],
			"rotation": {"angle": 0, "axis": "y", "origin": [-5, 8, 10.2]},
			"faces": {
				"north": {"uv": [10.25, 10.25, 11.75, 12.25], "texture": "#texture"},
				"east": {"uv": [10.5, 9.75, 12, 11.75], "texture": "#texture"},
				"south": {"uv": [11, 10, 12.5, 12], "texture": "#texture"},
				"west": {"uv": [10.5, 10.5, 12.5, 12], "texture": "#texture"},
				"up": {"uv": [10, 10.5, 12, 13], "texture": "#texture"},
				"down": {"uv": [10.25, 10, 12.25, 12], "texture": "#texture"}
			}
		},
		{
			"from": [8, 2.25, 6.75],
			"to": [8.75, 7.675, 7.05],
			"rotation": {"angle": 0, "axis": "y", "origin": [-5, 8, 8]},
			"faces": {
				"north": {"uv": [10.25, 10.25, 11.75, 12.25], "texture": "#texture"},
				"east": {"uv": [10.5, 9.75, 12, 11.75], "texture": "#texture"},
				"south": {"uv": [11, 10, 12.5, 12], "texture": "#texture"},
				"west": {"uv": [10.5, 10.5, 12.5, 12], "texture": "#texture"},
				"up": {"uv": [10, 10.5, 12, 13], "texture": "#texture"},
				"down": {"uv": [10.25, 10, 12.25, 12], "texture": "#texture"}
			}
		},
		{
			"from": [8, 2.25, 8.95],
			"to": [8.75, 7.675, 9.25],
			"rotation": {"angle": 0, "axis": "y", "origin": [-5, 8, 8]},
			"faces": {
				"north": {"uv": [10.25, 10.25, 11.75, 12.25], "texture": "#texture"},
				"east": {"uv": [10.5, 9.75, 12, 11.75], "texture": "#texture"},
				"south": {"uv": [11, 10, 12.5, 12], "texture": "#texture"},
				"west": {"uv": [10.5, 10.5, 12.5, 12], "texture": "#texture"},
				"up": {"uv": [10, 10.5, 12, 13], "texture": "#texture"},
				"down": {"uv": [10.25, 10, 12.25, 12], "texture": "#texture"}
			}
		},
		{
			"from": [7.45, 6.9875, 8.1],
			"to": [8.75, 7.5875, 8.7],
			"rotation": {"angle": 0, "axis": "y", "origin": [-5, 8, 7.9]},
			"faces": {
				"north": {"uv": [4, 3.5, 5.5, 5.5], "texture": "#1"},
				"east": {"uv": [4, 3.5, 5.5, 5.5], "texture": "#1"},
				"south": {"uv": [4, 3.5, 5.5, 5.5], "texture": "#1"},
				"west": {"uv": [4, 3.5, 5.5, 5.5], "texture": "#1"},
				"up": {"uv": [4, 3.5, 5.5, 5.5], "texture": "#1"},
				"down": {"uv": [4, 3.5, 5.5, 5.5], "texture": "#1"}
			}
		},
		{
			"from": [7.45, 5.6875, 8.1],
			"to": [8.75, 6.2875, 8.7],
			"rotation": {"angle": 0, "axis": "y", "origin": [-5, 6.7, 7.9]},
			"faces": {
				"north": {"uv": [4, 3.5, 5.5, 5.5], "texture": "#1"},
				"east": {"uv": [4, 3.5, 5.5, 5.5], "texture": "#1"},
				"south": {"uv": [4, 3.5, 5.5, 5.5], "texture": "#1"},
				"west": {"uv": [4, 3.5, 5.5, 5.5], "texture": "#1"},
				"up": {"uv": [4, 3.5, 5.5, 5.5], "texture": "#1"},
				"down": {"uv": [4, 3.5, 5.5, 5.5], "texture": "#1"}
			}
		},
		{
			"from": [7.45, 4.3875, 8.1],
			"to": [8.75, 4.9875, 8.7],
			"rotation": {"angle": 0, "axis": "y", "origin": [-5, 5.4, 7.9]},
			"faces": {
				"north": {"uv": [4, 3.5, 5.5, 5.5], "texture": "#1"},
				"east": {"uv": [4, 3.5, 5.5, 5.5], "texture": "#1"},
				"south": {"uv": [4, 3.5, 5.5, 5.5], "texture": "#1"},
				"west": {"uv": [4, 3.5, 5.5, 5.5], "texture": "#1"},
				"up": {"uv": [4, 3.5, 5.5, 5.5], "texture": "#1"},
				"down": {"uv": [4, 3.5, 5.5, 5.5], "texture": "#1"}
			}
		},
		{
			"from": [7.45, 3.1875, 8.1],
			"to": [8.75, 3.7875, 8.7],
			"rotation": {"angle": 0, "axis": "y", "origin": [-5, 4.2, 7.9]},
			"faces": {
				"north": {"uv": [4, 3.5, 5.5, 5.5], "texture": "#1"},
				"east": {"uv": [4, 3.5, 5.5, 5.5], "texture": "#1"},
				"south": {"uv": [4, 3.5, 5.5, 5.5], "texture": "#1"},
				"west": {"uv": [4, 3.5, 5.5, 5.5], "texture": "#1"},
				"up": {"uv": [4, 3.5, 5.5, 5.5], "texture": "#1"},
				"down": {"uv": [4, 3.5, 5.5, 5.5], "texture": "#1"}
			}
		},
		{
			"from": [7.45, 6.3875, 7.3],
			"to": [8.75, 6.9875, 7.9],
			"rotation": {"angle": 0, "axis": "y", "origin": [-5, 7.4, 7.1]},
			"faces": {
				"north": {"uv": [4, 3.5, 5.5, 5.5], "texture": "#1"},
				"east": {"uv": [4, 3.5, 5.5, 5.5], "texture": "#1"},
				"south": {"uv": [4, 3.5, 5.5, 5.5], "texture": "#1"},
				"west": {"uv": [4, 3.5, 5.5, 5.5], "texture": "#1"},
				"up": {"uv": [4, 3.5, 5.5, 5.5], "texture": "#1"},
				"down": {"uv": [4, 3.5, 5.5, 5.5], "texture": "#1"}
			}
		},
		{
			"from": [7.45, 5.0875, 7.3],
			"to": [8.75, 5.6875, 7.9],
			"rotation": {"angle": 0, "axis": "y", "origin": [-5, 6.1, 7.1]},
			"faces": {
				"north": {"uv": [4, 3.5, 5.5, 5.5], "texture": "#1"},
				"east": {"uv": [4, 3.5, 5.5, 5.5], "texture": "#1"},
				"south": {"uv": [4, 3.5, 5.5, 5.5], "texture": "#1"},
				"west": {"uv": [4, 3.5, 5.5, 5.5], "texture": "#1"},
				"up": {"uv": [4, 3.5, 5.5, 5.5], "texture": "#1"},
				"down": {"uv": [4, 3.5, 5.5, 5.5], "texture": "#1"}
			}
		},
		{
			"from": [7.45, 3.7875, 7.3],
			"to": [8.75, 4.3875, 7.9],
			"rotation": {"angle": 0, "axis": "y", "origin": [-5, 4.8, 7.1]},
			"faces": {
				"north": {"uv": [4, 3.5, 5.5, 5.5], "texture": "#1"},
				"east": {"uv": [4, 3.5, 5.5, 5.5], "texture": "#1"},
				"south": {"uv": [4, 3.5, 5.5, 5.5], "texture": "#1"},
				"west": {"uv": [4, 3.5, 5.5, 5.5], "texture": "#1"},
				"up": {"uv": [4, 3.5, 5.5, 5.5], "texture": "#1"},
				"down": {"uv": [4, 3.5, 5.5, 5.5], "texture": "#1"}
			}
		},
		{
			"from": [6.65, 6.9875, 8.1],
			"to": [7.45, 7.5875, 8.7],
			"rotation": {"angle": 0, "axis": "y", "origin": [-5, 8, 7.9]},
			"faces": {
				"north": {"uv": [10.5, 2.5, 12.5, 5], "texture": "#1"},
				"east": {"uv": [10.5, 2.5, 12.5, 5], "texture": "#1"},
				"south": {"uv": [10.5, 2.5, 12.5, 5], "texture": "#1"},
				"west": {"uv": [10.5, 2.5, 12.5, 5], "texture": "#1"},
				"up": {"uv": [10.5, 2.5, 12.5, 5], "texture": "#1"},
				"down": {"uv": [10.5, 2.5, 12.5, 5], "texture": "#1"}
			}
		},
		{
			"from": [6.65, 5.6875, 8.1],
			"to": [7.45, 6.2875, 8.7],
			"rotation": {"angle": 0, "axis": "y", "origin": [-5, 6.7, 7.9]},
			"faces": {
				"north": {"uv": [10.5, 2.5, 12.5, 5], "texture": "#1"},
				"east": {"uv": [10.5, 2.5, 12.5, 5], "texture": "#1"},
				"south": {"uv": [10.5, 2.5, 12.5, 5], "texture": "#1"},
				"west": {"uv": [10.5, 2.5, 12.5, 5], "texture": "#1"},
				"up": {"uv": [10.5, 2.5, 12.5, 5], "texture": "#1"},
				"down": {"uv": [10.5, 2.5, 12.5, 5], "texture": "#1"}
			}
		},
		{
			"from": [6.65, 4.3875, 8.1],
			"to": [7.45, 4.9875, 8.7],
			"rotation": {"angle": 0, "axis": "y", "origin": [-5, 5.4, 7.9]},
			"faces": {
				"north": {"uv": [10.5, 2.5, 12.5, 5], "texture": "#1"},
				"east": {"uv": [10.5, 2.5, 12.5, 5], "texture": "#1"},
				"south": {"uv": [10.5, 2.5, 12.5, 5], "texture": "#1"},
				"west": {"uv": [10.5, 2.5, 12.5, 5], "texture": "#1"},
				"up": {"uv": [10.5, 2.5, 12.5, 5], "texture": "#1"},
				"down": {"uv": [10.5, 2.5, 12.5, 5], "texture": "#1"}
			}
		},
		{
			"from": [6.65, 3.1875, 8.1],
			"to": [7.45, 3.7875, 8.7],
			"rotation": {"angle": 0, "axis": "y", "origin": [-5, 4.2, 7.9]},
			"faces": {
				"north": {"uv": [10.5, 2.5, 12.5, 5], "texture": "#1"},
				"east": {"uv": [10.5, 2.5, 12.5, 5], "texture": "#1"},
				"south": {"uv": [10.5, 2.5, 12.5, 5], "texture": "#1"},
				"west": {"uv": [10.5, 2.5, 12.5, 5], "texture": "#1"},
				"up": {"uv": [10.5, 2.5, 12.5, 5], "texture": "#1"},
				"down": {"uv": [10.5, 2.5, 12.5, 5], "texture": "#1"}
			}
		},
		{
			"from": [6.65, 6.3875, 7.3],
			"to": [7.45, 6.9875, 7.9],
			"rotation": {"angle": 0, "axis": "y", "origin": [-5, 7.4, 7.1]},
			"faces": {
				"north": {"uv": [10.5, 2.5, 12.5, 5], "texture": "#1"},
				"east": {"uv": [10.5, 2.5, 12.5, 5], "texture": "#1"},
				"south": {"uv": [10.5, 2.5, 12.5, 5], "texture": "#1"},
				"west": {"uv": [10.5, 2.5, 12.5, 5], "texture": "#1"},
				"up": {"uv": [10.5, 2.5, 12.5, 5], "texture": "#1"},
				"down": {"uv": [10.5, 2.5, 12.5, 5], "texture": "#1"}
			}
		},
		{
			"from": [6.65, 5.0875, 7.3],
			"to": [7.45, 5.6875, 7.9],
			"rotation": {"angle": 0, "axis": "y", "origin": [-5, 6.1, 7.1]},
			"faces": {
				"north": {"uv": [10.5, 2.5, 12.5, 5], "texture": "#1"},
				"east": {"uv": [10.5, 2.5, 12.5, 5], "texture": "#1"},
				"south": {"uv": [10.5, 2.5, 12.5, 5], "texture": "#1"},
				"west": {"uv": [10.5, 2.5, 12.5, 5], "texture": "#1"},
				"up": {"uv": [10.5, 2.5, 12.5, 5], "texture": "#1"},
				"down": {"uv": [10.5, 2.5, 12.5, 5], "texture": "#1"}
			}
		},
		{
			"from": [6.65, 3.7875, 7.3],
			"to": [7.45, 4.3875, 7.9],
			"rotation": {"angle": 0, "axis": "y", "origin": [-5, 4.8, 7.1]},
			"faces": {
				"north": {"uv": [10.5, 2.5, 12.5, 5], "texture": "#1"},
				"east": {"uv": [10.5, 2.5, 12.5, 5], "texture": "#1"},
				"south": {"uv": [10.5, 2.5, 12.5, 5], "texture": "#1"},
				"west": {"uv": [10.5, 2.5, 12.5, 5], "texture": "#1"},
				"up": {"uv": [10.5, 2.5, 12.5, 5], "texture": "#1"},
				"down": {"uv": [10.5, 2.5, 12.5, 5], "texture": "#1"}
			}
		},
		{
			"from": [6.25, 7.0875, 8.2],
			"to": [7.05, 7.4875, 8.6],
			"rotation": {"angle": 0, "axis": "y", "origin": [-5, 8, 7.9]},
			"faces": {
				"north": {"uv": [10.5, 2.5, 12.5, 5], "texture": "#1"},
				"east": {"uv": [10.5, 2.5, 12.5, 5], "texture": "#1"},
				"south": {"uv": [10.5, 2.5, 12.5, 5], "texture": "#1"},
				"west": {"uv": [10.5, 2.5, 12.5, 5], "texture": "#1"},
				"up": {"uv": [10.5, 2.5, 12.5, 5], "texture": "#1"},
				"down": {"uv": [10.5, 2.5, 12.5, 5], "texture": "#1"}
			}
		},
		{
			"from": [6.25, 5.7875, 8.2],
			"to": [7.05, 6.1875, 8.6],
			"rotation": {"angle": 0, "axis": "y", "origin": [-5, 6.7, 7.9]},
			"faces": {
				"north": {"uv": [10.5, 2.5, 12.5, 5], "texture": "#1"},
				"east": {"uv": [10.5, 2.5, 12.5, 5], "texture": "#1"},
				"south": {"uv": [10.5, 2.5, 12.5, 5], "texture": "#1"},
				"west": {"uv": [10.5, 2.5, 12.5, 5], "texture": "#1"},
				"up": {"uv": [10.5, 2.5, 12.5, 5], "texture": "#1"},
				"down": {"uv": [10.5, 2.5, 12.5, 5], "texture": "#1"}
			}
		},
		{
			"from": [6.25, 4.4875, 8.2],
			"to": [7.05, 4.8875, 8.6],
			"rotation": {"angle": 0, "axis": "y", "origin": [-5, 5.4, 7.9]},
			"faces": {
				"north": {"uv": [10.5, 2.5, 12.5, 5], "texture": "#1"},
				"east": {"uv": [10.5, 2.5, 12.5, 5], "texture": "#1"},
				"south": {"uv": [10.5, 2.5, 12.5, 5], "texture": "#1"},
				"west": {"uv": [10.5, 2.5, 12.5, 5], "texture": "#1"},
				"up": {"uv": [10.5, 2.5, 12.5, 5], "texture": "#1"},
				"down": {"uv": [10.5, 2.5, 12.5, 5], "texture": "#1"}
			}
		},
		{
			"from": [6.25, 3.2875, 8.2],
			"to": [7.05, 3.6875, 8.6],
			"rotation": {"angle": 0, "axis": "y", "origin": [-5, 4.2, 7.9]},
			"faces": {
				"north": {"uv": [10.5, 2.5, 12.5, 5], "texture": "#1"},
				"east": {"uv": [10.5, 2.5, 12.5, 5], "texture": "#1"},
				"south": {"uv": [10.5, 2.5, 12.5, 5], "texture": "#1"},
				"west": {"uv": [10.5, 2.5, 12.5, 5], "texture": "#1"},
				"up": {"uv": [10.5, 2.5, 12.5, 5], "texture": "#1"},
				"down": {"uv": [10.5, 2.5, 12.5, 5], "texture": "#1"}
			}
		},
		{
			"from": [6.25, 6.4875, 7.4],
			"to": [7.05, 6.8875, 7.8],
			"rotation": {"angle": 0, "axis": "y", "origin": [-5, 7.4, 7.1]},
			"faces": {
				"north": {"uv": [10.5, 2.5, 12.5, 5], "texture": "#1"},
				"east": {"uv": [10.5, 2.5, 12.5, 5], "texture": "#1"},
				"south": {"uv": [10.5, 2.5, 12.5, 5], "texture": "#1"},
				"west": {"uv": [10.5, 2.5, 12.5, 5], "texture": "#1"},
				"up": {"uv": [10.5, 2.5, 12.5, 5], "texture": "#1"},
				"down": {"uv": [10.5, 2.5, 12.5, 5], "texture": "#1"}
			}
		},
		{
			"from": [6.25, 5.1875, 7.4],
			"to": [7.05, 5.5875, 7.8],
			"rotation": {"angle": 0, "axis": "y", "origin": [-5, 6.1, 7.1]},
			"faces": {
				"north": {"uv": [10.5, 2.5, 12.5, 5], "texture": "#1"},
				"east": {"uv": [10.5, 2.5, 12.5, 5], "texture": "#1"},
				"south": {"uv": [10.5, 2.5, 12.5, 5], "texture": "#1"},
				"west": {"uv": [10.5, 2.5, 12.5, 5], "texture": "#1"},
				"up": {"uv": [10.5, 2.5, 12.5, 5], "texture": "#1"},
				"down": {"uv": [10.5, 2.5, 12.5, 5], "texture": "#1"}
			}
		},
		{
			"from": [6.25, 3.8875, 7.4],
			"to": [7.05, 4.2875, 7.8],
			"rotation": {"angle": 0, "axis": "y", "origin": [-5, 4.8, 7.1]},
			"faces": {
				"north": {"uv": [10.5, 2.5, 12.5, 5], "texture": "#1"},
				"east": {"uv": [10.5, 2.5, 12.5, 5], "texture": "#1"},
				"south": {"uv": [10.5, 2.5, 12.5, 5], "texture": "#1"},
				"west": {"uv": [10.5, 2.5, 12.5, 5], "texture": "#1"},
				"up": {"uv": [10.5, 2.5, 12.5, 5], "texture": "#1"},
				"down": {"uv": [10.5, 2.5, 12.5, 5], "texture": "#1"}
			}
		},
		{
			"from": [5.95, 7.1875, 8.3],
			"to": [6.65, 7.3875, 8.5],
			"rotation": {"angle": 0, "axis": "y", "origin": [-5, 8, 7.9]},
			"faces": {
				"north": {"uv": [10.5, 2.5, 12.5, 5], "texture": "#1"},
				"east": {"uv": [10.5, 2.5, 12.5, 5], "texture": "#1"},
				"south": {"uv": [10.5, 2.5, 12.5, 5], "texture": "#1"},
				"west": {"uv": [10.5, 2.5, 12.5, 5], "texture": "#1"},
				"up": {"uv": [10.5, 2.5, 12.5, 5], "texture": "#1"},
				"down": {"uv": [10.5, 2.5, 12.5, 5], "texture": "#1"}
			}
		},
		{
			"from": [5.95, 5.8875, 8.3],
			"to": [6.65, 6.0875, 8.5],
			"rotation": {"angle": 0, "axis": "y", "origin": [-5, 6.7, 7.9]},
			"faces": {
				"north": {"uv": [10.5, 2.5, 12.5, 5], "texture": "#1"},
				"east": {"uv": [10.5, 2.5, 12.5, 5], "texture": "#1"},
				"south": {"uv": [10.5, 2.5, 12.5, 5], "texture": "#1"},
				"west": {"uv": [10.5, 2.5, 12.5, 5], "texture": "#1"},
				"up": {"uv": [10.5, 2.5, 12.5, 5], "texture": "#1"},
				"down": {"uv": [10.5, 2.5, 12.5, 5], "texture": "#1"}
			}
		},
		{
			"from": [5.95, 4.5875, 8.3],
			"to": [6.65, 4.7875, 8.5],
			"rotation": {"angle": 0, "axis": "y", "origin": [-5, 5.4, 7.9]},
			"faces": {
				"north": {"uv": [10.5, 2.5, 12.5, 5], "texture": "#1"},
				"east": {"uv": [10.5, 2.5, 12.5, 5], "texture": "#1"},
				"south": {"uv": [10.5, 2.5, 12.5, 5], "texture": "#1"},
				"west": {"uv": [10.5, 2.5, 12.5, 5], "texture": "#1"},
				"up": {"uv": [10.5, 2.5, 12.5, 5], "texture": "#1"},
				"down": {"uv": [10.5, 2.5, 12.5, 5], "texture": "#1"}
			}
		},
		{
			"from": [5.95, 3.3875, 8.3],
			"to": [6.65, 3.5875, 8.5],
			"rotation": {"angle": 0, "axis": "y", "origin": [-5, 4.2, 7.9]},
			"faces": {
				"north": {"uv": [10.5, 2.5, 12.5, 5], "texture": "#1"},
				"east": {"uv": [10.5, 2.5, 12.5, 5], "texture": "#1"},
				"south": {"uv": [10.5, 2.5, 12.5, 5], "texture": "#1"},
				"west": {"uv": [10.5, 2.5, 12.5, 5], "texture": "#1"},
				"up": {"uv": [10.5, 2.5, 12.5, 5], "texture": "#1"},
				"down": {"uv": [10.5, 2.5, 12.5, 5], "texture": "#1"}
			}
		},
		{
			"from": [5.95, 6.5875, 7.5],
			"to": [6.65, 6.7875, 7.7],
			"rotation": {"angle": 0, "axis": "y", "origin": [-5, 7.4, 7.1]},
			"faces": {
				"north": {"uv": [10.5, 2.5, 12.5, 5], "texture": "#1"},
				"east": {"uv": [10.5, 2.5, 12.5, 5], "texture": "#1"},
				"south": {"uv": [10.5, 2.5, 12.5, 5], "texture": "#1"},
				"west": {"uv": [10.5, 2.5, 12.5, 5], "texture": "#1"},
				"up": {"uv": [10.5, 2.5, 12.5, 5], "texture": "#1"},
				"down": {"uv": [10.5, 2.5, 12.5, 5], "texture": "#1"}
			}
		},
		{
			"from": [5.95, 5.2875, 7.5],
			"to": [6.65, 5.4875, 7.7],
			"rotation": {"angle": 0, "axis": "y", "origin": [-5, 6.1, 7.1]},
			"faces": {
				"north": {"uv": [10.5, 2.5, 12.5, 5], "texture": "#1"},
				"east": {"uv": [10.5, 2.5, 12.5, 5], "texture": "#1"},
				"south": {"uv": [10.5, 2.5, 12.5, 5], "texture": "#1"},
				"west": {"uv": [10.5, 2.5, 12.5, 5], "texture": "#1"},
				"up": {"uv": [10.5, 2.5, 12.5, 5], "texture": "#1"},
				"down": {"uv": [10.5, 2.5, 12.5, 5], "texture": "#1"}
			}
		},
		{
			"from": [5.95, 3.9875, 7.5],
			"to": [6.65, 4.1875, 7.7],
			"rotation": {"angle": 0, "axis": "y", "origin": [-5, 4.8, 7.1]},
			"faces": {
				"north": {"uv": [10.5, 2.5, 12.5, 5], "texture": "#1"},
				"east": {"uv": [10.5, 2.5, 12.5, 5], "texture": "#1"},
				"south": {"uv": [10.5, 2.5, 12.5, 5], "texture": "#1"},
				"west": {"uv": [10.5, 2.5, 12.5, 5], "texture": "#1"},
				"up": {"uv": [10.5, 2.5, 12.5, 5], "texture": "#1"},
				"down": {"uv": [10.5, 2.5, 12.5, 5], "texture": "#1"}
			}
		},
		{
			"from": [8.85, 6.9875, 8.1],
			"to": [9.05, 7.5875, 8.7],
			"rotation": {"angle": 0, "axis": "y", "origin": [-5, 8, 7.9]},
			"faces": {
				"north": {"uv": [4, 3.5, 5.5, 5.5], "texture": "#1"},
				"east": {"uv": [4, 3.5, 5.5, 5.5], "texture": "#1"},
				"south": {"uv": [4, 3.5, 5.5, 5.5], "texture": "#1"},
				"west": {"uv": [4, 3.5, 5.5, 5.5], "texture": "#1"},
				"up": {"uv": [4, 3.5, 5.5, 5.5], "texture": "#1"},
				"down": {"uv": [4, 3.5, 5.5, 5.5], "texture": "#1"}
			}
		},
		{
			"from": [8.85, 5.6875, 8.1],
			"to": [9.05, 6.2875, 8.7],
			"rotation": {"angle": 0, "axis": "y", "origin": [-5, 6.7, 7.9]},
			"faces": {
				"north": {"uv": [4, 3.5, 5.5, 5.5], "texture": "#1"},
				"east": {"uv": [4, 3.5, 5.5, 5.5], "texture": "#1"},
				"south": {"uv": [4, 3.5, 5.5, 5.5], "texture": "#1"},
				"west": {"uv": [4, 3.5, 5.5, 5.5], "texture": "#1"},
				"up": {"uv": [4, 3.5, 5.5, 5.5], "texture": "#1"},
				"down": {"uv": [4, 3.5, 5.5, 5.5], "texture": "#1"}
			}
		},
		{
			"from": [8.85, 4.3875, 8.1],
			"to": [9.05, 4.9875, 8.7],
			"rotation": {"angle": 0, "axis": "y", "origin": [-5, 5.4, 7.9]},
			"faces": {
				"north": {"uv": [4, 3.5, 5.5, 5.5], "texture": "#1"},
				"east": {"uv": [4, 3.5, 5.5, 5.5], "texture": "#1"},
				"south": {"uv": [4, 3.5, 5.5, 5.5], "texture": "#1"},
				"west": {"uv": [4, 3.5, 5.5, 5.5], "texture": "#1"},
				"up": {"uv": [4, 3.5, 5.5, 5.5], "texture": "#1"},
				"down": {"uv": [4, 3.5, 5.5, 5.5], "texture": "#1"}
			}
		},
		{
			"from": [8.85, 3.1875, 8.1],
			"to": [9.05, 3.7875, 8.7],
			"rotation": {"angle": 0, "axis": "y", "origin": [-5, 4.2, 7.9]},
			"faces": {
				"north": {"uv": [4, 3.5, 5.5, 5.5], "texture": "#1"},
				"east": {"uv": [4, 3.5, 5.5, 5.5], "texture": "#1"},
				"south": {"uv": [4, 3.5, 5.5, 5.5], "texture": "#1"},
				"west": {"uv": [4, 3.5, 5.5, 5.5], "texture": "#1"},
				"up": {"uv": [4, 3.5, 5.5, 5.5], "texture": "#1"},
				"down": {"uv": [4, 3.5, 5.5, 5.5], "texture": "#1"}
			}
		},
		{
			"from": [8.85, 6.3875, 7.3],
			"to": [9.05, 6.9875, 7.9],
			"rotation": {"angle": 0, "axis": "y", "origin": [-5, 7.4, 7.1]},
			"faces": {
				"north": {"uv": [4, 3.5, 5.5, 5.5], "texture": "#1"},
				"east": {"uv": [4, 3.5, 5.5, 5.5], "texture": "#1"},
				"south": {"uv": [4, 3.5, 5.5, 5.5], "texture": "#1"},
				"west": {"uv": [4, 3.5, 5.5, 5.5], "texture": "#1"},
				"up": {"uv": [4, 3.5, 5.5, 5.5], "texture": "#1"},
				"down": {"uv": [4, 3.5, 5.5, 5.5], "texture": "#1"}
			}
		},
		{
			"from": [8.85, 5.0875, 7.3],
			"to": [9.05, 5.6875, 7.9],
			"rotation": {"angle": 0, "axis": "y", "origin": [-5, 6.1, 7.1]},
			"faces": {
				"north": {"uv": [4, 3.5, 5.5, 5.5], "texture": "#1"},
				"east": {"uv": [4, 3.5, 5.5, 5.5], "texture": "#1"},
				"south": {"uv": [4, 3.5, 5.5, 5.5], "texture": "#1"},
				"west": {"uv": [4, 3.5, 5.5, 5.5], "texture": "#1"},
				"up": {"uv": [4, 3.5, 5.5, 5.5], "texture": "#1"},
				"down": {"uv": [4, 3.5, 5.5, 5.5], "texture": "#1"}
			}
		},
		{
			"from": [8.85, 3.7875, 7.3],
			"to": [9.05, 4.3875, 7.9],
			"rotation": {"angle": 0, "axis": "y", "origin": [-5, 4.8, 7.1]},
			"faces": {
				"north": {"uv": [4, 3.5, 5.5, 5.5], "texture": "#1"},
				"east": {"uv": [4, 3.5, 5.5, 5.5], "texture": "#1"},
				"south": {"uv": [4, 3.5, 5.5, 5.5], "texture": "#1"},
				"west": {"uv": [4, 3.5, 5.5, 5.5], "texture": "#1"},
				"up": {"uv": [4, 3.5, 5.5, 5.5], "texture": "#1"},
				"down": {"uv": [4, 3.5, 5.5, 5.5], "texture": "#1"}
			}
		},
		{
			"from": [8.65, 7.0875, 8.2],
			"to": [8.95, 7.4875, 8.6],
			"rotation": {"angle": 0, "axis": "y", "origin": [-5, 8, 7.9]},
			"faces": {
				"north": {"uv": [4, 3.5, 5.5, 5.5], "texture": "#1"},
				"east": {"uv": [4, 3.5, 5.5, 5.5], "texture": "#1"},
				"south": {"uv": [4, 3.5, 5.5, 5.5], "texture": "#1"},
				"west": {"uv": [4, 3.5, 5.5, 5.5], "texture": "#1"},
				"up": {"uv": [4, 3.5, 5.5, 5.5], "texture": "#1"},
				"down": {"uv": [4, 3.5, 5.5, 5.5], "texture": "#1"}
			}
		},
		{
			"from": [8.65, 5.7875, 8.2],
			"to": [8.95, 6.1875, 8.6],
			"rotation": {"angle": 0, "axis": "y", "origin": [-5, 6.7, 7.9]},
			"faces": {
				"north": {"uv": [4, 3.5, 5.5, 5.5], "texture": "#1"},
				"east": {"uv": [4, 3.5, 5.5, 5.5], "texture": "#1"},
				"south": {"uv": [4, 3.5, 5.5, 5.5], "texture": "#1"},
				"west": {"uv": [4, 3.5, 5.5, 5.5], "texture": "#1"},
				"up": {"uv": [4, 3.5, 5.5, 5.5], "texture": "#1"},
				"down": {"uv": [4, 3.5, 5.5, 5.5], "texture": "#1"}
			}
		},
		{
			"from": [8.65, 4.4875, 8.2],
			"to": [8.95, 4.8875, 8.6],
			"rotation": {"angle": 0, "axis": "y", "origin": [-5, 5.4, 7.9]},
			"faces": {
				"north": {"uv": [4, 3.5, 5.5, 5.5], "texture": "#1"},
				"east": {"uv": [4, 3.5, 5.5, 5.5], "texture": "#1"},
				"south": {"uv": [4, 3.5, 5.5, 5.5], "texture": "#1"},
				"west": {"uv": [4, 3.5, 5.5, 5.5], "texture": "#1"},
				"up": {"uv": [4, 3.5, 5.5, 5.5], "texture": "#1"},
				"down": {"uv": [4, 3.5, 5.5, 5.5], "texture": "#1"}
			}
		},
		{
			"from": [8.65, 3.2875, 8.2],
			"to": [8.95, 3.6875, 8.6],
			"rotation": {"angle": 0, "axis": "y", "origin": [-5, 4.2, 7.9]},
			"faces": {
				"north": {"uv": [4, 3.5, 5.5, 5.5], "texture": "#1"},
				"east": {"uv": [4, 3.5, 5.5, 5.5], "texture": "#1"},
				"south": {"uv": [4, 3.5, 5.5, 5.5], "texture": "#1"},
				"west": {"uv": [4, 3.5, 5.5, 5.5], "texture": "#1"},
				"up": {"uv": [4, 3.5, 5.5, 5.5], "texture": "#1"},
				"down": {"uv": [4, 3.5, 5.5, 5.5], "texture": "#1"}
			}
		},
		{
			"from": [8.65, 6.4875, 7.4],
			"to": [8.95, 6.8875, 7.8],
			"rotation": {"angle": 0, "axis": "y", "origin": [-5, 7.4, 7.1]},
			"faces": {
				"north": {"uv": [4, 3.5, 5.5, 5.5], "texture": "#1"},
				"east": {"uv": [4, 3.5, 5.5, 5.5], "texture": "#1"},
				"south": {"uv": [4, 3.5, 5.5, 5.5], "texture": "#1"},
				"west": {"uv": [4, 3.5, 5.5, 5.5], "texture": "#1"},
				"up": {"uv": [4, 3.5, 5.5, 5.5], "texture": "#1"},
				"down": {"uv": [4, 3.5, 5.5, 5.5], "texture": "#1"}
			}
		},
		{
			"from": [8.65, 5.1875, 7.4],
			"to": [8.95, 5.5875, 7.8],
			"rotation": {"angle": 0, "axis": "y", "origin": [-5, 6.1, 7.1]},
			"faces": {
				"north": {"uv": [4, 3.5, 5.5, 5.5], "texture": "#1"},
				"east": {"uv": [4, 3.5, 5.5, 5.5], "texture": "#1"},
				"south": {"uv": [4, 3.5, 5.5, 5.5], "texture": "#1"},
				"west": {"uv": [4, 3.5, 5.5, 5.5], "texture": "#1"},
				"up": {"uv": [4, 3.5, 5.5, 5.5], "texture": "#1"},
				"down": {"uv": [4, 3.5, 5.5, 5.5], "texture": "#1"}
			}
		},
		{
			"from": [8.65, 3.8875, 7.4],
			"to": [8.95, 4.2875, 7.8],
			"rotation": {"angle": 0, "axis": "y", "origin": [-5, 4.8, 7.1]},
			"faces": {
				"north": {"uv": [4, 3.5, 5.5, 5.5], "texture": "#1"},
				"east": {"uv": [4, 3.5, 5.5, 5.5], "texture": "#1"},
				"south": {"uv": [4, 3.5, 5.5, 5.5], "texture": "#1"},
				"west": {"uv": [4, 3.5, 5.5, 5.5], "texture": "#1"},
				"up": {"uv": [4, 3.5, 5.5, 5.5], "texture": "#1"},
				"down": {"uv": [4, 3.5, 5.5, 5.5], "texture": "#1"}
			}
		}
	],
	"display": {
		"thirdperson_righthand": {
			"rotation": [0, -90, -5],
			"translation": [0, 1.25, 0],
			"scale": [0.65, 0.65, 0.65]
		},
		"thirdperson_lefthand": {
			"rotation": [0, -90, -5],
			"translation": [0, 1.25, 0],
			"scale": [-0.65, 0.65, 0.65]
		},
		"firstperson_righthand": {
			"rotation": [0, -90, -10],
			"translation": [-3, 5.5, 3.5]
		},
		"firstperson_lefthand": {
			"rotation": [0, -90, -10],
			"translation": [-3, 5.5, 3.5],
			"scale": [-1, 1, -1]
		},
		"ground": {
			"rotation": [90, 0, 0],
			"translation": [0, -0.75, 1.5],
			"scale": [0.65, 0.65, 0.65]
		},
		"gui": {
			"rotation": [30, 45, 0],
			"translation": [0.5, 5.75, 0],
			"scale": [2.25, 2.25, 2.25]
		},
		"head": {
			"rotation": [0, 0, -45],
			"translation": [-1.25, -15.25, 4.5],
			"scale": [0.9, 0.9, 0.9]
		},
		"fixed": {
			"rotation": [0, -180, 0],
			"translation": [0.5, 1.5, -1.75],
			"scale": [0.75, 0.75, 0.75]
		}
	}
}