{
	"credit": "Made by MadstonMagic, using Cubik Pro & Blockbench",
	"textures": {
		"1": "ammunition/7.62x51mm",
		"texture": "guns/kr690/kr690",
		"particle": "ammunition/7.62x51mm"
	},
	"elements": [
		{
			"from": [6.8, 7.19688, 7.5],
			"to": [7.175, 10.25, 8.5],
			"rotation": {"angle": 0, "axis": "z", "origin": [3.44329, 6.60624, 7.96875]},
			"faces": {
				"north": {"uv": [5, 5.25, 7, 6.75], "texture": "#texture"},
				"east": {"uv": [5, 5, 6.75, 6.5], "texture": "#texture"},
				"south": {"uv": [4.75, 5.5, 6.25, 7], "texture": "#texture"},
				"west": {"uv": [5.25, 5.25, 6.75, 6.25], "texture": "#texture"},
				"up": {"uv": [5, 4.75, 7, 6.25], "texture": "#texture"},
				"down": {"uv": [4.5, 5, 6.5, 6.75], "texture": "#texture"}
			}
		},
		{
			"from": [9.175, 7.19688, 7.5],
			"to": [9.55, 10.25, 8.5],
			"rotation": {"angle": 0, "axis": "z", "origin": [3.44329, 6.60624, 7.96875]},
			"faces": {
				"north": {"uv": [5, 5.25, 7, 6.75], "texture": "#texture"},
				"east": {"uv": [5, 5, 6.75, 6.5], "texture": "#texture"},
				"south": {"uv": [4.75, 5.5, 6.25, 7], "texture": "#texture"},
				"west": {"uv": [5.25, 5.25, 6.75, 6.25], "texture": "#texture"},
				"up": {"uv": [5, 4.75, 7, 6.25], "texture": "#texture"},
				"down": {"uv": [4.5, 5, 6.5, 6.75], "texture": "#texture"}
			}
		},
		{
			"from": [6.10591, 6.63489, 7.5],
			"to": [8.85591, 9.4927, 8.5],
			"rotation": {"angle": -22.5, "axis": "z", "origin": [3.44329, 6.60624, 7.96875]},
			"faces": {
				"north": {"uv": [5, 5.25, 7, 6.75], "texture": "#texture"},
				"east": {"uv": [5, 5, 6.75, 6.5], "texture": "#texture"},
				"south": {"uv": [4.75, 5.5, 6.25, 7], "texture": "#texture"},
				"west": {"uv": [5.25, 5.25, 6.75, 6.25], "texture": "#texture"},
				"up": {"uv": [5, 4.75, 7, 6.25], "texture": "#texture"},
				"down": {"uv": [4.5, 5, 6.5, 6.75], "texture": "#texture"}
			}
		},
		{
			"from": [7.3, 7.29375, 8.5],
			"to": [9.05, 10.25, 8.625],
			"rotation": {"angle": 0, "axis": "z", "origin": [3.44329, 6.60624, 7.96875]},
			"faces": {
				"north": {"uv": [5, 5.25, 7, 6.75], "texture": "#texture"},
				"east": {"uv": [5, 5, 6.75, 6.5], "texture": "#texture"},
				"south": {"uv": [4.75, 5.5, 6.25, 7], "texture": "#texture"},
				"west": {"uv": [5.25, 5.25, 6.75, 6.25], "texture": "#texture"},
				"up": {"uv": [5, 4.75, 7, 6.25], "texture": "#texture"},
				"down": {"uv": [4.5, 5, 6.5, 6.75], "texture": "#texture"}
			}
		},
		{
			"from": [7.3, 7.29375, 7.375],
			"to": [9.05, 10.25, 7.5],
			"rotation": {"angle": 0, "axis": "z", "origin": [3.44329, 6.60624, 8.03125]},
			"faces": {
				"north": {"uv": [6.25, 5.5, 4.75, 7], "texture": "#texture"},
				"east": {"uv": [6.75, 5, 5, 6.5], "texture": "#texture"},
				"south": {"uv": [7, 5.25, 5, 6.75], "texture": "#texture"},
				"west": {"uv": [6.75, 5.25, 5.25, 6.25], "texture": "#texture"},
				"up": {"uv": [5, 6.25, 7, 4.75], "texture": "#texture"},
				"down": {"uv": [4.5, 6.75, 6.5, 5], "texture": "#texture"}
			}
		},
		{
			"from": [6.60591, 6.62239, 7.375],
			"to": [8.35591, 9.39114, 8.625],
			"rotation": {"angle": -22.5, "axis": "z", "origin": [3.44329, 6.60624, 7.96875]},
			"faces": {
				"north": {"uv": [5, 5.25, 7, 6.75], "texture": "#texture"},
				"east": {"uv": [5, 5, 6.75, 6.5], "texture": "#texture"},
				"south": {"uv": [4.75, 5.5, 6.25, 7], "texture": "#texture"},
				"west": {"uv": [5.25, 5.25, 6.75, 6.25], "texture": "#texture"},
				"up": {"uv": [5, 4.75, 7, 6.25], "texture": "#texture"},
				"down": {"uv": [4.5, 5, 6.5, 6.75], "texture": "#texture"}
			}
		},
		{
			"from": [7.175, 7.6375, 8.5],
			"to": [7.3, 10.25, 8.625],
			"rotation": {"angle": 0, "axis": "z", "origin": [3.44329, 6.60624, 7.96875]},
			"faces": {
				"north": {"uv": [1.5, 1.25, 3, 2.75], "texture": "#texture"},
				"east": {"uv": [1.5, 1.25, 3, 2.75], "texture": "#texture"},
				"south": {"uv": [1.5, 1.25, 3, 2.75], "texture": "#texture"},
				"west": {"uv": [1.5, 1.25, 3, 2.75], "texture": "#texture"},
				"up": {"uv": [1.5, 1.25, 3, 2.75], "texture": "#texture"},
				"down": {"uv": [1.5, 1.25, 3, 2.75], "texture": "#texture"}
			}
		},
		{
			"from": [7.175, 7.6375, 7.375],
			"to": [7.3, 10.25, 7.5],
			"rotation": {"angle": 0, "axis": "z", "origin": [3.44329, 6.60624, 8.03125]},
			"faces": {
				"north": {"uv": [3, 1.25, 1.5, 2.75], "texture": "#texture"},
				"east": {"uv": [3, 1.25, 1.5, 2.75], "texture": "#texture"},
				"south": {"uv": [3, 1.25, 1.5, 2.75], "texture": "#texture"},
				"west": {"uv": [3, 1.25, 1.5, 2.75], "texture": "#texture"},
				"up": {"uv": [1.5, 2.75, 3, 1.25], "texture": "#texture"},
				"down": {"uv": [1.5, 2.75, 3, 1.25], "texture": "#texture"}
			}
		},
		{
			"from": [6.48091, 6.62239, 7.375],
			"to": [6.60591, 9.04739, 8.625],
			"rotation": {"angle": -22.5, "axis": "z", "origin": [3.44329, 6.60624, 7.96875]},
			"faces": {
				"north": {"uv": [1.5, 1.25, 3, 2.75], "texture": "#texture"},
				"east": {"uv": [1.5, 1.25, 3, 2.75], "texture": "#texture"},
				"south": {"uv": [1.5, 1.25, 3, 2.75], "texture": "#texture"},
				"west": {"uv": [1.5, 1.25, 3, 2.75], "texture": "#texture"},
				"up": {"uv": [1.5, 1.25, 3, 2.75], "texture": "#texture"},
				"down": {"uv": [1.5, 1.25, 3, 2.75], "texture": "#texture"}
			}
		},
		{
			"from": [8.14375, 7.45781, 8.625],
			"to": [8.26875, 10.25, 8.65625],
			"rotation": {"angle": 0, "axis": "z", "origin": [3.44329, 6.60624, 7.96875]},
			"faces": {
				"north": {"uv": [1.5, 1.25, 3, 2.75], "texture": "#texture"},
				"east": {"uv": [1.5, 1.25, 3, 2.75], "texture": "#texture"},
				"south": {"uv": [1.5, 1.25, 3, 2.75], "texture": "#texture"},
				"west": {"uv": [1.5, 1.25, 3, 2.75], "texture": "#texture"},
				"up": {"uv": [1.5, 1.25, 3, 2.75], "texture": "#texture"},
				"down": {"uv": [1.5, 1.25, 3, 2.75], "texture": "#texture"}
			}
		},
		{
			"from": [8.14375, 7.45781, 7.34375],
			"to": [8.26875, 10.25, 7.375],
			"rotation": {"angle": 0, "axis": "z", "origin": [3.44329, 6.60624, 8.03125]},
			"faces": {
				"north": {"uv": [3, 1.25, 1.5, 2.75], "texture": "#texture"},
				"east": {"uv": [3, 1.25, 1.5, 2.75], "texture": "#texture"},
				"south": {"uv": [3, 1.25, 1.5, 2.75], "texture": "#texture"},
				"west": {"uv": [3, 1.25, 1.5, 2.75], "texture": "#texture"},
				"up": {"uv": [1.5, 2.75, 3, 1.25], "texture": "#texture"},
				"down": {"uv": [1.5, 2.75, 3, 1.25], "texture": "#texture"}
			}
		},
		{
			"from": [7.44966, 6.62239, 7.34375],
			"to": [7.57466, 9.2427, 8.65625],
			"rotation": {"angle": -22.5, "axis": "z", "origin": [3.44329, 6.60624, 7.96875]},
			"faces": {
				"north": {"uv": [1.5, 1.25, 3, 2.75], "texture": "#texture"},
				"east": {"uv": [1.5, 1.25, 3, 2.75], "texture": "#texture"},
				"south": {"uv": [1.5, 1.25, 3, 2.75], "texture": "#texture"},
				"west": {"uv": [1.5, 1.25, 3, 2.75], "texture": "#texture"},
				"up": {"uv": [1.5, 1.25, 3, 2.75], "texture": "#texture"},
				"down": {"uv": [1.5, 1.25, 3, 2.75], "texture": "#texture"}
			}
		},
		{
			"from": [9.05, 7.27813, 8.5],
			"to": [9.175, 10.25, 8.625],
			"rotation": {"angle": 0, "axis": "z", "origin": [3.44329, 6.60624, 7.96875]},
			"faces": {
				"north": {"uv": [1.5, 1.25, 3, 2.75], "texture": "#texture"},
				"east": {"uv": [1.5, 1.25, 3, 2.75], "texture": "#texture"},
				"south": {"uv": [1.5, 1.25, 3, 2.75], "texture": "#texture"},
				"west": {"uv": [1.5, 1.25, 3, 2.75], "texture": "#texture"},
				"up": {"uv": [1.5, 1.25, 3, 2.75], "texture": "#texture"},
				"down": {"uv": [1.5, 1.25, 3, 2.75], "texture": "#texture"}
			}
		},
		{
			"from": [9.05, 7.27813, 7.375],
			"to": [9.175, 10.25, 7.5],
			"rotation": {"angle": 0, "axis": "z", "origin": [3.44329, 6.60624, 8.03125]},
			"faces": {
				"north": {"uv": [3, 1.25, 1.5, 2.75], "texture": "#texture"},
				"east": {"uv": [3, 1.25, 1.5, 2.75], "texture": "#texture"},
				"south": {"uv": [3, 1.25, 1.5, 2.75], "texture": "#texture"},
				"west": {"uv": [3, 1.25, 1.5, 2.75], "texture": "#texture"},
				"up": {"uv": [1.5, 2.75, 3, 1.25], "texture": "#texture"},
				"down": {"uv": [1.5, 2.75, 3, 1.25], "texture": "#texture"}
			}
		},
		{
			"from": [8.35591, 6.62239, 7.375],
			"to": [8.48091, 9.42239, 8.625],
			"rotation": {"angle": -22.5, "axis": "z", "origin": [3.44329, 6.60624, 7.96875]},
			"faces": {
				"north": {"uv": [1.5, 1.25, 3, 2.75], "texture": "#texture"},
				"east": {"uv": [1.5, 1.25, 3, 2.75], "texture": "#texture"},
				"south": {"uv": [1.5, 1.25, 3, 2.75], "texture": "#texture"},
				"west": {"uv": [1.5, 1.25, 3, 2.75], "texture": "#texture"},
				"up": {"uv": [1.5, 1.25, 3, 2.75], "texture": "#texture"},
				"down": {"uv": [1.5, 1.25, 3, 2.75], "texture": "#texture"}
			}
		},
		{
			"from": [9.08125, 9.775, 7.5],
			"to": [9.175, 10.275, 8],
			"rotation": {"angle": 0, "axis": "y", "origin": [8.675, 8, 8.375]},
			"faces": {
				"north": {"uv": [3.5, 4, 5.5, 5.75], "texture": "#1"},
				"east": {"uv": [3.5, 4, 5.5, 5.75], "texture": "#1"},
				"south": {"uv": [3.5, 4, 5.5, 5.75], "texture": "#1"},
				"west": {"uv": [3.5, 4, 5.5, 5.75], "texture": "#1"},
				"up": {"uv": [3.5, 4, 5.5, 5.75], "texture": "#1"},
				"down": {"uv": [3.5, 4, 5.5, 5.75], "texture": "#1"}
			}
		},
		{
			"from": [9.08125, 9.2125, 8],
			"to": [9.175, 9.7125, 8.5],
			"rotation": {"angle": 0, "axis": "y", "origin": [8.675, 8, 8.375]},
			"faces": {
				"north": {"uv": [3.5, 4, 5.5, 5.75], "texture": "#1"},
				"east": {"uv": [3.5, 4, 5.5, 5.75], "texture": "#1"},
				"south": {"uv": [3.5, 4, 5.5, 5.75], "texture": "#1"},
				"west": {"uv": [3.5, 4, 5.5, 5.75], "texture": "#1"},
				"up": {"uv": [3.5, 4, 5.5, 5.75], "texture": "#1"},
				"down": {"uv": [3.5, 4, 5.5, 5.75], "texture": "#1"}
			}
		},
		{
			"from": [8.45625, 9.8375, 7.5625],
			"to": [9.08125, 10.2125, 7.9375],
			"rotation": {"angle": 0, "axis": "y", "origin": [8.425, 8, 8.375]},
			"faces": {
				"north": {"uv": [3.5, 4, 5.5, 5.75], "texture": "#1"},
				"east": {"uv": [3.5, 4, 5.5, 5.75], "texture": "#1"},
				"south": {"uv": [3.5, 4, 5.5, 5.75], "texture": "#1"},
				"west": {"uv": [3.5, 4, 5.5, 5.75], "texture": "#1"},
				"up": {"uv": [3.5, 4, 5.5, 5.75], "texture": "#1"},
				"down": {"uv": [3.5, 4, 5.5, 5.75], "texture": "#1"}
			}
		},
		{
			"from": [8.45625, 9.275, 8.0625],
			"to": [9.08125, 9.65, 8.4375],
			"rotation": {"angle": 0, "axis": "y", "origin": [8.425, 8, 8.375]},
			"faces": {
				"north": {"uv": [3.5, 4, 5.5, 5.75], "texture": "#1"},
				"east": {"uv": [3.5, 4, 5.5, 5.75], "texture": "#1"},
				"south": {"uv": [3.5, 4, 5.5, 5.75], "texture": "#1"},
				"west": {"uv": [3.5, 4, 5.5, 5.75], "texture": "#1"},
				"up": {"uv": [3.5, 4, 5.5, 5.75], "texture": "#1"},
				"down": {"uv": [3.5, 4, 5.5, 5.75], "texture": "#1"}
			}
		},
		{
			"from": [7.8, 9.775, 7.5],
			"to": [9.01875, 10.275, 8],
			"rotation": {"angle": 0, "axis": "y", "origin": [8.425, 8, 8.375]},
			"faces": {
				"north": {"uv": [3.5, 4, 5.5, 5.75], "texture": "#1"},
				"east": {"uv": [3.5, 4, 5.5, 5.75], "texture": "#1"},
				"south": {"uv": [3.5, 4, 5.5, 5.75], "texture": "#1"},
				"west": {"uv": [3.5, 4, 5.5, 5.75], "texture": "#1"},
				"up": {"uv": [3.5, 4, 5.5, 5.75], "texture": "#1"},
				"down": {"uv": [3.5, 4, 5.5, 5.75], "texture": "#1"}
			}
		},
		{
			"from": [7.8, 9.2125, 8],
			"to": [9.01875, 9.7125, 8.5],
			"rotation": {"angle": 0, "axis": "y", "origin": [8.425, 8, 8.375]},
			"faces": {
				"north": {"uv": [3.5, 4, 5.5, 5.75], "texture": "#1"},
				"east": {"uv": [3.5, 4, 5.5, 5.75], "texture": "#1"},
				"south": {"uv": [3.5, 4, 5.5, 5.75], "texture": "#1"},
				"west": {"uv": [3.5, 4, 5.5, 5.75], "texture": "#1"},
				"up": {"uv": [3.5, 4, 5.5, 5.75], "texture": "#1"},
				"down": {"uv": [3.5, 4, 5.5, 5.75], "texture": "#1"}
			}
		},
		{
			"from": [7.675, 9.80625, 7.53125],
			"to": [8.425, 10.24375, 7.96875],
			"rotation": {"angle": 0, "axis": "y", "origin": [7.675, 8, 8.375]},
			"faces": {
				"north": {"uv": [10.5, 4, 12.5, 5.75], "texture": "#1"},
				"east": {"uv": [10.5, 4, 12.5, 5.75], "texture": "#1"},
				"south": {"uv": [10.5, 4, 12.5, 5.75], "texture": "#1"},
				"west": {"uv": [10.5, 4, 12.5, 5.75], "texture": "#1"},
				"up": {"uv": [10.5, 4, 12.5, 5.75], "texture": "#1"},
				"down": {"uv": [10.5, 4, 12.5, 5.75], "texture": "#1"}
			}
		},
		{
			"from": [7.675, 9.24375, 8.03125],
			"to": [8.425, 9.68125, 8.46875],
			"rotation": {"angle": 0, "axis": "y", "origin": [7.675, 8, 8.375]},
			"faces": {
				"north": {"uv": [10.5, 4, 12.5, 5.75], "texture": "#1"},
				"east": {"uv": [10.5, 4, 12.5, 5.75], "texture": "#1"},
				"south": {"uv": [10.5, 4, 12.5, 5.75], "texture": "#1"},
				"west": {"uv": [10.5, 4, 12.5, 5.75], "texture": "#1"},
				"up": {"uv": [10.5, 4, 12.5, 5.75], "texture": "#1"},
				"down": {"uv": [10.5, 4, 12.5, 5.75], "texture": "#1"}
			}
		},
		{
			"from": [7.55, 9.8375, 7.5625],
			"to": [8.3, 10.2125, 7.9375],
			"rotation": {"angle": 0, "axis": "y", "origin": [7.55, 8, 8.375]},
			"faces": {
				"north": {"uv": [10.5, 4, 12.5, 5.75], "texture": "#1"},
				"east": {"uv": [10.5, 4, 12.5, 5.75], "texture": "#1"},
				"south": {"uv": [10.5, 4, 12.5, 5.75], "texture": "#1"},
				"west": {"uv": [10.5, 4, 12.5, 5.75], "texture": "#1"},
				"up": {"uv": [10.5, 4, 12.5, 5.75], "texture": "#1"},
				"down": {"uv": [10.5, 4, 12.5, 5.75], "texture": "#1"}
			}
		},
		{
			"from": [7.55, 9.275, 8.0625],
			"to": [8.3, 9.65, 8.4375],
			"rotation": {"angle": 0, "axis": "y", "origin": [7.55, 8, 8.375]},
			"faces": {
				"north": {"uv": [10.5, 4, 12.5, 5.75], "texture": "#1"},
				"east": {"uv": [10.5, 4, 12.5, 5.75], "texture": "#1"},
				"south": {"uv": [10.5, 4, 12.5, 5.75], "texture": "#1"},
				"west": {"uv": [10.5, 4, 12.5, 5.75], "texture": "#1"},
				"up": {"uv": [10.5, 4, 12.5, 5.75], "texture": "#1"},
				"down": {"uv": [10.5, 4, 12.5, 5.75], "texture": "#1"}
			}
		},
		{
			"from": [7.425, 9.86875, 7.59375],
			"to": [8.175, 10.18125, 7.90625],
			"rotation": {"angle": 0, "axis": "y", "origin": [7.425, 8, 8.375]},
			"faces": {
				"north": {"uv": [10.5, 4, 12.5, 5.75], "texture": "#1"},
				"east": {"uv": [10.5, 4, 12.5, 5.75], "texture": "#1"},
				"south": {"uv": [10.5, 4, 12.5, 5.75], "texture": "#1"},
				"west": {"uv": [10.5, 4, 12.5, 5.75], "texture": "#1"},
				"up": {"uv": [10.5, 4, 12.5, 5.75], "texture": "#1"},
				"down": {"uv": [10.5, 4, 12.5, 5.75], "texture": "#1"}
			}
		},
		{
			"from": [7.425, 9.30625, 8.09375],
			"to": [8.175, 9.61875, 8.40625],
			"rotation": {"angle": 0, "axis": "y", "origin": [7.425, 8, 8.375]},
			"faces": {
				"north": {"uv": [10.5, 4, 12.5, 5.75], "texture": "#1"},
				"east": {"uv": [10.5, 4, 12.5, 5.75], "texture": "#1"},
				"south": {"uv": [10.5, 4, 12.5, 5.75], "texture": "#1"},
				"west": {"uv": [10.5, 4, 12.5, 5.75], "texture": "#1"},
				"up": {"uv": [10.5, 4, 12.5, 5.75], "texture": "#1"},
				"down": {"uv": [10.5, 4, 12.5, 5.75], "texture": "#1"}
			}
		},
		{
			"from": [7.3, 9.9, 7.625],
			"to": [8.05, 10.15, 7.875],
			"rotation": {"angle": 0, "axis": "y", "origin": [7.3, 8, 8.375]},
			"faces": {
				"north": {"uv": [10.5, 4, 12.5, 5.75], "texture": "#1"},
				"east": {"uv": [10.5, 4, 12.5, 5.75], "texture": "#1"},
				"south": {"uv": [10.5, 4, 12.5, 5.75], "texture": "#1"},
				"west": {"uv": [10.5, 4, 12.5, 5.75], "texture": "#1"},
				"up": {"uv": [10.5, 4, 12.5, 5.75], "texture": "#1"},
				"down": {"uv": [10.5, 4, 12.5, 5.75], "texture": "#1"}
			}
		},
		{
			"from": [7.3, 9.3375, 8.125],
			"to": [8.05, 9.5875, 8.375],
			"rotation": {"angle": 0, "axis": "y", "origin": [7.3, 8, 8.375]},
			"faces": {
				"north": {"uv": [10.5, 4, 12.5, 5.75], "texture": "#1"},
				"east": {"uv": [10.5, 4, 12.5, 5.75], "texture": "#1"},
				"south": {"uv": [10.5, 4, 12.5, 5.75], "texture": "#1"},
				"west": {"uv": [10.5, 4, 12.5, 5.75], "texture": "#1"},
				"up": {"uv": [10.5, 4, 12.5, 5.75], "texture": "#1"},
				"down": {"uv": [10.5, 4, 12.5, 5.75], "texture": "#1"}
			}
		},
		{
			"from": [7.175, 9.93125, 7.65625],
			"to": [7.925, 10.11875, 7.84375],
			"rotation": {"angle": 0, "axis": "y", "origin": [7.175, 8, 8.375]},
			"faces": {
				"north": {"uv": [10.5, 4, 12.5, 5.75], "texture": "#1"},
				"east": {"uv": [10.5, 4, 12.5, 5.75], "texture": "#1"},
				"south": {"uv": [10.5, 4, 12.5, 5.75], "texture": "#1"},
				"west": {"uv": [10.5, 4, 12.5, 5.75], "texture": "#1"},
				"up": {"uv": [10.5, 4, 12.5, 5.75], "texture": "#1"},
				"down": {"uv": [10.5, 4, 12.5, 5.75], "texture": "#1"}
			}
		},
		{
			"from": [7.175, 9.36875, 8.15625],
			"to": [7.925, 9.55625, 8.34375],
			"rotation": {"angle": 0, "axis": "y", "origin": [7.175, 8, 8.375]},
			"faces": {
				"north": {"uv": [10.5, 4, 12.5, 5.75], "texture": "#1"},
				"east": {"uv": [10.5, 4, 12.5, 5.75], "texture": "#1"},
				"south": {"uv": [10.5, 4, 12.5, 5.75], "texture": "#1"},
				"west": {"uv": [10.5, 4, 12.5, 5.75], "texture": "#1"},
				"up": {"uv": [10.5, 4, 12.5, 5.75], "texture": "#1"},
				"down": {"uv": [10.5, 4, 12.5, 5.75], "texture": "#1"}
			}
		}
	],
	"display": {
		"thirdperson_righthand": {
			"rotation": [5, -90, 0],
			"translation": [0, 0.25, 0.25],
			"scale": [0.85, 0.85, 0.85]
		},
		"thirdperson_lefthand": {
			"rotation": [5, -90, 0],
			"translation": [0, 0.25, 0.25],
			"scale": [-0.85, 0.85, -0.85]
		},
		"firstperson_righthand": {
			"rotation": [5, -90, 0],
			"translation": [-3.5, 3.5, 4]
		},
		"firstperson_lefthand": {
			"rotation": [5, -90, 0],
			"translation": [-3.5, 3.5, 4],
			"scale": [-1, 1, -1]
		},
		"ground": {
			"rotation": [90, 0, 0],
			"translation": [0.5, 2, 0],
			"scale": [0.75, 0.76, 0.76]
		},
		"gui": {
			"rotation": [30, 45, 0],
			"translation": [0, 0.75, 0],
			"scale": [2.5, 2.5, 2.5]
		},
		"head": {
			"rotation": [0, 0, -45],
			"translation": [1.75, -25.5, 4.75],
			"scale": [1.25, 1.25, 1.25]
		},
		"fixed": {
			"rotation": [0, -180, 0],
			"translation": [0.25, -0.25, -1.5]
		}
	}
}