{
	"credit": "Made by MadstonMagic, using Cubik Pro & Blockbench",
	"textures": {
		"1": "ammunition/7.62x39mm",
		"particle": "ammunition/7.62x39mm",
		"texture": "guns/fad/fad"
	},
	"elements": [
		{
			"name": "ammunition",
			"from": [6.625, 4.07143, 7.32143],
			"to": [7.625, 4.57143, 8.07143],
			"rotation": {"angle": 0, "axis": "x", "origin": [7.50595, 5.375, 8.44643]},
			"faces": {
				"north": {"uv": [5.25, 2, 6.75, 3.25], "rotation": 180, "texture": "#texture"},
				"east": {"uv": [5, 1.5, 6.5, 3], "rotation": 270, "texture": "#texture"},
				"south": {"uv": [5, 1, 7.25, 3], "texture": "#texture"},
				"west": {"uv": [4.25, 1.75, 5.75, 3.25], "rotation": 90, "texture": "#texture"},
				"up": {"uv": [5, 1.75, 6.75, 3.5], "rotation": 180, "texture": "#texture"},
				"down": {"uv": [5.5, 1.25, 7.5, 3], "texture": "#texture"}
			}
		},
		{
			"name": "ammunition",
			"from": [6.5, 6.07143, 8.07143],
			"to": [7, 7.82143, 8.19643],
			"rotation": {"angle": 0, "axis": "x", "origin": [7.50595, 5.375, 8.44643]},
			"faces": {
				"north": {"uv": [9.5, 1.25, 11, 2.5], "rotation": 180, "texture": "#texture"},
				"east": {"uv": [9, 0.75, 10.5, 2.25], "rotation": 270, "texture": "#texture"},
				"south": {"uv": [9, 1.5, 11.25, 3.5], "texture": "#texture"},
				"west": {"uv": [9.5, 0.75, 11, 2.25], "rotation": 90, "texture": "#texture"},
				"up": {"uv": [9.25, 1.25, 11, 3], "rotation": 180, "texture": "#texture"},
				"down": {"uv": [9.25, 1, 11.25, 2.75], "texture": "#texture"}
			}
		},
		{
			"name": "ammunition",
			"from": [6.5, 6.07143, 7.19643],
			"to": [7, 7.82143, 7.32143],
			"rotation": {"angle": 0, "axis": "x", "origin": [7.50595, 5.375, 7.57143]},
			"faces": {
				"north": {"uv": [9.5, 1.25, 11, 2.5], "rotation": 180, "texture": "#texture"},
				"east": {"uv": [9, 0.75, 10.5, 2.25], "rotation": 270, "texture": "#texture"},
				"south": {"uv": [9, 1.5, 11.25, 3.5], "texture": "#texture"},
				"west": {"uv": [9.5, 0.75, 11, 2.25], "rotation": 90, "texture": "#texture"},
				"up": {"uv": [9.25, 1.25, 11, 3], "rotation": 180, "texture": "#texture"},
				"down": {"uv": [9.25, 1, 11.25, 2.75], "texture": "#texture"}
			}
		},
		{
			"name": "ammunition",
			"from": [6.375, 5.32143, 7.19643],
			"to": [6.875, 6.07143, 8.19643],
			"rotation": {"angle": 0, "axis": "x", "origin": [7.50595, 5.375, 8.44643]},
			"faces": {
				"north": {"uv": [9.5, 1.25, 11, 2.5], "rotation": 180, "texture": "#texture"},
				"east": {"uv": [9, 0.75, 10.5, 2.25], "rotation": 270, "texture": "#texture"},
				"south": {"uv": [9, 1.5, 11.25, 3.5], "texture": "#texture"},
				"west": {"uv": [9.5, 0.75, 11, 2.25], "rotation": 90, "texture": "#texture"},
				"up": {"uv": [9.25, 1.25, 11, 3], "rotation": 180, "texture": "#texture"},
				"down": {"uv": [9.25, 1, 11.25, 2.75], "texture": "#texture"}
			}
		},
		{
			"name": "ammunition",
			"from": [6.25, 4.57143, 7.19643],
			"to": [6.75, 5.32143, 8.19643],
			"rotation": {"angle": 0, "axis": "x", "origin": [7.50595, 5.375, 8.44643]},
			"faces": {
				"north": {"uv": [9.5, 1.25, 11, 2.5], "rotation": 180, "texture": "#texture"},
				"east": {"uv": [9, 0.75, 10.5, 2.25], "rotation": 270, "texture": "#texture"},
				"south": {"uv": [9, 1.5, 11.25, 3.5], "texture": "#texture"},
				"west": {"uv": [9.5, 0.75, 11, 2.25], "rotation": 90, "texture": "#texture"},
				"up": {"uv": [9.25, 1.25, 11, 3], "rotation": 180, "texture": "#texture"},
				"down": {"uv": [9.25, 1, 11.25, 2.75], "texture": "#texture"}
			}
		},
		{
			"name": "ammunition",
			"from": [6.125, 3.82143, 7.19643],
			"to": [6.625, 4.57143, 8.19643],
			"rotation": {"angle": 0, "axis": "x", "origin": [7.50595, 5.375, 8.44643]},
			"faces": {
				"north": {"uv": [9.5, 1.25, 11, 2.5], "rotation": 180, "texture": "#texture"},
				"east": {"uv": [9, 0.75, 10.5, 2.25], "rotation": 270, "texture": "#texture"},
				"south": {"uv": [9, 1.5, 11.25, 3.5], "texture": "#texture"},
				"west": {"uv": [9.5, 0.75, 11, 2.25], "rotation": 90, "texture": "#texture"},
				"up": {"uv": [9.25, 1.25, 11, 3], "rotation": 180, "texture": "#texture"},
				"down": {"uv": [9.25, 1, 11.25, 2.75], "texture": "#texture"}
			}
		},
		{
			"name": "ammunition",
			"from": [8, 6.07143, 8.07143],
			"to": [8.5, 7.82143, 8.19643],
			"rotation": {"angle": 0, "axis": "x", "origin": [7.50595, 5.375, 8.44643]},
			"faces": {
				"north": {"uv": [9.5, 1.25, 11, 2.5], "rotation": 180, "texture": "#texture"},
				"east": {"uv": [9, 0.75, 10.5, 2.25], "rotation": 270, "texture": "#texture"},
				"south": {"uv": [9, 1.5, 11.25, 3.5], "texture": "#texture"},
				"west": {"uv": [9.5, 0.75, 11, 2.25], "rotation": 90, "texture": "#texture"},
				"up": {"uv": [9.25, 1.25, 11, 3], "rotation": 180, "texture": "#texture"},
				"down": {"uv": [9.25, 1, 11.25, 2.75], "texture": "#texture"}
			}
		},
		{
			"name": "ammunition",
			"from": [8, 6.07143, 7.19643],
			"to": [8.5, 7.82143, 7.32143],
			"rotation": {"angle": 0, "axis": "x", "origin": [7.50595, 5.375, 7.57143]},
			"faces": {
				"north": {"uv": [9.5, 1.25, 11, 2.5], "rotation": 180, "texture": "#texture"},
				"east": {"uv": [9, 0.75, 10.5, 2.25], "rotation": 270, "texture": "#texture"},
				"south": {"uv": [9, 1.5, 11.25, 3.5], "texture": "#texture"},
				"west": {"uv": [9.5, 0.75, 11, 2.25], "rotation": 90, "texture": "#texture"},
				"up": {"uv": [9.25, 1.25, 11, 3], "rotation": 180, "texture": "#texture"},
				"down": {"uv": [9.25, 1, 11.25, 2.75], "texture": "#texture"}
			}
		},
		{
			"name": "ammunition",
			"from": [7.25, 6.07143, 8.07143],
			"to": [7.75, 7.82143, 8.19643],
			"rotation": {"angle": 0, "axis": "x", "origin": [7.50595, 5.375, 8.44643]},
			"faces": {
				"north": {"uv": [9.5, 1.25, 11, 2.5], "rotation": 180, "texture": "#texture"},
				"east": {"uv": [9, 0.75, 10.5, 2.25], "rotation": 270, "texture": "#texture"},
				"south": {"uv": [9, 1.5, 11.25, 3.5], "texture": "#texture"},
				"west": {"uv": [9.5, 0.75, 11, 2.25], "rotation": 90, "texture": "#texture"},
				"up": {"uv": [9.25, 1.25, 11, 3], "rotation": 180, "texture": "#texture"},
				"down": {"uv": [9.25, 1, 11.25, 2.75], "texture": "#texture"}
			}
		},
		{
			"name": "ammunition",
			"from": [7.25, 6.07143, 7.19643],
			"to": [7.75, 7.82143, 7.32143],
			"rotation": {"angle": 0, "axis": "x", "origin": [7.50595, 5.375, 7.57143]},
			"faces": {
				"north": {"uv": [9.5, 1.25, 11, 2.5], "rotation": 180, "texture": "#texture"},
				"east": {"uv": [9, 0.75, 10.5, 2.25], "rotation": 270, "texture": "#texture"},
				"south": {"uv": [9, 1.5, 11.25, 3.5], "texture": "#texture"},
				"west": {"uv": [9.5, 0.75, 11, 2.25], "rotation": 90, "texture": "#texture"},
				"up": {"uv": [9.25, 1.25, 11, 3], "rotation": 180, "texture": "#texture"},
				"down": {"uv": [9.25, 1, 11.25, 2.75], "texture": "#texture"}
			}
		},
		{
			"name": "ammunition",
			"from": [7.875, 5.32143, 7.19643],
			"to": [8.375, 6.07143, 8.19643],
			"rotation": {"angle": 0, "axis": "x", "origin": [7.50595, 5.375, 8.44643]},
			"faces": {
				"north": {"uv": [9.5, 1.25, 11, 2.5], "rotation": 180, "texture": "#texture"},
				"east": {"uv": [9, 0.75, 10.5, 2.25], "rotation": 270, "texture": "#texture"},
				"south": {"uv": [9, 1.5, 11.25, 3.5], "texture": "#texture"},
				"west": {"uv": [9.5, 0.75, 11, 2.25], "rotation": 90, "texture": "#texture"},
				"up": {"uv": [9.25, 1.25, 11, 3], "rotation": 180, "texture": "#texture"},
				"down": {"uv": [9.25, 1, 11.25, 2.75], "texture": "#texture"}
			}
		},
		{
			"name": "ammunition",
			"from": [7.75, 4.57143, 7.19643],
			"to": [8.25, 5.32143, 8.19643],
			"rotation": {"angle": 0, "axis": "x", "origin": [7.50595, 5.375, 8.44643]},
			"faces": {
				"north": {"uv": [9.5, 1.25, 11, 2.5], "rotation": 180, "texture": "#texture"},
				"east": {"uv": [9, 0.75, 10.5, 2.25], "rotation": 270, "texture": "#texture"},
				"south": {"uv": [9, 1.5, 11.25, 3.5], "texture": "#texture"},
				"west": {"uv": [9.5, 0.75, 11, 2.25], "rotation": 90, "texture": "#texture"},
				"up": {"uv": [9.25, 1.25, 11, 3], "rotation": 180, "texture": "#texture"},
				"down": {"uv": [9.25, 1, 11.25, 2.75], "texture": "#texture"}
			}
		},
		{
			"name": "ammunition",
			"from": [7.625, 3.82143, 7.19643],
			"to": [8.125, 4.57143, 8.19643],
			"rotation": {"angle": 0, "axis": "x", "origin": [7.50595, 5.375, 8.44643]},
			"faces": {
				"north": {"uv": [9.5, 1.25, 11, 2.5], "rotation": 180, "texture": "#texture"},
				"east": {"uv": [9, 0.75, 10.5, 2.25], "rotation": 270, "texture": "#texture"},
				"south": {"uv": [9, 1.5, 11.25, 3.5], "texture": "#texture"},
				"west": {"uv": [9.5, 0.75, 11, 2.25], "rotation": 90, "texture": "#texture"},
				"up": {"uv": [9.25, 1.25, 11, 3], "rotation": 180, "texture": "#texture"},
				"down": {"uv": [9.25, 1, 11.25, 2.75], "texture": "#texture"}
			}
		},
		{
			"name": "ammunition",
			"from": [6.625, 3.82143, 7.19643],
			"to": [7.625, 4.07143, 8.19643],
			"rotation": {"angle": 0, "axis": "x", "origin": [7.50595, 5.375, 8.44643]},
			"faces": {
				"north": {"uv": [9.5, 1.25, 11, 2.5], "rotation": 180, "texture": "#texture"},
				"east": {"uv": [9, 0.75, 10.5, 2.25], "rotation": 270, "texture": "#texture"},
				"south": {"uv": [9, 1.5, 11.25, 3.5], "texture": "#texture"},
				"west": {"uv": [9.5, 0.75, 11, 2.25], "rotation": 90, "texture": "#texture"},
				"up": {"uv": [9.25, 1.25, 11, 3], "rotation": 180, "texture": "#texture"},
				"down": {"uv": [9.25, 1, 11.25, 2.75], "texture": "#texture"}
			}
		},
		{
			"name": "ammunition",
			"from": [7.125, 5.32143, 7.19643],
			"to": [7.625, 6.07143, 8.19643],
			"rotation": {"angle": 0, "axis": "x", "origin": [7.50595, 5.375, 8.44643]},
			"faces": {
				"north": {"uv": [9.5, 1.25, 11, 2.5], "rotation": 180, "texture": "#texture"},
				"east": {"uv": [9, 0.75, 10.5, 2.25], "rotation": 270, "texture": "#texture"},
				"south": {"uv": [9, 1.5, 11.25, 3.5], "texture": "#texture"},
				"west": {"uv": [9.5, 0.75, 11, 2.25], "rotation": 90, "texture": "#texture"},
				"up": {"uv": [9.25, 1.25, 11, 3], "rotation": 180, "texture": "#texture"},
				"down": {"uv": [9.25, 1, 11.25, 2.75], "texture": "#texture"}
			}
		},
		{
			"name": "ammunition",
			"from": [7, 4.57143, 7.19643],
			"to": [7.5, 5.32143, 8.19643],
			"rotation": {"angle": 0, "axis": "x", "origin": [7.50595, 5.375, 8.44643]},
			"faces": {
				"north": {"uv": [9.5, 1.25, 11, 2.5], "rotation": 180, "texture": "#texture"},
				"east": {"uv": [9, 0.75, 10.5, 2.25], "rotation": 270, "texture": "#texture"},
				"south": {"uv": [9, 1.5, 11.25, 3.5], "texture": "#texture"},
				"west": {"uv": [9.5, 0.75, 11, 2.25], "rotation": 90, "texture": "#texture"},
				"up": {"uv": [9.25, 1.25, 11, 3], "rotation": 180, "texture": "#texture"},
				"down": {"uv": [9.25, 1, 11.25, 2.75], "texture": "#texture"}
			}
		},
		{
			"name": "ammunition",
			"from": [6.875, 4.07143, 7.19643],
			"to": [7.375, 4.57143, 8.19643],
			"rotation": {"angle": 0, "axis": "x", "origin": [7.50595, 5.375, 8.44643]},
			"faces": {
				"north": {"uv": [9.5, 1.25, 11, 2.5], "rotation": 180, "texture": "#texture"},
				"east": {"uv": [9, 0.75, 10.5, 2.25], "rotation": 270, "texture": "#texture"},
				"south": {"uv": [9, 1.5, 11.25, 3.5], "texture": "#texture"},
				"west": {"uv": [9.5, 0.75, 11, 2.25], "rotation": 90, "texture": "#texture"},
				"up": {"uv": [9.25, 1.25, 11, 3], "rotation": 180, "texture": "#texture"},
				"down": {"uv": [9.25, 1, 11.25, 2.75], "texture": "#texture"}
			}
		},
		{
			"name": "ammunition",
			"from": [6.625, 6.07143, 8.04018],
			"to": [8.375, 7.79018, 8.07143],
			"rotation": {"angle": 0, "axis": "x", "origin": [7.50595, 5.375, 8.44643]},
			"faces": {
				"north": {"uv": [5.25, 2, 6.75, 3.25], "rotation": 180, "texture": "#texture"},
				"east": {"uv": [5, 1.5, 6.5, 3], "rotation": 270, "texture": "#texture"},
				"south": {"uv": [5, 1, 7.25, 3], "texture": "#texture"},
				"west": {"uv": [4.25, 1.75, 5.75, 3.25], "rotation": 90, "texture": "#texture"},
				"up": {"uv": [5, 1.75, 6.75, 3.5], "rotation": 180, "texture": "#texture"},
				"down": {"uv": [5.5, 1.25, 7.5, 3], "texture": "#texture"}
			}
		},
		{
			"name": "ammunition",
			"from": [6.625, 6.07143, 7.32143],
			"to": [8.375, 7.79018, 7.35268],
			"rotation": {"angle": 0, "axis": "x", "origin": [7.50595, 5.375, 7.72768]},
			"faces": {
				"north": {"uv": [5.25, 2, 6.75, 3.25], "rotation": 180, "texture": "#texture"},
				"east": {"uv": [5, 1.5, 6.5, 3], "rotation": 270, "texture": "#texture"},
				"south": {"uv": [5, 1, 7.25, 3], "texture": "#texture"},
				"west": {"uv": [4.25, 1.75, 5.75, 3.25], "rotation": 90, "texture": "#texture"},
				"up": {"uv": [5, 1.75, 6.75, 3.5], "rotation": 180, "texture": "#texture"},
				"down": {"uv": [5.5, 1.25, 7.5, 3], "texture": "#texture"}
			}
		},
		{
			"name": "ammunition",
			"from": [6.625, 5.32143, 7.32143],
			"to": [8.375, 6.19643, 8.07143],
			"rotation": {"angle": 0, "axis": "x", "origin": [7.50595, 5.375, 8.44643]},
			"faces": {
				"north": {"uv": [5.25, 2, 6.75, 3.25], "rotation": 180, "texture": "#texture"},
				"east": {"uv": [5, 1.5, 6.5, 3], "rotation": 270, "texture": "#texture"},
				"south": {"uv": [5, 1, 7.25, 3], "texture": "#texture"},
				"west": {"uv": [4.25, 1.75, 5.75, 3.25], "rotation": 90, "texture": "#texture"},
				"up": {"uv": [5, 1.75, 6.75, 3.5], "rotation": 180, "texture": "#texture"},
				"down": {"uv": [5.5, 1.25, 7.5, 3], "texture": "#texture"}
			}
		},
		{
			"name": "ammunition",
			"from": [6.75, 4.57143, 7.32143],
			"to": [7.75, 5.32143, 8.07143],
			"rotation": {"angle": 0, "axis": "x", "origin": [7.50595, 5.375, 8.44643]},
			"faces": {
				"north": {"uv": [5.25, 2, 6.75, 3.25], "rotation": 180, "texture": "#texture"},
				"east": {"uv": [5, 1.5, 6.5, 3], "rotation": 270, "texture": "#texture"},
				"south": {"uv": [5, 1, 7.25, 3], "texture": "#texture"},
				"west": {"uv": [4.25, 1.75, 5.75, 3.25], "rotation": 90, "texture": "#texture"},
				"up": {"uv": [5, 1.75, 6.75, 3.5], "rotation": 180, "texture": "#texture"},
				"down": {"uv": [5.5, 1.25, 7.5, 3], "texture": "#texture"}
			}
		},
		{
			"name": "ammunition*",
			"from": [8, 3.82143, 7.32143],
			"to": [8.375, 4.57143, 8.07143],
			"rotation": {"angle": 0, "axis": "x", "origin": [7.50595, 5.375, 8.44643]},
			"faces": {
				"north": {"uv": [9.5, 1.25, 11, 2.5], "rotation": 180, "texture": "#texture"},
				"east": {"uv": [9, 0.75, 10.5, 2.25], "rotation": 270, "texture": "#texture"},
				"south": {"uv": [9, 1.5, 11.25, 3.5], "texture": "#texture"},
				"west": {"uv": [9.5, 0.75, 11, 2.25], "rotation": 90, "texture": "#texture"},
				"up": {"uv": [9.25, 1.25, 11, 3], "rotation": 180, "texture": "#texture"},
				"down": {"uv": [9.25, 1, 11.25, 2.75], "texture": "#texture"}
			}
		},
		{
			"name": "ammunition*",
			"from": [8.125, 4.57143, 7.32143],
			"to": [8.5, 5.32143, 8.07143],
			"rotation": {"angle": 0, "axis": "x", "origin": [7.50595, 5.375, 8.44643]},
			"faces": {
				"north": {"uv": [9.5, 1.25, 11, 2.5], "rotation": 180, "texture": "#texture"},
				"east": {"uv": [9, 0.75, 10.5, 2.25], "rotation": 270, "texture": "#texture"},
				"south": {"uv": [9, 1.5, 11.25, 3.5], "texture": "#texture"},
				"west": {"uv": [9.5, 0.75, 11, 2.25], "rotation": 90, "texture": "#texture"},
				"up": {"uv": [9.25, 1.25, 11, 3], "rotation": 180, "texture": "#texture"},
				"down": {"uv": [9.25, 1, 11.25, 2.75], "texture": "#texture"}
			}
		},
		{
			"name": "ammunition*",
			"from": [8.25, 5.32143, 7.32143],
			"to": [8.625, 6.07143, 8.07143],
			"rotation": {"angle": 0, "axis": "x", "origin": [7.50595, 5.375, 8.44643]},
			"faces": {
				"north": {"uv": [9.5, 1.25, 11, 2.5], "rotation": 180, "texture": "#texture"},
				"east": {"uv": [9, 0.75, 10.5, 2.25], "rotation": 270, "texture": "#texture"},
				"south": {"uv": [9, 1.5, 11.25, 3.5], "texture": "#texture"},
				"west": {"uv": [9.5, 0.75, 11, 2.25], "rotation": 90, "texture": "#texture"},
				"up": {"uv": [9.25, 1.25, 11, 3], "rotation": 180, "texture": "#texture"},
				"down": {"uv": [9.25, 1, 11.25, 2.75], "texture": "#texture"}
			}
		},
		{
			"name": "ammunition*",
			"from": [8.375, 6.07143, 7.32143],
			"to": [8.75, 7.82143, 8.07143],
			"rotation": {"angle": 0, "axis": "x", "origin": [7.50595, 5.375, 8.44643]},
			"faces": {
				"north": {"uv": [9.5, 1.25, 11, 2.5], "rotation": 180, "texture": "#texture"},
				"east": {"uv": [9, 0.75, 10.5, 2.25], "rotation": 270, "texture": "#texture"},
				"south": {"uv": [9, 1.5, 11.25, 3.5], "texture": "#texture"},
				"west": {"uv": [9.5, 0.75, 11, 2.25], "rotation": 90, "texture": "#texture"},
				"up": {"uv": [9.25, 1.25, 11, 3], "rotation": 180, "texture": "#texture"},
				"down": {"uv": [9.25, 1, 11.25, 2.75], "texture": "#texture"}
			}
		},
		{
			"name": "ammunition*",
			"from": [8.25, 7.50893, 7.35268],
			"to": [8.375, 7.88393, 7.72768],
			"rotation": {"angle": 0, "axis": "x", "origin": [7.38095, 5.4375, 8.35268]},
			"faces": {
				"north": {"uv": [10, 3, 11.5, 4.5], "rotation": 90, "texture": "#1"},
				"east": {"uv": [10, 3, 11.5, 4.5], "rotation": 90, "texture": "#1"},
				"south": {"uv": [10, 3, 11.5, 4.5], "rotation": 90, "texture": "#1"},
				"west": {"uv": [10, 3, 11.5, 4.5], "rotation": 90, "texture": "#1"},
				"up": {"uv": [10, 3, 11.5, 4.5], "rotation": 90, "texture": "#1"},
				"down": {"uv": [10, 3, 11.5, 4.5], "rotation": 90, "texture": "#1"}
			}
		},
		{
			"name": "ammunition*",
			"from": [8.25, 7.13393, 7.66518],
			"to": [8.375, 7.50893, 8.04018],
			"rotation": {"angle": 0, "axis": "x", "origin": [7.38095, 5.0625, 8.66518]},
			"faces": {
				"north": {"uv": [10, 3, 11.5, 4.5], "rotation": 90, "texture": "#1"},
				"east": {"uv": [10, 3, 11.5, 4.5], "rotation": 90, "texture": "#1"},
				"south": {"uv": [10, 3, 11.5, 4.5], "rotation": 90, "texture": "#1"},
				"west": {"uv": [10, 3, 11.5, 4.5], "rotation": 90, "texture": "#1"},
				"up": {"uv": [10, 3, 11.5, 4.5], "rotation": 90, "texture": "#1"},
				"down": {"uv": [10, 3, 11.5, 4.5], "rotation": 90, "texture": "#1"}
			}
		},
		{
			"name": "ammunition*",
			"from": [8.25, 6.75893, 7.35268],
			"to": [8.375, 7.13393, 7.72768],
			"rotation": {"angle": 0, "axis": "x", "origin": [7.38095, 4.6875, 8.35268]},
			"faces": {
				"north": {"uv": [10, 3, 11.5, 4.5], "rotation": 90, "texture": "#1"},
				"east": {"uv": [10, 3, 11.5, 4.5], "rotation": 90, "texture": "#1"},
				"south": {"uv": [10, 3, 11.5, 4.5], "rotation": 90, "texture": "#1"},
				"west": {"uv": [10, 3, 11.5, 4.5], "rotation": 90, "texture": "#1"},
				"up": {"uv": [10, 3, 11.5, 4.5], "rotation": 90, "texture": "#1"},
				"down": {"uv": [10, 3, 11.5, 4.5], "rotation": 90, "texture": "#1"}
			}
		},
		{
			"name": "ammunition*",
			"from": [8.25, 6.38393, 7.66518],
			"to": [8.375, 6.75893, 8.04018],
			"rotation": {"angle": 0, "axis": "x", "origin": [7.38095, 4.3125, 8.66518]},
			"faces": {
				"north": {"uv": [10, 3, 11.5, 4.5], "rotation": 90, "texture": "#1"},
				"east": {"uv": [10, 3, 11.5, 4.5], "rotation": 90, "texture": "#1"},
				"south": {"uv": [10, 3, 11.5, 4.5], "rotation": 90, "texture": "#1"},
				"west": {"uv": [10, 3, 11.5, 4.5], "rotation": 90, "texture": "#1"},
				"up": {"uv": [10, 3, 11.5, 4.5], "rotation": 90, "texture": "#1"},
				"down": {"uv": [10, 3, 11.5, 4.5], "rotation": 90, "texture": "#1"}
			}
		},
		{
			"name": "ammunition*",
			"from": [8.25, 6.00893, 7.35268],
			"to": [8.375, 6.38393, 7.72768],
			"rotation": {"angle": 0, "axis": "x", "origin": [7.38095, 3.9375, 8.35268]},
			"faces": {
				"north": {"uv": [10, 3, 11.5, 4.5], "rotation": 90, "texture": "#1"},
				"east": {"uv": [10, 3, 11.5, 4.5], "rotation": 90, "texture": "#1"},
				"south": {"uv": [10, 3, 11.5, 4.5], "rotation": 90, "texture": "#1"},
				"west": {"uv": [10, 3, 11.5, 4.5], "rotation": 90, "texture": "#1"},
				"up": {"uv": [10, 3, 11.5, 4.5], "rotation": 90, "texture": "#1"},
				"down": {"uv": [10, 3, 11.5, 4.5], "rotation": 90, "texture": "#1"}
			}
		},
		{
			"name": "ammunition*",
			"from": [7.375, 7.50893, 7.35268],
			"to": [8.125, 7.88393, 7.72768],
			"rotation": {"angle": 0, "axis": "x", "origin": [7.38095, 5.4375, 8.35268]},
			"faces": {
				"north": {"uv": [10, 3, 11.5, 4.5], "rotation": 90, "texture": "#1"},
				"east": {"uv": [10, 3, 11.5, 4.5], "rotation": 90, "texture": "#1"},
				"south": {"uv": [10, 3, 11.5, 4.5], "rotation": 90, "texture": "#1"},
				"west": {"uv": [10, 3, 11.5, 4.5], "rotation": 90, "texture": "#1"},
				"up": {"uv": [10, 3, 11.5, 4.5], "rotation": 90, "texture": "#1"},
				"down": {"uv": [10, 3, 11.5, 4.5], "rotation": 90, "texture": "#1"}
			}
		},
		{
			"name": "ammunition*",
			"from": [7.375, 7.13393, 7.66518],
			"to": [8.125, 7.50893, 8.04018],
			"rotation": {"angle": 0, "axis": "x", "origin": [7.38095, 5.0625, 8.66518]},
			"faces": {
				"north": {"uv": [10, 3, 11.5, 4.5], "rotation": 90, "texture": "#1"},
				"east": {"uv": [10, 3, 11.5, 4.5], "rotation": 90, "texture": "#1"},
				"south": {"uv": [10, 3, 11.5, 4.5], "rotation": 90, "texture": "#1"},
				"west": {"uv": [10, 3, 11.5, 4.5], "rotation": 90, "texture": "#1"},
				"up": {"uv": [10, 3, 11.5, 4.5], "rotation": 90, "texture": "#1"},
				"down": {"uv": [10, 3, 11.5, 4.5], "rotation": 90, "texture": "#1"}
			}
		},
		{
			"name": "ammunition*",
			"from": [7.375, 6.75893, 7.35268],
			"to": [8.125, 7.13393, 7.72768],
			"rotation": {"angle": 0, "axis": "x", "origin": [7.38095, 4.6875, 8.35268]},
			"faces": {
				"north": {"uv": [10, 3, 11.5, 4.5], "rotation": 90, "texture": "#1"},
				"east": {"uv": [10, 3, 11.5, 4.5], "rotation": 90, "texture": "#1"},
				"south": {"uv": [10, 3, 11.5, 4.5], "rotation": 90, "texture": "#1"},
				"west": {"uv": [10, 3, 11.5, 4.5], "rotation": 90, "texture": "#1"},
				"up": {"uv": [10, 3, 11.5, 4.5], "rotation": 90, "texture": "#1"},
				"down": {"uv": [10, 3, 11.5, 4.5], "rotation": 90, "texture": "#1"}
			}
		},
		{
			"name": "ammunition*",
			"from": [7.375, 6.38393, 7.66518],
			"to": [8.125, 6.75893, 8.04018],
			"rotation": {"angle": 0, "axis": "x", "origin": [7.38095, 4.3125, 8.66518]},
			"faces": {
				"north": {"uv": [10, 3, 11.5, 4.5], "rotation": 90, "texture": "#1"},
				"east": {"uv": [10, 3, 11.5, 4.5], "rotation": 90, "texture": "#1"},
				"south": {"uv": [10, 3, 11.5, 4.5], "rotation": 90, "texture": "#1"},
				"west": {"uv": [10, 3, 11.5, 4.5], "rotation": 90, "texture": "#1"},
				"up": {"uv": [10, 3, 11.5, 4.5], "rotation": 90, "texture": "#1"},
				"down": {"uv": [10, 3, 11.5, 4.5], "rotation": 90, "texture": "#1"}
			}
		},
		{
			"name": "ammunition*",
			"from": [7.375, 6.00893, 7.35268],
			"to": [8.125, 6.38393, 7.72768],
			"rotation": {"angle": 0, "axis": "x", "origin": [7.38095, 3.9375, 8.35268]},
			"faces": {
				"north": {"uv": [10, 3, 11.5, 4.5], "rotation": 90, "texture": "#1"},
				"east": {"uv": [10, 3, 11.5, 4.5], "rotation": 90, "texture": "#1"},
				"south": {"uv": [10, 3, 11.5, 4.5], "rotation": 90, "texture": "#1"},
				"west": {"uv": [10, 3, 11.5, 4.5], "rotation": 90, "texture": "#1"},
				"up": {"uv": [10, 3, 11.5, 4.5], "rotation": 90, "texture": "#1"},
				"down": {"uv": [10, 3, 11.5, 4.5], "rotation": 90, "texture": "#1"}
			}
		},
		{
			"name": "ammunition*",
			"from": [8.125, 7.54018, 7.38393],
			"to": [8.25, 7.85268, 7.69643],
			"rotation": {"angle": 0, "axis": "x", "origin": [7.50595, 5.4375, 8.35268]},
			"faces": {
				"north": {"uv": [10, 3, 11.5, 4.5], "rotation": 90, "texture": "#1"},
				"east": {"uv": [10, 3, 11.5, 4.5], "rotation": 90, "texture": "#1"},
				"south": {"uv": [10, 3, 11.5, 4.5], "rotation": 90, "texture": "#1"},
				"west": {"uv": [10, 3, 11.5, 4.5], "rotation": 90, "texture": "#1"},
				"up": {"uv": [10, 3, 11.5, 4.5], "rotation": 90, "texture": "#1"},
				"down": {"uv": [10, 3, 11.5, 4.5], "rotation": 90, "texture": "#1"}
			}
		},
		{
			"name": "ammunition*",
			"from": [8.125, 7.16518, 7.69643],
			"to": [8.25, 7.47768, 8.00893],
			"rotation": {"angle": 0, "axis": "x", "origin": [7.50595, 5.0625, 8.66518]},
			"faces": {
				"north": {"uv": [10, 3, 11.5, 4.5], "rotation": 90, "texture": "#1"},
				"east": {"uv": [10, 3, 11.5, 4.5], "rotation": 90, "texture": "#1"},
				"south": {"uv": [10, 3, 11.5, 4.5], "rotation": 90, "texture": "#1"},
				"west": {"uv": [10, 3, 11.5, 4.5], "rotation": 90, "texture": "#1"},
				"up": {"uv": [10, 3, 11.5, 4.5], "rotation": 90, "texture": "#1"},
				"down": {"uv": [10, 3, 11.5, 4.5], "rotation": 90, "texture": "#1"}
			}
		},
		{
			"name": "ammunition*",
			"from": [8.125, 6.79018, 7.38393],
			"to": [8.25, 7.10268, 7.69643],
			"rotation": {"angle": 0, "axis": "x", "origin": [7.50595, 4.6875, 8.35268]},
			"faces": {
				"north": {"uv": [10, 3, 11.5, 4.5], "rotation": 90, "texture": "#1"},
				"east": {"uv": [10, 3, 11.5, 4.5], "rotation": 90, "texture": "#1"},
				"south": {"uv": [10, 3, 11.5, 4.5], "rotation": 90, "texture": "#1"},
				"west": {"uv": [10, 3, 11.5, 4.5], "rotation": 90, "texture": "#1"},
				"up": {"uv": [10, 3, 11.5, 4.5], "rotation": 90, "texture": "#1"},
				"down": {"uv": [10, 3, 11.5, 4.5], "rotation": 90, "texture": "#1"}
			}
		},
		{
			"name": "ammunition*",
			"from": [8.125, 6.41518, 7.69643],
			"to": [8.25, 6.72768, 8.00893],
			"rotation": {"angle": 0, "axis": "x", "origin": [7.50595, 4.3125, 8.66518]},
			"faces": {
				"north": {"uv": [10, 3, 11.5, 4.5], "rotation": 90, "texture": "#1"},
				"east": {"uv": [10, 3, 11.5, 4.5], "rotation": 90, "texture": "#1"},
				"south": {"uv": [10, 3, 11.5, 4.5], "rotation": 90, "texture": "#1"},
				"west": {"uv": [10, 3, 11.5, 4.5], "rotation": 90, "texture": "#1"},
				"up": {"uv": [10, 3, 11.5, 4.5], "rotation": 90, "texture": "#1"},
				"down": {"uv": [10, 3, 11.5, 4.5], "rotation": 90, "texture": "#1"}
			}
		},
		{
			"name": "ammunition*",
			"from": [8.125, 6.04018, 7.38393],
			"to": [8.25, 6.35268, 7.69643],
			"rotation": {"angle": 0, "axis": "x", "origin": [7.50595, 3.9375, 8.35268]},
			"faces": {
				"north": {"uv": [10, 3, 11.5, 4.5], "rotation": 90, "texture": "#1"},
				"east": {"uv": [10, 3, 11.5, 4.5], "rotation": 90, "texture": "#1"},
				"south": {"uv": [10, 3, 11.5, 4.5], "rotation": 90, "texture": "#1"},
				"west": {"uv": [10, 3, 11.5, 4.5], "rotation": 90, "texture": "#1"},
				"up": {"uv": [10, 3, 11.5, 4.5], "rotation": 90, "texture": "#1"},
				"down": {"uv": [10, 3, 11.5, 4.5], "rotation": 90, "texture": "#1"}
			}
		},
		{
			"name": "ammunition*",
			"from": [7.25, 7.54018, 7.38393],
			"to": [7.375, 7.85268, 7.69643],
			"rotation": {"angle": 0, "axis": "x", "origin": [6.63095, 5.4375, 8.35268]},
			"faces": {
				"north": {"uv": [1, 2, 2.5, 3.5], "rotation": 90, "texture": "#1"},
				"east": {"uv": [1, 2, 2.5, 3.5], "rotation": 90, "texture": "#1"},
				"south": {"uv": [1, 2, 2.5, 3.5], "rotation": 90, "texture": "#1"},
				"west": {"uv": [1, 2, 2.5, 3.5], "rotation": 90, "texture": "#1"},
				"up": {"uv": [1, 2, 2.5, 3.5], "rotation": 90, "texture": "#1"},
				"down": {"uv": [1, 2, 2.5, 3.5], "rotation": 90, "texture": "#1"}
			}
		},
		{
			"name": "ammunition*",
			"from": [7.25, 7.16518, 7.69643],
			"to": [7.375, 7.47768, 8.00893],
			"rotation": {"angle": 0, "axis": "x", "origin": [6.63095, 5.0625, 8.66518]},
			"faces": {
				"north": {"uv": [1, 2, 2.5, 3.5], "rotation": 90, "texture": "#1"},
				"east": {"uv": [1, 2, 2.5, 3.5], "rotation": 90, "texture": "#1"},
				"south": {"uv": [1, 2, 2.5, 3.5], "rotation": 90, "texture": "#1"},
				"west": {"uv": [1, 2, 2.5, 3.5], "rotation": 90, "texture": "#1"},
				"up": {"uv": [1, 2, 2.5, 3.5], "rotation": 90, "texture": "#1"},
				"down": {"uv": [1, 2, 2.5, 3.5], "rotation": 90, "texture": "#1"}
			}
		},
		{
			"name": "ammunition*",
			"from": [7.25, 6.79018, 7.38393],
			"to": [7.375, 7.10268, 7.69643],
			"rotation": {"angle": 0, "axis": "x", "origin": [6.63095, 4.6875, 8.35268]},
			"faces": {
				"north": {"uv": [1, 2, 2.5, 3.5], "rotation": 90, "texture": "#1"},
				"east": {"uv": [1, 2, 2.5, 3.5], "rotation": 90, "texture": "#1"},
				"south": {"uv": [1, 2, 2.5, 3.5], "rotation": 90, "texture": "#1"},
				"west": {"uv": [1, 2, 2.5, 3.5], "rotation": 90, "texture": "#1"},
				"up": {"uv": [1, 2, 2.5, 3.5], "rotation": 90, "texture": "#1"},
				"down": {"uv": [1, 2, 2.5, 3.5], "rotation": 90, "texture": "#1"}
			}
		},
		{
			"name": "ammunition*",
			"from": [7.25, 6.41518, 7.69643],
			"to": [7.375, 6.72768, 8.00893],
			"rotation": {"angle": 0, "axis": "x", "origin": [6.63095, 4.3125, 8.66518]},
			"faces": {
				"north": {"uv": [1, 2, 2.5, 3.5], "rotation": 90, "texture": "#1"},
				"east": {"uv": [1, 2, 2.5, 3.5], "rotation": 90, "texture": "#1"},
				"south": {"uv": [1, 2, 2.5, 3.5], "rotation": 90, "texture": "#1"},
				"west": {"uv": [1, 2, 2.5, 3.5], "rotation": 90, "texture": "#1"},
				"up": {"uv": [1, 2, 2.5, 3.5], "rotation": 90, "texture": "#1"},
				"down": {"uv": [1, 2, 2.5, 3.5], "rotation": 90, "texture": "#1"}
			}
		},
		{
			"name": "ammunition*",
			"from": [7.25, 6.04018, 7.38393],
			"to": [7.375, 6.35268, 7.69643],
			"rotation": {"angle": 0, "axis": "x", "origin": [6.63095, 3.9375, 8.35268]},
			"faces": {
				"north": {"uv": [1, 2, 2.5, 3.5], "rotation": 90, "texture": "#1"},
				"east": {"uv": [1, 2, 2.5, 3.5], "rotation": 90, "texture": "#1"},
				"south": {"uv": [1, 2, 2.5, 3.5], "rotation": 90, "texture": "#1"},
				"west": {"uv": [1, 2, 2.5, 3.5], "rotation": 90, "texture": "#1"},
				"up": {"uv": [1, 2, 2.5, 3.5], "rotation": 90, "texture": "#1"},
				"down": {"uv": [1, 2, 2.5, 3.5], "rotation": 90, "texture": "#1"}
			}
		},
		{
			"name": "ammunition*",
			"from": [7.125, 7.57143, 7.41518],
			"to": [7.25, 7.82143, 7.66518],
			"rotation": {"angle": 0, "axis": "x", "origin": [6.50595, 5.4375, 8.35268]},
			"faces": {
				"north": {"uv": [1, 2, 2.5, 3.5], "rotation": 90, "texture": "#1"},
				"east": {"uv": [1, 2, 2.5, 3.5], "rotation": 90, "texture": "#1"},
				"south": {"uv": [1, 2, 2.5, 3.5], "rotation": 90, "texture": "#1"},
				"west": {"uv": [1, 2, 2.5, 3.5], "rotation": 90, "texture": "#1"},
				"up": {"uv": [1, 2, 2.5, 3.5], "rotation": 90, "texture": "#1"},
				"down": {"uv": [1, 2, 2.5, 3.5], "rotation": 90, "texture": "#1"}
			}
		},
		{
			"name": "ammunition*",
			"from": [7.125, 7.19643, 7.72768],
			"to": [7.25, 7.44643, 7.97768],
			"rotation": {"angle": 0, "axis": "x", "origin": [6.50595, 5.0625, 8.66518]},
			"faces": {
				"north": {"uv": [1, 2, 2.5, 3.5], "rotation": 90, "texture": "#1"},
				"east": {"uv": [1, 2, 2.5, 3.5], "rotation": 90, "texture": "#1"},
				"south": {"uv": [1, 2, 2.5, 3.5], "rotation": 90, "texture": "#1"},
				"west": {"uv": [1, 2, 2.5, 3.5], "rotation": 90, "texture": "#1"},
				"up": {"uv": [1, 2, 2.5, 3.5], "rotation": 90, "texture": "#1"},
				"down": {"uv": [1, 2, 2.5, 3.5], "rotation": 90, "texture": "#1"}
			}
		},
		{
			"name": "ammunition*",
			"from": [7.125, 6.82143, 7.41518],
			"to": [7.25, 7.07143, 7.66518],
			"rotation": {"angle": 0, "axis": "x", "origin": [6.50595, 4.6875, 8.35268]},
			"faces": {
				"north": {"uv": [1, 2, 2.5, 3.5], "rotation": 90, "texture": "#1"},
				"east": {"uv": [1, 2, 2.5, 3.5], "rotation": 90, "texture": "#1"},
				"south": {"uv": [1, 2, 2.5, 3.5], "rotation": 90, "texture": "#1"},
				"west": {"uv": [1, 2, 2.5, 3.5], "rotation": 90, "texture": "#1"},
				"up": {"uv": [1, 2, 2.5, 3.5], "rotation": 90, "texture": "#1"},
				"down": {"uv": [1, 2, 2.5, 3.5], "rotation": 90, "texture": "#1"}
			}
		},
		{
			"name": "ammunition*",
			"from": [7.125, 6.44643, 7.72768],
			"to": [7.25, 6.69643, 7.97768],
			"rotation": {"angle": 0, "axis": "x", "origin": [6.50595, 4.3125, 8.66518]},
			"faces": {
				"north": {"uv": [1, 2, 2.5, 3.5], "rotation": 90, "texture": "#1"},
				"east": {"uv": [1, 2, 2.5, 3.5], "rotation": 90, "texture": "#1"},
				"south": {"uv": [1, 2, 2.5, 3.5], "rotation": 90, "texture": "#1"},
				"west": {"uv": [1, 2, 2.5, 3.5], "rotation": 90, "texture": "#1"},
				"up": {"uv": [1, 2, 2.5, 3.5], "rotation": 90, "texture": "#1"},
				"down": {"uv": [1, 2, 2.5, 3.5], "rotation": 90, "texture": "#1"}
			}
		},
		{
			"name": "ammunition*",
			"from": [7.125, 6.07143, 7.41518],
			"to": [7.25, 6.32143, 7.66518],
			"rotation": {"angle": 0, "axis": "x", "origin": [6.50595, 3.9375, 8.35268]},
			"faces": {
				"north": {"uv": [1, 2, 2.5, 3.5], "rotation": 90, "texture": "#1"},
				"east": {"uv": [1, 2, 2.5, 3.5], "rotation": 90, "texture": "#1"},
				"south": {"uv": [1, 2, 2.5, 3.5], "rotation": 90, "texture": "#1"},
				"west": {"uv": [1, 2, 2.5, 3.5], "rotation": 90, "texture": "#1"},
				"up": {"uv": [1, 2, 2.5, 3.5], "rotation": 90, "texture": "#1"},
				"down": {"uv": [1, 2, 2.5, 3.5], "rotation": 90, "texture": "#1"}
			}
		},
		{
			"name": "ammunition*",
			"from": [7.0625, 7.60268, 7.44643],
			"to": [7.1875, 7.79018, 7.63393],
			"rotation": {"angle": 0, "axis": "x", "origin": [6.44345, 5.4375, 8.35268]},
			"faces": {
				"north": {"uv": [1, 2, 2.5, 3.5], "rotation": 90, "texture": "#1"},
				"east": {"uv": [1, 2, 2.5, 3.5], "rotation": 90, "texture": "#1"},
				"south": {"uv": [1, 2, 2.5, 3.5], "rotation": 90, "texture": "#1"},
				"west": {"uv": [1, 2, 2.5, 3.5], "rotation": 90, "texture": "#1"},
				"up": {"uv": [1, 2, 2.5, 3.5], "rotation": 90, "texture": "#1"},
				"down": {"uv": [1, 2, 2.5, 3.5], "rotation": 90, "texture": "#1"}
			}
		},
		{
			"name": "ammunition*",
			"from": [7.0625, 7.22768, 7.75893],
			"to": [7.1875, 7.41518, 7.94643],
			"rotation": {"angle": 0, "axis": "x", "origin": [6.44345, 5.0625, 8.66518]},
			"faces": {
				"north": {"uv": [1, 2, 2.5, 3.5], "rotation": 90, "texture": "#1"},
				"east": {"uv": [1, 2, 2.5, 3.5], "rotation": 90, "texture": "#1"},
				"south": {"uv": [1, 2, 2.5, 3.5], "rotation": 90, "texture": "#1"},
				"west": {"uv": [1, 2, 2.5, 3.5], "rotation": 90, "texture": "#1"},
				"up": {"uv": [1, 2, 2.5, 3.5], "rotation": 90, "texture": "#1"},
				"down": {"uv": [1, 2, 2.5, 3.5], "rotation": 90, "texture": "#1"}
			}
		},
		{
			"name": "ammunition*",
			"from": [7.0625, 6.85268, 7.44643],
			"to": [7.1875, 7.04018, 7.63393],
			"rotation": {"angle": 0, "axis": "x", "origin": [6.44345, 4.6875, 8.35268]},
			"faces": {
				"north": {"uv": [1, 2, 2.5, 3.5], "rotation": 90, "texture": "#1"},
				"east": {"uv": [1, 2, 2.5, 3.5], "rotation": 90, "texture": "#1"},
				"south": {"uv": [1, 2, 2.5, 3.5], "rotation": 90, "texture": "#1"},
				"west": {"uv": [1, 2, 2.5, 3.5], "rotation": 90, "texture": "#1"},
				"up": {"uv": [1, 2, 2.5, 3.5], "rotation": 90, "texture": "#1"},
				"down": {"uv": [1, 2, 2.5, 3.5], "rotation": 90, "texture": "#1"}
			}
		},
		{
			"name": "ammunition*",
			"from": [7.0625, 6.47768, 7.75893],
			"to": [7.1875, 6.66518, 7.94643],
			"rotation": {"angle": 0, "axis": "x", "origin": [6.44345, 4.3125, 8.66518]},
			"faces": {
				"north": {"uv": [1, 2, 2.5, 3.5], "rotation": 90, "texture": "#1"},
				"east": {"uv": [1, 2, 2.5, 3.5], "rotation": 90, "texture": "#1"},
				"south": {"uv": [1, 2, 2.5, 3.5], "rotation": 90, "texture": "#1"},
				"west": {"uv": [1, 2, 2.5, 3.5], "rotation": 90, "texture": "#1"},
				"up": {"uv": [1, 2, 2.5, 3.5], "rotation": 90, "texture": "#1"},
				"down": {"uv": [1, 2, 2.5, 3.5], "rotation": 90, "texture": "#1"}
			}
		},
		{
			"name": "ammunition*",
			"from": [7.0625, 6.10268, 7.44643],
			"to": [7.1875, 6.29018, 7.63393],
			"rotation": {"angle": 0, "axis": "x", "origin": [6.44345, 3.9375, 8.35268]},
			"faces": {
				"north": {"uv": [1, 2, 2.5, 3.5], "rotation": 90, "texture": "#1"},
				"east": {"uv": [1, 2, 2.5, 3.5], "rotation": 90, "texture": "#1"},
				"south": {"uv": [1, 2, 2.5, 3.5], "rotation": 90, "texture": "#1"},
				"west": {"uv": [1, 2, 2.5, 3.5], "rotation": 90, "texture": "#1"},
				"up": {"uv": [1, 2, 2.5, 3.5], "rotation": 90, "texture": "#1"},
				"down": {"uv": [1, 2, 2.5, 3.5], "rotation": 90, "texture": "#1"}
			}
		},
		{
			"name": "ammunition*",
			"from": [7, 7.63393, 7.47768],
			"to": [7.125, 7.75893, 7.60268],
			"rotation": {"angle": 0, "axis": "x", "origin": [6.38095, 5.4375, 8.35268]},
			"faces": {
				"north": {"uv": [1, 2, 2.5, 3.5], "rotation": 90, "texture": "#1"},
				"east": {"uv": [1, 2, 2.5, 3.5], "rotation": 90, "texture": "#1"},
				"south": {"uv": [1, 2, 2.5, 3.5], "rotation": 90, "texture": "#1"},
				"west": {"uv": [1, 2, 2.5, 3.5], "rotation": 90, "texture": "#1"},
				"up": {"uv": [1, 2, 2.5, 3.5], "rotation": 90, "texture": "#1"},
				"down": {"uv": [1, 2, 2.5, 3.5], "rotation": 90, "texture": "#1"}
			}
		},
		{
			"name": "ammunition*",
			"from": [7, 7.25893, 7.79018],
			"to": [7.125, 7.38393, 7.91518],
			"rotation": {"angle": 0, "axis": "x", "origin": [6.38095, 5.0625, 8.66518]},
			"faces": {
				"north": {"uv": [1, 2, 2.5, 3.5], "rotation": 90, "texture": "#1"},
				"east": {"uv": [1, 2, 2.5, 3.5], "rotation": 90, "texture": "#1"},
				"south": {"uv": [1, 2, 2.5, 3.5], "rotation": 90, "texture": "#1"},
				"west": {"uv": [1, 2, 2.5, 3.5], "rotation": 90, "texture": "#1"},
				"up": {"uv": [1, 2, 2.5, 3.5], "rotation": 90, "texture": "#1"},
				"down": {"uv": [1, 2, 2.5, 3.5], "rotation": 90, "texture": "#1"}
			}
		},
		{
			"name": "ammunition*",
			"from": [7, 6.88393, 7.47768],
			"to": [7.125, 7.00893, 7.60268],
			"rotation": {"angle": 0, "axis": "x", "origin": [6.38095, 4.6875, 8.35268]},
			"faces": {
				"north": {"uv": [1, 2, 2.5, 3.5], "rotation": 90, "texture": "#1"},
				"east": {"uv": [1, 2, 2.5, 3.5], "rotation": 90, "texture": "#1"},
				"south": {"uv": [1, 2, 2.5, 3.5], "rotation": 90, "texture": "#1"},
				"west": {"uv": [1, 2, 2.5, 3.5], "rotation": 90, "texture": "#1"},
				"up": {"uv": [1, 2, 2.5, 3.5], "rotation": 90, "texture": "#1"},
				"down": {"uv": [1, 2, 2.5, 3.5], "rotation": 90, "texture": "#1"}
			}
		},
		{
			"name": "ammunition*",
			"from": [7, 6.50893, 7.79018],
			"to": [7.125, 6.63393, 7.91518],
			"rotation": {"angle": 0, "axis": "x", "origin": [6.38095, 4.3125, 8.66518]},
			"faces": {
				"north": {"uv": [1, 2, 2.5, 3.5], "rotation": 90, "texture": "#1"},
				"east": {"uv": [1, 2, 2.5, 3.5], "rotation": 90, "texture": "#1"},
				"south": {"uv": [1, 2, 2.5, 3.5], "rotation": 90, "texture": "#1"},
				"west": {"uv": [1, 2, 2.5, 3.5], "rotation": 90, "texture": "#1"},
				"up": {"uv": [1, 2, 2.5, 3.5], "rotation": 90, "texture": "#1"},
				"down": {"uv": [1, 2, 2.5, 3.5], "rotation": 90, "texture": "#1"}
			}
		},
		{
			"name": "ammunition*",
			"from": [7, 6.13393, 7.47768],
			"to": [7.125, 6.25893, 7.60268],
			"rotation": {"angle": 0, "axis": "x", "origin": [6.38095, 3.9375, 8.35268]},
			"faces": {
				"north": {"uv": [1, 2, 2.5, 3.5], "rotation": 90, "texture": "#1"},
				"east": {"uv": [1, 2, 2.5, 3.5], "rotation": 90, "texture": "#1"},
				"south": {"uv": [1, 2, 2.5, 3.5], "rotation": 90, "texture": "#1"},
				"west": {"uv": [1, 2, 2.5, 3.5], "rotation": 90, "texture": "#1"},
				"up": {"uv": [1, 2, 2.5, 3.5], "rotation": 90, "texture": "#1"},
				"down": {"uv": [1, 2, 2.5, 3.5], "rotation": 90, "texture": "#1"}
			}
		},
		{
			"name": "ammunition*",
			"from": [6.96875, 7.66518, 7.50893],
			"to": [7.15625, 7.72768, 7.57143],
			"rotation": {"angle": 0, "axis": "x", "origin": [6.4122, 5.4375, 8.35268]},
			"faces": {
				"north": {"uv": [1, 2, 2.5, 3.5], "rotation": 90, "texture": "#1"},
				"east": {"uv": [1, 2, 2.5, 3.5], "rotation": 90, "texture": "#1"},
				"south": {"uv": [1, 2, 2.5, 3.5], "rotation": 90, "texture": "#1"},
				"west": {"uv": [1, 2, 2.5, 3.5], "rotation": 90, "texture": "#1"},
				"up": {"uv": [1, 2, 2.5, 3.5], "rotation": 90, "texture": "#1"},
				"down": {"uv": [1, 2, 2.5, 3.5], "rotation": 90, "texture": "#1"}
			}
		},
		{
			"name": "ammunition*",
			"from": [6.96875, 7.29018, 7.82143],
			"to": [7.15625, 7.35268, 7.88393],
			"rotation": {"angle": 0, "axis": "x", "origin": [6.4122, 5.0625, 8.66518]},
			"faces": {
				"north": {"uv": [1, 2, 2.5, 3.5], "rotation": 90, "texture": "#1"},
				"east": {"uv": [1, 2, 2.5, 3.5], "rotation": 90, "texture": "#1"},
				"south": {"uv": [1, 2, 2.5, 3.5], "rotation": 90, "texture": "#1"},
				"west": {"uv": [1, 2, 2.5, 3.5], "rotation": 90, "texture": "#1"},
				"up": {"uv": [1, 2, 2.5, 3.5], "rotation": 90, "texture": "#1"},
				"down": {"uv": [1, 2, 2.5, 3.5], "rotation": 90, "texture": "#1"}
			}
		},
		{
			"name": "ammunition*",
			"from": [6.96875, 6.91518, 7.50893],
			"to": [7.15625, 6.97768, 7.57143],
			"rotation": {"angle": 0, "axis": "x", "origin": [6.4122, 4.6875, 8.35268]},
			"faces": {
				"north": {"uv": [1, 2, 2.5, 3.5], "rotation": 90, "texture": "#1"},
				"east": {"uv": [1, 2, 2.5, 3.5], "rotation": 90, "texture": "#1"},
				"south": {"uv": [1, 2, 2.5, 3.5], "rotation": 90, "texture": "#1"},
				"west": {"uv": [1, 2, 2.5, 3.5], "rotation": 90, "texture": "#1"},
				"up": {"uv": [1, 2, 2.5, 3.5], "rotation": 90, "texture": "#1"},
				"down": {"uv": [1, 2, 2.5, 3.5], "rotation": 90, "texture": "#1"}
			}
		},
		{
			"name": "ammunition*",
			"from": [6.96875, 6.54018, 7.82143],
			"to": [7.15625, 6.60268, 7.88393],
			"rotation": {"angle": 0, "axis": "x", "origin": [6.4122, 4.3125, 8.66518]},
			"faces": {
				"north": {"uv": [1, 2, 2.5, 3.5], "rotation": 90, "texture": "#1"},
				"east": {"uv": [1, 2, 2.5, 3.5], "rotation": 90, "texture": "#1"},
				"south": {"uv": [1, 2, 2.5, 3.5], "rotation": 90, "texture": "#1"},
				"west": {"uv": [1, 2, 2.5, 3.5], "rotation": 90, "texture": "#1"},
				"up": {"uv": [1, 2, 2.5, 3.5], "rotation": 90, "texture": "#1"},
				"down": {"uv": [1, 2, 2.5, 3.5], "rotation": 90, "texture": "#1"}
			}
		},
		{
			"name": "ammunition*",
			"from": [6.96875, 6.16518, 7.50893],
			"to": [7.15625, 6.22768, 7.57143],
			"rotation": {"angle": 0, "axis": "x", "origin": [6.4122, 3.9375, 8.35268]},
			"faces": {
				"north": {"uv": [1, 2, 2.5, 3.5], "rotation": 90, "texture": "#1"},
				"east": {"uv": [1, 2, 2.5, 3.5], "rotation": 90, "texture": "#1"},
				"south": {"uv": [1, 2, 2.5, 3.5], "rotation": 90, "texture": "#1"},
				"west": {"uv": [1, 2, 2.5, 3.5], "rotation": 90, "texture": "#1"},
				"up": {"uv": [1, 2, 2.5, 3.5], "rotation": 90, "texture": "#1"},
				"down": {"uv": [1, 2, 2.5, 3.5], "rotation": 90, "texture": "#1"}
			}
		},
		{
			"name": "ammunition*",
			"from": [6.5, 6.07143, 7.32143],
			"to": [6.875, 7.82143, 8.07143],
			"rotation": {"angle": 0, "axis": "x", "origin": [5.38095, 5.375, 8.44643]},
			"faces": {
				"north": {"uv": [9.5, 1.25, 11, 2.5], "rotation": 180, "texture": "#texture"},
				"east": {"uv": [9, 0.75, 10.5, 2.25], "rotation": 270, "texture": "#texture"},
				"south": {"uv": [9, 1.5, 11.25, 3.5], "texture": "#texture"},
				"west": {"uv": [9.5, 0.75, 11, 2.25], "rotation": 90, "texture": "#texture"},
				"up": {"uv": [9.25, 1.25, 11, 3], "rotation": 180, "texture": "#texture"},
				"down": {"uv": [9.25, 1, 11.25, 2.75], "texture": "#texture"}
			}
		}
	],
	"gui_light": "front",
	"display": {
		"thirdperson_righthand": {
			"rotation": [10, -90, 0],
			"translation": [0, 1, 0.5]
		},
		"thirdperson_lefthand": {
			"rotation": [10, -90, 0],
			"translation": [0, 1, 0.5],
			"scale": [-1, 1, -1]
		},
		"firstperson_righthand": {
			"rotation": [7, -90, 0],
			"translation": [-4.25, 6, 5.5]
		},
		"firstperson_lefthand": {
			"rotation": [7, -90, 0],
			"translation": [-4.25, 6, 5.5],
			"scale": [-1, 1, -1]
		},
		"ground": {
			"rotation": [-90, 0, 0],
			"translation": [1, -0.75, -2.75]
		},
		"gui": {
			"rotation": [30, 45, 0],
			"translation": [1.5, 6.5, 0],
			"scale": [3, 3, 3]
		},
		"head": {
			"rotation": [0, 0, -35],
			"translation": [5.5, -22.25, 4.25],
			"scale": [1.25, 1.25, 1.25]
		},
		"fixed": {
			"rotation": [0, -180, 0],
			"translation": [-2.25, 2.75, -1.75]
		}
	},
	"groups": [
		{
			"name": "ammo",
			"origin": [8, 8.25, 7.625],
			"children": [0, 1, 2, 3, 4, 5, 6, 7, 8, 9, 10, 11, 12, 13, 14, 15, 16, 17, 18, 19, 20, 21, 22, 23, 24, 25, 26, 27, 28, 29, 30, 31, 32, 33, 34, 35, 36, 37, 38, 39, 40, 41, 42, 43, 44, 45, 46, 47, 48, 49, 50, 51, 52, 53, 54, 55, 56, 57, 58, 59, 60, 61, 62, 63, 64, 65]
		}
	]
}