{
	"credit": "Made by MadstonMagic, using Cubik Pro & Blockbench",
	"textures": {
		"1": "ammunition/9mm_45acp",
		"texture": "guns/vesper/vesper",
		"particle": "ammunition/9mm_45acp"
	},
	"elements": [
		{
			"from": [9.13956, -0.33245, 7.5],
			"to": [9.57706, 8.04255, 8.5],
			"rotation": {"angle": 0, "axis": "z", "origin": [10.15032, 1.02371, 8]},
			"faces": {
				"north": {"uv": [1, 6.5, 3.25, 9], "texture": "#texture"},
				"east": {"uv": [1, 6.5, 3.25, 9], "texture": "#texture"},
				"south": {"uv": [1, 6.5, 3.25, 9], "texture": "#texture"},
				"west": {"uv": [1, 6.5, 3.25, 9], "texture": "#texture"},
				"up": {"uv": [1, 6.5, 3.25, 9], "texture": "#texture"}
			}
		},
		{
			"from": [10.51456, -0.33245, 7.5],
			"to": [10.82706, 8.04255, 8.5],
			"rotation": {"angle": 0, "axis": "z", "origin": [10.15032, 1.02371, 8]},
			"faces": {
				"north": {"uv": [1, 6.5, 3.25, 9], "texture": "#texture"},
				"east": {"uv": [1, 6.5, 3.25, 9], "texture": "#texture"},
				"south": {"uv": [1, 6.5, 3.25, 9], "texture": "#texture"},
				"west": {"uv": [1, 6.5, 3.25, 9], "texture": "#texture"},
				"up": {"uv": [1, 6.5, 3.25, 9], "texture": "#texture"}
			}
		},
		{
			"from": [9.38956, -0.33245, 7.375],
			"to": [10.57706, 8.04255, 7.5],
			"rotation": {"angle": 0, "axis": "z", "origin": [10.15032, 1.02371, 8]},
			"faces": {
				"north": {"uv": [1, 6.5, 3.25, 9], "texture": "#texture"},
				"east": {"uv": [1, 6.5, 3.25, 9], "texture": "#texture"},
				"south": {"uv": [1, 6.5, 3.25, 9], "texture": "#texture"},
				"west": {"uv": [1, 6.5, 3.25, 9], "texture": "#texture"},
				"up": {"uv": [1, 6.5, 3.25, 9], "texture": "#texture"}
			}
		},
		{
			"from": [9.38956, -0.33245, 8.5],
			"to": [10.57706, 8.04255, 8.625],
			"rotation": {"angle": 0, "axis": "z", "origin": [10.15032, 1.02371, 8]},
			"faces": {
				"north": {"uv": [3.25, 6.5, 1, 9], "texture": "#texture"},
				"east": {"uv": [3.25, 6.5, 1, 9], "texture": "#texture"},
				"south": {"uv": [3.25, 6.5, 1, 9], "texture": "#texture"},
				"west": {"uv": [3.25, 6.5, 1, 9], "texture": "#texture"},
				"up": {"uv": [1, 9, 3.25, 6.5], "texture": "#texture"}
			}
		},
		{
			"from": [8.89296, -1.58245, 7.25],
			"to": [11.08046, -0.33245, 8.75],
			"rotation": {"angle": 0, "axis": "z", "origin": [10.15032, 1.02371, 8]},
			"faces": {
				"north": {"uv": [11, 1, 13.25, 3.5], "texture": "#texture"},
				"east": {"uv": [11, 1, 13.25, 3.5], "texture": "#texture"},
				"south": {"uv": [11, 1, 13.25, 3.5], "texture": "#texture"},
				"west": {"uv": [11, 1, 13.25, 3.5], "texture": "#texture"},
				"up": {"uv": [11, 1, 13.25, 3.5], "texture": "#texture"},
				"down": {"uv": [11, 1, 13.25, 3.5], "texture": "#texture"}
			}
		},
		{
			"from": [9.36171, -0.95745, 7.34375],
			"to": [9.95546, 0.04255, 8.65625],
			"rotation": {"angle": 0, "axis": "z", "origin": [10.15032, 1.02371, 8]},
			"faces": {
				"north": {"uv": [11, 1, 13.25, 3.5], "texture": "#texture"},
				"east": {"uv": [11, 1, 13.25, 3.5], "texture": "#texture"},
				"south": {"uv": [11, 1, 13.25, 3.5], "texture": "#texture"},
				"west": {"uv": [11, 1, 13.25, 3.5], "texture": "#texture"},
				"up": {"uv": [11, 1, 13.25, 3.5], "texture": "#texture"}
			}
		},
		{
			"from": [10.51796, -0.33246, 7.25],
			"to": [11.08046, 0.54254, 8.75],
			"rotation": {"angle": 0, "axis": "z", "origin": [10.15032, 1.02371, 8]},
			"faces": {
				"north": {"uv": [11, 1, 13.25, 3.5], "texture": "#texture"},
				"east": {"uv": [11, 1, 13.25, 3.5], "texture": "#texture"},
				"south": {"uv": [11, 1, 13.25, 3.5], "texture": "#texture"},
				"up": {"uv": [11, 1, 13.25, 3.5], "texture": "#texture"}
			}
		},
		{
			"from": [10.67411, -0.78014, 7.25],
			"to": [11.23661, 0.71986, 8.75],
			"rotation": {"angle": -22.5, "axis": "z", "origin": [10.15032, 1.02371, 8]},
			"faces": {
				"north": {"uv": [11, 1, 13.25, 3.5], "texture": "#texture"},
				"south": {"uv": [11, 1, 13.25, 3.5], "texture": "#texture"},
				"west": {"uv": [11, 1, 13.25, 3.5], "texture": "#texture"},
				"up": {"uv": [11, 1, 13.25, 3.5], "texture": "#texture"}
			}
		},
		{
			"name": "1",
			"from": [10.42081, 7.41755, 7.5625],
			"to": [10.51456, 7.79255, 7.9375],
			"rotation": {"angle": 0, "axis": "z", "origin": [10.15032, 1.02371, 8]},
			"faces": {
				"north": {"uv": [2.625, 9.5, 4.875, 12], "texture": "#1"},
				"east": {"uv": [2.625, 9.5, 4.875, 12], "texture": "#1"},
				"south": {"uv": [2.625, 9.5, 4.875, 12], "texture": "#1"},
				"west": {"uv": [2.625, 9.5, 4.875, 12], "texture": "#1"},
				"up": {"uv": [2.625, 9.5, 4.875, 12], "texture": "#1"},
				"down": {"uv": [2.625, 9.5, 4.875, 12], "texture": "#1"}
			}
		},
		{
			"name": "1",
			"from": [10.26456, 7.4488, 7.59375],
			"to": [10.42081, 7.7613, 7.90625],
			"rotation": {"angle": 0, "axis": "z", "origin": [10.15032, 1.02371, 8]},
			"faces": {
				"north": {"uv": [2.625, 9.5, 4.875, 12], "texture": "#1"},
				"east": {"uv": [2.625, 9.5, 4.875, 12], "texture": "#1"},
				"south": {"uv": [2.625, 9.5, 4.875, 12], "texture": "#1"},
				"west": {"uv": [2.625, 9.5, 4.875, 12], "texture": "#1"},
				"up": {"uv": [2.625, 9.5, 4.875, 12], "texture": "#1"},
				"down": {"uv": [2.625, 9.5, 4.875, 12], "texture": "#1"}
			}
		},
		{
			"name": "1",
			"from": [9.63956, 7.4488, 7.59375],
			"to": [9.73331, 7.7613, 7.90625],
			"rotation": {"angle": 0, "axis": "z", "origin": [10.15032, 1.02371, 8]},
			"faces": {
				"north": {"uv": [11, 2.75, 13.25, 5.25], "texture": "#1"},
				"east": {"uv": [11, 2.75, 13.25, 5.25], "texture": "#1"},
				"south": {"uv": [11, 2.75, 13.25, 5.25], "texture": "#1"},
				"west": {"uv": [11, 2.75, 13.25, 5.25], "texture": "#1"},
				"up": {"uv": [11, 2.75, 13.25, 5.25], "texture": "#1"},
				"down": {"uv": [11, 2.75, 13.25, 5.25], "texture": "#1"}
			}
		},
		{
			"name": "1",
			"from": [9.67081, 7.41755, 7.5625],
			"to": [9.76456, 7.79255, 7.9375],
			"rotation": {"angle": 0, "axis": "z", "origin": [10.15032, 1.02371, 8]},
			"faces": {
				"north": {"uv": [11, 2.75, 13.25, 5.25], "texture": "#1"},
				"east": {"uv": [11, 2.75, 13.25, 5.25], "texture": "#1"},
				"south": {"uv": [11, 2.75, 13.25, 5.25], "texture": "#1"},
				"west": {"uv": [11, 2.75, 13.25, 5.25], "texture": "#1"},
				"up": {"uv": [11, 2.75, 13.25, 5.25], "texture": "#1"},
				"down": {"uv": [11, 2.75, 13.25, 5.25], "texture": "#1"}
			}
		},
		{
			"name": "1",
			"from": [9.76456, 7.41755, 7.5625],
			"to": [10.38956, 7.79255, 7.9375],
			"rotation": {"angle": 0, "axis": "z", "origin": [10.15032, 1.02371, 8]},
			"faces": {
				"north": {"uv": [2.625, 9.5, 4.875, 12], "texture": "#1"},
				"east": {"uv": [2.625, 9.5, 4.875, 12], "texture": "#1"},
				"south": {"uv": [2.625, 9.5, 4.875, 12], "texture": "#1"},
				"west": {"uv": [2.625, 9.5, 4.875, 12], "texture": "#1"},
				"up": {"uv": [2.625, 9.5, 4.875, 12], "texture": "#1"},
				"down": {"uv": [2.625, 9.5, 4.875, 12], "texture": "#1"}
			}
		},
		{
			"name": "1",
			"from": [9.60831, 7.48005, 7.625],
			"to": [9.70206, 7.73005, 7.875],
			"rotation": {"angle": 0, "axis": "z", "origin": [10.15032, 1.02371, 8]},
			"faces": {
				"north": {"uv": [11, 2.75, 13.25, 5.25], "texture": "#1"},
				"east": {"uv": [11, 2.75, 13.25, 5.25], "texture": "#1"},
				"south": {"uv": [11, 2.75, 13.25, 5.25], "texture": "#1"},
				"west": {"uv": [11, 2.75, 13.25, 5.25], "texture": "#1"},
				"up": {"uv": [11, 2.75, 13.25, 5.25], "texture": "#1"},
				"down": {"uv": [11, 2.75, 13.25, 5.25], "texture": "#1"}
			}
		},
		{
			"name": "1",
			"from": [9.57706, 7.5113, 7.65625],
			"to": [9.67081, 7.6988, 7.84375],
			"rotation": {"angle": 0, "axis": "z", "origin": [10.15032, 1.02371, 8]},
			"faces": {
				"north": {"uv": [11, 2.75, 13.25, 5.25], "texture": "#1"},
				"east": {"uv": [11, 2.75, 13.25, 5.25], "texture": "#1"},
				"south": {"uv": [11, 2.75, 13.25, 5.25], "texture": "#1"},
				"west": {"uv": [11, 2.75, 13.25, 5.25], "texture": "#1"},
				"up": {"uv": [11, 2.75, 13.25, 5.25], "texture": "#1"},
				"down": {"uv": [11, 2.75, 13.25, 5.25], "texture": "#1"}
			}
		},
		{
			"name": "2",
			"from": [9.57706, 7.7613, 8.15625],
			"to": [9.67081, 7.9488, 8.34375],
			"rotation": {"angle": 0, "axis": "z", "origin": [10.15032, 1.02371, 8]},
			"faces": {
				"north": {"uv": [11, 2.75, 13.25, 5.25], "texture": "#1"},
				"east": {"uv": [11, 2.75, 13.25, 5.25], "texture": "#1"},
				"south": {"uv": [11, 2.75, 13.25, 5.25], "texture": "#1"},
				"west": {"uv": [11, 2.75, 13.25, 5.25], "texture": "#1"},
				"up": {"uv": [11, 2.75, 13.25, 5.25], "texture": "#1"},
				"down": {"uv": [11, 2.75, 13.25, 5.25], "texture": "#1"}
			}
		},
		{
			"name": "2",
			"from": [9.60831, 7.73005, 8.125],
			"to": [9.70206, 7.98005, 8.375],
			"rotation": {"angle": 0, "axis": "z", "origin": [10.15032, 1.02371, 8]},
			"faces": {
				"north": {"uv": [11, 2.75, 13.25, 5.25], "texture": "#1"},
				"east": {"uv": [11, 2.75, 13.25, 5.25], "texture": "#1"},
				"south": {"uv": [11, 2.75, 13.25, 5.25], "texture": "#1"},
				"west": {"uv": [11, 2.75, 13.25, 5.25], "texture": "#1"},
				"up": {"uv": [11, 2.75, 13.25, 5.25], "texture": "#1"},
				"down": {"uv": [11, 2.75, 13.25, 5.25], "texture": "#1"}
			}
		},
		{
			"name": "2",
			"from": [9.76456, 7.66755, 8.0625],
			"to": [10.38956, 8.04255, 8.4375],
			"rotation": {"angle": 0, "axis": "z", "origin": [10.15032, 1.02371, 8]},
			"faces": {
				"north": {"uv": [2.625, 9.5, 4.875, 12], "texture": "#1"},
				"east": {"uv": [2.625, 9.5, 4.875, 12], "texture": "#1"},
				"south": {"uv": [2.625, 9.5, 4.875, 12], "texture": "#1"},
				"west": {"uv": [2.625, 9.5, 4.875, 12], "texture": "#1"},
				"up": {"uv": [2.625, 9.5, 4.875, 12], "texture": "#1"},
				"down": {"uv": [2.625, 9.5, 4.875, 12], "texture": "#1"}
			}
		},
		{
			"name": "2",
			"from": [9.67081, 7.66755, 8.0625],
			"to": [9.76456, 8.04255, 8.4375],
			"rotation": {"angle": 0, "axis": "z", "origin": [10.15032, 1.02371, 8]},
			"faces": {
				"north": {"uv": [11, 2.75, 13.25, 5.25], "texture": "#1"},
				"east": {"uv": [11, 2.75, 13.25, 5.25], "texture": "#1"},
				"south": {"uv": [11, 2.75, 13.25, 5.25], "texture": "#1"},
				"west": {"uv": [11, 2.75, 13.25, 5.25], "texture": "#1"},
				"up": {"uv": [11, 2.75, 13.25, 5.25], "texture": "#1"},
				"down": {"uv": [11, 2.75, 13.25, 5.25], "texture": "#1"}
			}
		},
		{
			"name": "2",
			"from": [9.63956, 7.6988, 8.09375],
			"to": [9.73331, 8.0113, 8.40625],
			"rotation": {"angle": 0, "axis": "z", "origin": [10.15032, 1.02371, 8]},
			"faces": {
				"north": {"uv": [11, 2.75, 13.25, 5.25], "texture": "#1"},
				"east": {"uv": [11, 2.75, 13.25, 5.25], "texture": "#1"},
				"south": {"uv": [11, 2.75, 13.25, 5.25], "texture": "#1"},
				"west": {"uv": [11, 2.75, 13.25, 5.25], "texture": "#1"},
				"up": {"uv": [11, 2.75, 13.25, 5.25], "texture": "#1"},
				"down": {"uv": [11, 2.75, 13.25, 5.25], "texture": "#1"}
			}
		},
		{
			"name": "2",
			"from": [10.26456, 7.6988, 8.09375],
			"to": [10.42081, 8.0113, 8.40625],
			"rotation": {"angle": 0, "axis": "z", "origin": [10.15032, 1.02371, 8]},
			"faces": {
				"north": {"uv": [2.625, 9.5, 4.875, 12], "texture": "#1"},
				"east": {"uv": [2.625, 9.5, 4.875, 12], "texture": "#1"},
				"south": {"uv": [2.625, 9.5, 4.875, 12], "texture": "#1"},
				"west": {"uv": [2.625, 9.5, 4.875, 12], "texture": "#1"},
				"up": {"uv": [2.625, 9.5, 4.875, 12], "texture": "#1"},
				"down": {"uv": [2.625, 9.5, 4.875, 12], "texture": "#1"}
			}
		},
		{
			"name": "2",
			"from": [10.42081, 7.66755, 8.0625],
			"to": [10.51456, 8.04255, 8.4375],
			"rotation": {"angle": 0, "axis": "z", "origin": [10.15032, 1.02371, 8]},
			"faces": {
				"north": {"uv": [2.625, 9.5, 4.875, 12], "texture": "#1"},
				"east": {"uv": [2.625, 9.5, 4.875, 12], "texture": "#1"},
				"south": {"uv": [2.625, 9.5, 4.875, 12], "texture": "#1"},
				"west": {"uv": [2.625, 9.5, 4.875, 12], "texture": "#1"},
				"up": {"uv": [2.625, 9.5, 4.875, 12], "texture": "#1"},
				"down": {"uv": [2.625, 9.5, 4.875, 12], "texture": "#1"}
			}
		},
		{
			"name": "3",
			"from": [9.57706, 7.1363, 8.15625],
			"to": [9.67081, 7.3238, 8.34375],
			"rotation": {"angle": 0, "axis": "z", "origin": [10.15032, 1.02371, 8]},
			"faces": {
				"north": {"uv": [11, 2.75, 13.25, 5.25], "texture": "#1"},
				"east": {"uv": [11, 2.75, 13.25, 5.25], "texture": "#1"},
				"south": {"uv": [11, 2.75, 13.25, 5.25], "texture": "#1"},
				"west": {"uv": [11, 2.75, 13.25, 5.25], "texture": "#1"},
				"up": {"uv": [11, 2.75, 13.25, 5.25], "texture": "#1"},
				"down": {"uv": [11, 2.75, 13.25, 5.25], "texture": "#1"}
			}
		},
		{
			"name": "3",
			"from": [9.60831, 7.10505, 8.125],
			"to": [9.70206, 7.35505, 8.375],
			"rotation": {"angle": 0, "axis": "z", "origin": [10.15032, 1.02371, 8]},
			"faces": {
				"north": {"uv": [11, 2.75, 13.25, 5.25], "texture": "#1"},
				"east": {"uv": [11, 2.75, 13.25, 5.25], "texture": "#1"},
				"south": {"uv": [11, 2.75, 13.25, 5.25], "texture": "#1"},
				"west": {"uv": [11, 2.75, 13.25, 5.25], "texture": "#1"},
				"up": {"uv": [11, 2.75, 13.25, 5.25], "texture": "#1"},
				"down": {"uv": [11, 2.75, 13.25, 5.25], "texture": "#1"}
			}
		},
		{
			"name": "3",
			"from": [9.63956, 7.0738, 8.09375],
			"to": [9.73331, 7.3863, 8.40625],
			"rotation": {"angle": 0, "axis": "z", "origin": [10.15032, 1.02371, 8]},
			"faces": {
				"north": {"uv": [11, 2.75, 13.25, 5.25], "texture": "#1"},
				"east": {"uv": [11, 2.75, 13.25, 5.25], "texture": "#1"},
				"south": {"uv": [11, 2.75, 13.25, 5.25], "texture": "#1"},
				"west": {"uv": [11, 2.75, 13.25, 5.25], "texture": "#1"},
				"up": {"uv": [11, 2.75, 13.25, 5.25], "texture": "#1"},
				"down": {"uv": [11, 2.75, 13.25, 5.25], "texture": "#1"}
			}
		},
		{
			"name": "3",
			"from": [9.67081, 7.04255, 8.0625],
			"to": [9.76456, 7.41755, 8.4375],
			"rotation": {"angle": 0, "axis": "z", "origin": [10.15032, 1.02371, 8]},
			"faces": {
				"north": {"uv": [11, 2.75, 13.25, 5.25], "texture": "#1"},
				"east": {"uv": [11, 2.75, 13.25, 5.25], "texture": "#1"},
				"south": {"uv": [11, 2.75, 13.25, 5.25], "texture": "#1"},
				"west": {"uv": [11, 2.75, 13.25, 5.25], "texture": "#1"},
				"up": {"uv": [11, 2.75, 13.25, 5.25], "texture": "#1"},
				"down": {"uv": [11, 2.75, 13.25, 5.25], "texture": "#1"}
			}
		},
		{
			"name": "3",
			"from": [9.76456, 7.04255, 8.0625],
			"to": [10.38956, 7.41755, 8.4375],
			"rotation": {"angle": 0, "axis": "z", "origin": [10.15032, 1.02371, 8]},
			"faces": {
				"north": {"uv": [2.625, 9.5, 4.875, 12], "texture": "#1"},
				"east": {"uv": [2.625, 9.5, 4.875, 12], "texture": "#1"},
				"south": {"uv": [2.625, 9.5, 4.875, 12], "texture": "#1"},
				"west": {"uv": [2.625, 9.5, 4.875, 12], "texture": "#1"},
				"up": {"uv": [2.625, 9.5, 4.875, 12], "texture": "#1"},
				"down": {"uv": [2.625, 9.5, 4.875, 12], "texture": "#1"}
			}
		},
		{
			"name": "3",
			"from": [10.26456, 7.0738, 8.09375],
			"to": [10.42081, 7.3863, 8.40625],
			"rotation": {"angle": 0, "axis": "z", "origin": [10.15032, 1.02371, 8]},
			"faces": {
				"north": {"uv": [2.625, 9.5, 4.875, 12], "texture": "#1"},
				"east": {"uv": [2.625, 9.5, 4.875, 12], "texture": "#1"},
				"south": {"uv": [2.625, 9.5, 4.875, 12], "texture": "#1"},
				"west": {"uv": [2.625, 9.5, 4.875, 12], "texture": "#1"},
				"up": {"uv": [2.625, 9.5, 4.875, 12], "texture": "#1"},
				"down": {"uv": [2.625, 9.5, 4.875, 12], "texture": "#1"}
			}
		},
		{
			"name": "3",
			"from": [10.42081, 7.04255, 8.0625],
			"to": [10.51456, 7.41755, 8.4375],
			"rotation": {"angle": 0, "axis": "z", "origin": [10.15032, 1.02371, 8]},
			"faces": {
				"north": {"uv": [2.625, 9.5, 4.875, 12], "texture": "#1"},
				"east": {"uv": [2.625, 9.5, 4.875, 12], "texture": "#1"},
				"south": {"uv": [2.625, 9.5, 4.875, 12], "texture": "#1"},
				"west": {"uv": [2.625, 9.5, 4.875, 12], "texture": "#1"},
				"up": {"uv": [2.625, 9.5, 4.875, 12], "texture": "#1"},
				"down": {"uv": [2.625, 9.5, 4.875, 12], "texture": "#1"}
			}
		},
		{
			"name": "4",
			"from": [10.42081, 6.79255, 7.5625],
			"to": [10.51456, 7.16755, 7.9375],
			"rotation": {"angle": 0, "axis": "z", "origin": [10.15032, 1.02371, 8]},
			"faces": {
				"north": {"uv": [2.625, 9.5, 4.875, 12], "texture": "#1"},
				"east": {"uv": [2.625, 9.5, 4.875, 12], "texture": "#1"},
				"south": {"uv": [2.625, 9.5, 4.875, 12], "texture": "#1"},
				"west": {"uv": [2.625, 9.5, 4.875, 12], "texture": "#1"},
				"up": {"uv": [2.625, 9.5, 4.875, 12], "texture": "#1"},
				"down": {"uv": [2.625, 9.5, 4.875, 12], "texture": "#1"}
			}
		},
		{
			"name": "4",
			"from": [10.26456, 6.8238, 7.59375],
			"to": [10.42081, 7.1363, 7.90625],
			"rotation": {"angle": 0, "axis": "z", "origin": [10.15032, 1.02371, 8]},
			"faces": {
				"north": {"uv": [2.625, 9.5, 4.875, 12], "texture": "#1"},
				"east": {"uv": [2.625, 9.5, 4.875, 12], "texture": "#1"},
				"south": {"uv": [2.625, 9.5, 4.875, 12], "texture": "#1"},
				"west": {"uv": [2.625, 9.5, 4.875, 12], "texture": "#1"},
				"up": {"uv": [2.625, 9.5, 4.875, 12], "texture": "#1"},
				"down": {"uv": [2.625, 9.5, 4.875, 12], "texture": "#1"}
			}
		},
		{
			"name": "4",
			"from": [9.76456, 6.79255, 7.5625],
			"to": [10.38956, 7.16755, 7.9375],
			"rotation": {"angle": 0, "axis": "z", "origin": [10.15032, 1.02371, 8]},
			"faces": {
				"north": {"uv": [2.625, 9.5, 4.875, 12], "texture": "#1"},
				"east": {"uv": [2.625, 9.5, 4.875, 12], "texture": "#1"},
				"south": {"uv": [2.625, 9.5, 4.875, 12], "texture": "#1"},
				"west": {"uv": [2.625, 9.5, 4.875, 12], "texture": "#1"},
				"up": {"uv": [2.625, 9.5, 4.875, 12], "texture": "#1"},
				"down": {"uv": [2.625, 9.5, 4.875, 12], "texture": "#1"}
			}
		},
		{
			"name": "4",
			"from": [9.67081, 6.79255, 7.5625],
			"to": [9.76456, 7.16755, 7.9375],
			"rotation": {"angle": 0, "axis": "z", "origin": [10.15032, 1.02371, 8]},
			"faces": {
				"north": {"uv": [11, 2.75, 13.25, 5.25], "texture": "#1"},
				"east": {"uv": [11, 2.75, 13.25, 5.25], "texture": "#1"},
				"south": {"uv": [11, 2.75, 13.25, 5.25], "texture": "#1"},
				"west": {"uv": [11, 2.75, 13.25, 5.25], "texture": "#1"},
				"up": {"uv": [11, 2.75, 13.25, 5.25], "texture": "#1"},
				"down": {"uv": [11, 2.75, 13.25, 5.25], "texture": "#1"}
			}
		},
		{
			"name": "4",
			"from": [9.63956, 6.8238, 7.59375],
			"to": [9.73331, 7.1363, 7.90625],
			"rotation": {"angle": 0, "axis": "z", "origin": [10.15032, 1.02371, 8]},
			"faces": {
				"north": {"uv": [11, 2.75, 13.25, 5.25], "texture": "#1"},
				"east": {"uv": [11, 2.75, 13.25, 5.25], "texture": "#1"},
				"south": {"uv": [11, 2.75, 13.25, 5.25], "texture": "#1"},
				"west": {"uv": [11, 2.75, 13.25, 5.25], "texture": "#1"},
				"up": {"uv": [11, 2.75, 13.25, 5.25], "texture": "#1"},
				"down": {"uv": [11, 2.75, 13.25, 5.25], "texture": "#1"}
			}
		},
		{
			"name": "4",
			"from": [9.60831, 6.85505, 7.625],
			"to": [9.70206, 7.10505, 7.875],
			"rotation": {"angle": 0, "axis": "z", "origin": [10.15032, 1.02371, 8]},
			"faces": {
				"north": {"uv": [11, 2.75, 13.25, 5.25], "texture": "#1"},
				"east": {"uv": [11, 2.75, 13.25, 5.25], "texture": "#1"},
				"south": {"uv": [11, 2.75, 13.25, 5.25], "texture": "#1"},
				"west": {"uv": [11, 2.75, 13.25, 5.25], "texture": "#1"},
				"up": {"uv": [11, 2.75, 13.25, 5.25], "texture": "#1"},
				"down": {"uv": [11, 2.75, 13.25, 5.25], "texture": "#1"}
			}
		},
		{
			"name": "4",
			"from": [9.57706, 6.8863, 7.65625],
			"to": [9.67081, 7.0738, 7.84375],
			"rotation": {"angle": 0, "axis": "z", "origin": [10.15032, 1.02371, 8]},
			"faces": {
				"north": {"uv": [11, 2.75, 13.25, 5.25], "texture": "#1"},
				"east": {"uv": [11, 2.75, 13.25, 5.25], "texture": "#1"},
				"south": {"uv": [11, 2.75, 13.25, 5.25], "texture": "#1"},
				"west": {"uv": [11, 2.75, 13.25, 5.25], "texture": "#1"},
				"up": {"uv": [11, 2.75, 13.25, 5.25], "texture": "#1"},
				"down": {"uv": [11, 2.75, 13.25, 5.25], "texture": "#1"}
			}
		},
		{
			"name": "2",
			"from": [10.42081, 6.16755, 7.5625],
			"to": [10.51456, 6.54255, 7.9375],
			"rotation": {"angle": 0, "axis": "z", "origin": [10.15032, 1.02371, 8]},
			"faces": {
				"north": {"uv": [2.625, 9.5, 4.875, 12], "texture": "#1"},
				"east": {"uv": [2.625, 9.5, 4.875, 12], "texture": "#1"},
				"south": {"uv": [2.625, 9.5, 4.875, 12], "texture": "#1"},
				"west": {"uv": [2.625, 9.5, 4.875, 12], "texture": "#1"},
				"up": {"uv": [2.625, 9.5, 4.875, 12], "texture": "#1"},
				"down": {"uv": [2.625, 9.5, 4.875, 12], "texture": "#1"}
			}
		},
		{
			"name": "2",
			"from": [10.26456, 6.1988, 7.59375],
			"to": [10.42081, 6.5113, 7.90625],
			"rotation": {"angle": 0, "axis": "z", "origin": [10.15032, 1.02371, 8]},
			"faces": {
				"north": {"uv": [2.625, 9.5, 4.875, 12], "texture": "#1"},
				"east": {"uv": [2.625, 9.5, 4.875, 12], "texture": "#1"},
				"south": {"uv": [2.625, 9.5, 4.875, 12], "texture": "#1"},
				"west": {"uv": [2.625, 9.5, 4.875, 12], "texture": "#1"},
				"up": {"uv": [2.625, 9.5, 4.875, 12], "texture": "#1"},
				"down": {"uv": [2.625, 9.5, 4.875, 12], "texture": "#1"}
			}
		},
		{
			"name": "2",
			"from": [9.63956, 6.1988, 7.59375],
			"to": [9.73331, 6.5113, 7.90625],
			"rotation": {"angle": 0, "axis": "z", "origin": [10.15032, 1.02371, 8]},
			"faces": {
				"north": {"uv": [11, 2.75, 13.25, 5.25], "texture": "#1"},
				"east": {"uv": [11, 2.75, 13.25, 5.25], "texture": "#1"},
				"south": {"uv": [11, 2.75, 13.25, 5.25], "texture": "#1"},
				"west": {"uv": [11, 2.75, 13.25, 5.25], "texture": "#1"},
				"up": {"uv": [11, 2.75, 13.25, 5.25], "texture": "#1"},
				"down": {"uv": [11, 2.75, 13.25, 5.25], "texture": "#1"}
			}
		},
		{
			"name": "2",
			"from": [9.67081, 6.16755, 7.5625],
			"to": [9.76456, 6.54255, 7.9375],
			"rotation": {"angle": 0, "axis": "z", "origin": [10.15032, 1.02371, 8]},
			"faces": {
				"north": {"uv": [11, 2.75, 13.25, 5.25], "texture": "#1"},
				"east": {"uv": [11, 2.75, 13.25, 5.25], "texture": "#1"},
				"south": {"uv": [11, 2.75, 13.25, 5.25], "texture": "#1"},
				"west": {"uv": [11, 2.75, 13.25, 5.25], "texture": "#1"},
				"up": {"uv": [11, 2.75, 13.25, 5.25], "texture": "#1"},
				"down": {"uv": [11, 2.75, 13.25, 5.25], "texture": "#1"}
			}
		},
		{
			"name": "2",
			"from": [9.76456, 6.16755, 7.5625],
			"to": [10.38956, 6.54255, 7.9375],
			"rotation": {"angle": 0, "axis": "z", "origin": [10.15032, 1.02371, 8]},
			"faces": {
				"north": {"uv": [2.625, 9.5, 4.875, 12], "texture": "#1"},
				"east": {"uv": [2.625, 9.5, 4.875, 12], "texture": "#1"},
				"south": {"uv": [2.625, 9.5, 4.875, 12], "texture": "#1"},
				"west": {"uv": [2.625, 9.5, 4.875, 12], "texture": "#1"},
				"up": {"uv": [2.625, 9.5, 4.875, 12], "texture": "#1"},
				"down": {"uv": [2.625, 9.5, 4.875, 12], "texture": "#1"}
			}
		},
		{
			"name": "2",
			"from": [9.60831, 6.23005, 7.625],
			"to": [9.70206, 6.48005, 7.875],
			"rotation": {"angle": 0, "axis": "z", "origin": [10.15032, 1.02371, 8]},
			"faces": {
				"north": {"uv": [11, 2.75, 13.25, 5.25], "texture": "#1"},
				"east": {"uv": [11, 2.75, 13.25, 5.25], "texture": "#1"},
				"south": {"uv": [11, 2.75, 13.25, 5.25], "texture": "#1"},
				"west": {"uv": [11, 2.75, 13.25, 5.25], "texture": "#1"},
				"up": {"uv": [11, 2.75, 13.25, 5.25], "texture": "#1"},
				"down": {"uv": [11, 2.75, 13.25, 5.25], "texture": "#1"}
			}
		},
		{
			"name": "2",
			"from": [9.57706, 6.2613, 7.65625],
			"to": [9.67081, 6.4488, 7.84375],
			"rotation": {"angle": 0, "axis": "z", "origin": [10.15032, 1.02371, 8]},
			"faces": {
				"north": {"uv": [11, 2.75, 13.25, 5.25], "texture": "#1"},
				"east": {"uv": [11, 2.75, 13.25, 5.25], "texture": "#1"},
				"south": {"uv": [11, 2.75, 13.25, 5.25], "texture": "#1"},
				"west": {"uv": [11, 2.75, 13.25, 5.25], "texture": "#1"},
				"up": {"uv": [11, 2.75, 13.25, 5.25], "texture": "#1"},
				"down": {"uv": [11, 2.75, 13.25, 5.25], "texture": "#1"}
			}
		},
		{
			"name": "3",
			"from": [9.57706, 6.5113, 8.15625],
			"to": [9.67081, 6.6988, 8.34375],
			"rotation": {"angle": 0, "axis": "z", "origin": [10.15032, 1.02371, 8]},
			"faces": {
				"north": {"uv": [11, 2.75, 13.25, 5.25], "texture": "#1"},
				"east": {"uv": [11, 2.75, 13.25, 5.25], "texture": "#1"},
				"south": {"uv": [11, 2.75, 13.25, 5.25], "texture": "#1"},
				"west": {"uv": [11, 2.75, 13.25, 5.25], "texture": "#1"},
				"up": {"uv": [11, 2.75, 13.25, 5.25], "texture": "#1"},
				"down": {"uv": [11, 2.75, 13.25, 5.25], "texture": "#1"}
			}
		},
		{
			"name": "3",
			"from": [9.60831, 6.48005, 8.125],
			"to": [9.70206, 6.73005, 8.375],
			"rotation": {"angle": 0, "axis": "z", "origin": [10.15032, 1.02371, 8]},
			"faces": {
				"north": {"uv": [11, 2.75, 13.25, 5.25], "texture": "#1"},
				"east": {"uv": [11, 2.75, 13.25, 5.25], "texture": "#1"},
				"south": {"uv": [11, 2.75, 13.25, 5.25], "texture": "#1"},
				"west": {"uv": [11, 2.75, 13.25, 5.25], "texture": "#1"},
				"up": {"uv": [11, 2.75, 13.25, 5.25], "texture": "#1"},
				"down": {"uv": [11, 2.75, 13.25, 5.25], "texture": "#1"}
			}
		},
		{
			"name": "3",
			"from": [9.76456, 6.41755, 8.0625],
			"to": [10.38956, 6.79255, 8.4375],
			"rotation": {"angle": 0, "axis": "z", "origin": [10.15032, 1.02371, 8]},
			"faces": {
				"north": {"uv": [2.625, 9.5, 4.875, 12], "texture": "#1"},
				"east": {"uv": [2.625, 9.5, 4.875, 12], "texture": "#1"},
				"south": {"uv": [2.625, 9.5, 4.875, 12], "texture": "#1"},
				"west": {"uv": [2.625, 9.5, 4.875, 12], "texture": "#1"},
				"up": {"uv": [2.625, 9.5, 4.875, 12], "texture": "#1"},
				"down": {"uv": [2.625, 9.5, 4.875, 12], "texture": "#1"}
			}
		},
		{
			"name": "3",
			"from": [9.67081, 6.41755, 8.0625],
			"to": [9.76456, 6.79255, 8.4375],
			"rotation": {"angle": 0, "axis": "z", "origin": [10.15032, 1.02371, 8]},
			"faces": {
				"north": {"uv": [11, 2.75, 13.25, 5.25], "texture": "#1"},
				"east": {"uv": [11, 2.75, 13.25, 5.25], "texture": "#1"},
				"south": {"uv": [11, 2.75, 13.25, 5.25], "texture": "#1"},
				"west": {"uv": [11, 2.75, 13.25, 5.25], "texture": "#1"},
				"up": {"uv": [11, 2.75, 13.25, 5.25], "texture": "#1"},
				"down": {"uv": [11, 2.75, 13.25, 5.25], "texture": "#1"}
			}
		},
		{
			"name": "3",
			"from": [9.63956, 6.4488, 8.09375],
			"to": [9.73331, 6.7613, 8.40625],
			"rotation": {"angle": 0, "axis": "z", "origin": [10.15032, 1.02371, 8]},
			"faces": {
				"north": {"uv": [11, 2.75, 13.25, 5.25], "texture": "#1"},
				"east": {"uv": [11, 2.75, 13.25, 5.25], "texture": "#1"},
				"south": {"uv": [11, 2.75, 13.25, 5.25], "texture": "#1"},
				"west": {"uv": [11, 2.75, 13.25, 5.25], "texture": "#1"},
				"up": {"uv": [11, 2.75, 13.25, 5.25], "texture": "#1"},
				"down": {"uv": [11, 2.75, 13.25, 5.25], "texture": "#1"}
			}
		},
		{
			"name": "3",
			"from": [10.26456, 6.4488, 8.09375],
			"to": [10.42081, 6.7613, 8.40625],
			"rotation": {"angle": 0, "axis": "z", "origin": [10.15032, 1.02371, 8]},
			"faces": {
				"north": {"uv": [2.625, 9.5, 4.875, 12], "texture": "#1"},
				"east": {"uv": [2.625, 9.5, 4.875, 12], "texture": "#1"},
				"south": {"uv": [2.625, 9.5, 4.875, 12], "texture": "#1"},
				"west": {"uv": [2.625, 9.5, 4.875, 12], "texture": "#1"},
				"up": {"uv": [2.625, 9.5, 4.875, 12], "texture": "#1"},
				"down": {"uv": [2.625, 9.5, 4.875, 12], "texture": "#1"}
			}
		},
		{
			"name": "3",
			"from": [10.42081, 6.41755, 8.0625],
			"to": [10.51456, 6.79255, 8.4375],
			"rotation": {"angle": 0, "axis": "z", "origin": [10.15032, 1.02371, 8]},
			"faces": {
				"north": {"uv": [2.625, 9.5, 4.875, 12], "texture": "#1"},
				"east": {"uv": [2.625, 9.5, 4.875, 12], "texture": "#1"},
				"south": {"uv": [2.625, 9.5, 4.875, 12], "texture": "#1"},
				"west": {"uv": [2.625, 9.5, 4.875, 12], "texture": "#1"},
				"up": {"uv": [2.625, 9.5, 4.875, 12], "texture": "#1"},
				"down": {"uv": [2.625, 9.5, 4.875, 12], "texture": "#1"}
			}
		},
		{
			"name": "4",
			"from": [9.57706, 5.8863, 8.15625],
			"to": [9.67081, 6.0738, 8.34375],
			"rotation": {"angle": 0, "axis": "z", "origin": [10.15032, 1.02371, 8]},
			"faces": {
				"north": {"uv": [11, 2.75, 13.25, 5.25], "texture": "#1"},
				"east": {"uv": [11, 2.75, 13.25, 5.25], "texture": "#1"},
				"south": {"uv": [11, 2.75, 13.25, 5.25], "texture": "#1"},
				"west": {"uv": [11, 2.75, 13.25, 5.25], "texture": "#1"},
				"up": {"uv": [11, 2.75, 13.25, 5.25], "texture": "#1"},
				"down": {"uv": [11, 2.75, 13.25, 5.25], "texture": "#1"}
			}
		},
		{
			"name": "4",
			"from": [9.60831, 5.85505, 8.125],
			"to": [9.70206, 6.10505, 8.375],
			"rotation": {"angle": 0, "axis": "z", "origin": [10.15032, 1.02371, 8]},
			"faces": {
				"north": {"uv": [11, 2.75, 13.25, 5.25], "texture": "#1"},
				"east": {"uv": [11, 2.75, 13.25, 5.25], "texture": "#1"},
				"south": {"uv": [11, 2.75, 13.25, 5.25], "texture": "#1"},
				"west": {"uv": [11, 2.75, 13.25, 5.25], "texture": "#1"},
				"up": {"uv": [11, 2.75, 13.25, 5.25], "texture": "#1"},
				"down": {"uv": [11, 2.75, 13.25, 5.25], "texture": "#1"}
			}
		},
		{
			"name": "4",
			"from": [9.63956, 5.8238, 8.09375],
			"to": [9.73331, 6.1363, 8.40625],
			"rotation": {"angle": 0, "axis": "z", "origin": [10.15032, 1.02371, 8]},
			"faces": {
				"north": {"uv": [11, 2.75, 13.25, 5.25], "texture": "#1"},
				"east": {"uv": [11, 2.75, 13.25, 5.25], "texture": "#1"},
				"south": {"uv": [11, 2.75, 13.25, 5.25], "texture": "#1"},
				"west": {"uv": [11, 2.75, 13.25, 5.25], "texture": "#1"},
				"up": {"uv": [11, 2.75, 13.25, 5.25], "texture": "#1"},
				"down": {"uv": [11, 2.75, 13.25, 5.25], "texture": "#1"}
			}
		},
		{
			"name": "4",
			"from": [9.67081, 5.79255, 8.0625],
			"to": [9.76456, 6.16755, 8.4375],
			"rotation": {"angle": 0, "axis": "z", "origin": [10.15032, 1.02371, 8]},
			"faces": {
				"north": {"uv": [11, 2.75, 13.25, 5.25], "texture": "#1"},
				"east": {"uv": [11, 2.75, 13.25, 5.25], "texture": "#1"},
				"south": {"uv": [11, 2.75, 13.25, 5.25], "texture": "#1"},
				"west": {"uv": [11, 2.75, 13.25, 5.25], "texture": "#1"},
				"up": {"uv": [11, 2.75, 13.25, 5.25], "texture": "#1"},
				"down": {"uv": [11, 2.75, 13.25, 5.25], "texture": "#1"}
			}
		},
		{
			"name": "4",
			"from": [9.76456, 5.79255, 8.0625],
			"to": [10.38956, 6.16755, 8.4375],
			"rotation": {"angle": 0, "axis": "z", "origin": [10.15032, 1.02371, 8]},
			"faces": {
				"north": {"uv": [2.625, 9.5, 4.875, 12], "texture": "#1"},
				"east": {"uv": [2.625, 9.5, 4.875, 12], "texture": "#1"},
				"south": {"uv": [2.625, 9.5, 4.875, 12], "texture": "#1"},
				"west": {"uv": [2.625, 9.5, 4.875, 12], "texture": "#1"},
				"up": {"uv": [2.625, 9.5, 4.875, 12], "texture": "#1"},
				"down": {"uv": [2.625, 9.5, 4.875, 12], "texture": "#1"}
			}
		},
		{
			"name": "4",
			"from": [10.26456, 5.8238, 8.09375],
			"to": [10.42081, 6.1363, 8.40625],
			"rotation": {"angle": 0, "axis": "z", "origin": [10.15032, 1.02371, 8]},
			"faces": {
				"north": {"uv": [2.625, 9.5, 4.875, 12], "texture": "#1"},
				"east": {"uv": [2.625, 9.5, 4.875, 12], "texture": "#1"},
				"south": {"uv": [2.625, 9.5, 4.875, 12], "texture": "#1"},
				"west": {"uv": [2.625, 9.5, 4.875, 12], "texture": "#1"},
				"up": {"uv": [2.625, 9.5, 4.875, 12], "texture": "#1"},
				"down": {"uv": [2.625, 9.5, 4.875, 12], "texture": "#1"}
			}
		},
		{
			"name": "4",
			"from": [10.42081, 5.79255, 8.0625],
			"to": [10.51456, 6.16755, 8.4375],
			"rotation": {"angle": 0, "axis": "z", "origin": [10.15032, 1.02371, 8]},
			"faces": {
				"north": {"uv": [2.625, 9.5, 4.875, 12], "texture": "#1"},
				"east": {"uv": [2.625, 9.5, 4.875, 12], "texture": "#1"},
				"south": {"uv": [2.625, 9.5, 4.875, 12], "texture": "#1"},
				"west": {"uv": [2.625, 9.5, 4.875, 12], "texture": "#1"},
				"up": {"uv": [2.625, 9.5, 4.875, 12], "texture": "#1"},
				"down": {"uv": [2.625, 9.5, 4.875, 12], "texture": "#1"}
			}
		},
		{
			"name": "5",
			"from": [10.42081, 5.54255, 7.5625],
			"to": [10.51456, 5.91755, 7.9375],
			"rotation": {"angle": 0, "axis": "z", "origin": [10.15032, 1.02371, 8]},
			"faces": {
				"north": {"uv": [2.625, 9.5, 4.875, 12], "texture": "#1"},
				"east": {"uv": [2.625, 9.5, 4.875, 12], "texture": "#1"},
				"south": {"uv": [2.625, 9.5, 4.875, 12], "texture": "#1"},
				"west": {"uv": [2.625, 9.5, 4.875, 12], "texture": "#1"},
				"up": {"uv": [2.625, 9.5, 4.875, 12], "texture": "#1"},
				"down": {"uv": [2.625, 9.5, 4.875, 12], "texture": "#1"}
			}
		},
		{
			"name": "5",
			"from": [10.26456, 5.5738, 7.59375],
			"to": [10.42081, 5.8863, 7.90625],
			"rotation": {"angle": 0, "axis": "z", "origin": [10.15032, 1.02371, 8]},
			"faces": {
				"north": {"uv": [2.625, 9.5, 4.875, 12], "texture": "#1"},
				"east": {"uv": [2.625, 9.5, 4.875, 12], "texture": "#1"},
				"south": {"uv": [2.625, 9.5, 4.875, 12], "texture": "#1"},
				"west": {"uv": [2.625, 9.5, 4.875, 12], "texture": "#1"},
				"up": {"uv": [2.625, 9.5, 4.875, 12], "texture": "#1"},
				"down": {"uv": [2.625, 9.5, 4.875, 12], "texture": "#1"}
			}
		},
		{
			"name": "5",
			"from": [9.76456, 5.54255, 7.5625],
			"to": [10.38956, 5.91755, 7.9375],
			"rotation": {"angle": 0, "axis": "z", "origin": [10.15032, 1.02371, 8]},
			"faces": {
				"north": {"uv": [2.625, 9.5, 4.875, 12], "texture": "#1"},
				"east": {"uv": [2.625, 9.5, 4.875, 12], "texture": "#1"},
				"south": {"uv": [2.625, 9.5, 4.875, 12], "texture": "#1"},
				"west": {"uv": [2.625, 9.5, 4.875, 12], "texture": "#1"},
				"up": {"uv": [2.625, 9.5, 4.875, 12], "texture": "#1"},
				"down": {"uv": [2.625, 9.5, 4.875, 12], "texture": "#1"}
			}
		},
		{
			"name": "5",
			"from": [9.67081, 5.54255, 7.5625],
			"to": [9.76456, 5.91755, 7.9375],
			"rotation": {"angle": 0, "axis": "z", "origin": [10.15032, 1.02371, 8]},
			"faces": {
				"north": {"uv": [11, 2.75, 13.25, 5.25], "texture": "#1"},
				"east": {"uv": [11, 2.75, 13.25, 5.25], "texture": "#1"},
				"south": {"uv": [11, 2.75, 13.25, 5.25], "texture": "#1"},
				"west": {"uv": [11, 2.75, 13.25, 5.25], "texture": "#1"},
				"up": {"uv": [11, 2.75, 13.25, 5.25], "texture": "#1"},
				"down": {"uv": [11, 2.75, 13.25, 5.25], "texture": "#1"}
			}
		},
		{
			"name": "5",
			"from": [9.63956, 5.5738, 7.59375],
			"to": [9.73331, 5.8863, 7.90625],
			"rotation": {"angle": 0, "axis": "z", "origin": [10.15032, 1.02371, 8]},
			"faces": {
				"north": {"uv": [11, 2.75, 13.25, 5.25], "texture": "#1"},
				"east": {"uv": [11, 2.75, 13.25, 5.25], "texture": "#1"},
				"south": {"uv": [11, 2.75, 13.25, 5.25], "texture": "#1"},
				"west": {"uv": [11, 2.75, 13.25, 5.25], "texture": "#1"},
				"up": {"uv": [11, 2.75, 13.25, 5.25], "texture": "#1"},
				"down": {"uv": [11, 2.75, 13.25, 5.25], "texture": "#1"}
			}
		},
		{
			"name": "5",
			"from": [9.60831, 5.60505, 7.625],
			"to": [9.70206, 5.85505, 7.875],
			"rotation": {"angle": 0, "axis": "z", "origin": [10.15032, 1.02371, 8]},
			"faces": {
				"north": {"uv": [11, 2.75, 13.25, 5.25], "texture": "#1"},
				"east": {"uv": [11, 2.75, 13.25, 5.25], "texture": "#1"},
				"south": {"uv": [11, 2.75, 13.25, 5.25], "texture": "#1"},
				"west": {"uv": [11, 2.75, 13.25, 5.25], "texture": "#1"},
				"up": {"uv": [11, 2.75, 13.25, 5.25], "texture": "#1"},
				"down": {"uv": [11, 2.75, 13.25, 5.25], "texture": "#1"}
			}
		},
		{
			"name": "5",
			"from": [9.57706, 5.6363, 7.65625],
			"to": [9.67081, 5.8238, 7.84375],
			"rotation": {"angle": 0, "axis": "z", "origin": [10.15032, 1.02371, 8]},
			"faces": {
				"north": {"uv": [11, 2.75, 13.25, 5.25], "texture": "#1"},
				"east": {"uv": [11, 2.75, 13.25, 5.25], "texture": "#1"},
				"south": {"uv": [11, 2.75, 13.25, 5.25], "texture": "#1"},
				"west": {"uv": [11, 2.75, 13.25, 5.25], "texture": "#1"},
				"up": {"uv": [11, 2.75, 13.25, 5.25], "texture": "#1"},
				"down": {"uv": [11, 2.75, 13.25, 5.25], "texture": "#1"}
			}
		}
	],
	"display": {
		"thirdperson_righthand": {
			"rotation": [10, -90, 0],
			"translation": [0, 2.25, -0.5],
			"scale": [0.6, 0.6, 0.6]
		},
		"thirdperson_lefthand": {
			"rotation": [10, -90, 0],
			"translation": [0, 2.25, -0.5],
			"scale": [-0.6, 0.6, -0.6]
		},
		"firstperson_righthand": {
			"rotation": [0, -90, -9],
			"translation": [-4.75, 6.25, 2.75]
		},
		"firstperson_lefthand": {
			"rotation": [0, -90, -9],
			"translation": [-4.75, 6.25, 2.75],
			"scale": [-1, 1, -1]
		},
		"ground": {
			"rotation": [-90, 0, 0],
			"translation": [0.5, -0.5, 0],
			"scale": [0.4, 0.4, 0.4]
		},
		"gui": {
			"rotation": [30, 45, 0],
			"translation": [-2.5, 5.5, 0],
			"scale": [1.5, 1.5, 1.5]
		},
		"head": {
			"rotation": [0, 0, -45],
			"translation": [0, -16.5, 4.25],
			"scale": [0.75, 0.75, 0.75]
		},
		"fixed": {
			"rotation": [0, -180, 0],
			"translation": [1.25, 4, -1],
			"scale": [0.65, 0.65, 0.65]
		}
	},
	"groups": [0, 1, 2, 3, 4, 5, 6, 7,
		{
			"name": "bullets",
			"origin": [10.15032, 1.02371, 8],
			"children": [8, 9, 10, 11, 12, 13, 14, 15, 16, 17, 18, 19, 20, 21, 22, 23, 24, 25, 26, 27, 28, 29, 30, 31, 32, 33, 34, 35]
		},
		{
			"name": "bullets",
			"origin": [10.15032, 1.02371, 8],
			"children": [36, 37, 38, 39, 40, 41, 42, 43, 44, 45, 46, 47, 48, 49, 50, 51, 52, 53, 54, 55, 56, 57, 58, 59, 60, 61, 62, 63]
		}
	]
}